simplified,age,noncurrent_assets,fixed_assets,current_assets,inventories,receivables,cash,equity,longterm_liabilities,shortterm_liabilities,payables,total_assets,revenue,cost_of_sales,gross_profit,operating_profit,pretax_profit,net_profit,income_tax
1.0,21.0,50.0,0.0,4445.0,,,188.0,3862.0,,633.0,633.0,4495.0,3222.0,-3737.0,,-515.0,-317.0,-482.0,-165.0
1.0,21.0,,,1205.0,295.0,,141.0,1138.0,,67.0,67.0,1205.0,1220.0,-1202.0,,18.0,37.0,28.0,-9.0
0.0,21.0,0.0,,18.0,,0.0,18.0,18.0,0.0,0.0,0.0,18.0,363.0,-341.0,22.0,22.0,22.0,22.0,0.0
1.0,21.0,791.0,791.0,12369.0,3037.0,,262.0,10247.0,,2913.0,2913.0,13160.0,91438.0,-82920.0,,8518.0,9510.0,6286.0,-3224.0
1.0,21.0,,,3397.0,,,2367.0,,,2046.0,2046.0,3397.0,,,,,,,
1.0,21.0,10.0,10.0,1353.0,52.0,,557.0,1279.0,,84.0,84.0,1363.0,11300.0,-9602.0,,1698.0,1604.0,1269.0,-335.0
1.0,21.0,7490.0,7490.0,10530.0,4806.0,,109.0,15885.0,,2135.0,2135.0,18021.0,11762.0,-12709.0,,-947.0,-681.0,-859.0,-178.0
0.0,21.0,0.0,,495.0,95.0,,400.0,495.0,0.0,0.0,,495.0,2855.0,-1968.0,887.0,715.0,671.0,500.0,-171.0
1.0,21.0,476.0,476.0,3805.0,0.0,,0.0,2221.0,,2061.0,1125.0,4282.0,7323.0,-6879.0,,444.0,414.0,177.0,-237.0
1.0,21.0,1950.0,1950.0,589.0,93.0,,496.0,187.0,,2352.0,2352.0,2539.0,1356.0,-1196.0,,160.0,160.0,64.0,-96.0
0.0,21.0,10649.0,2791.0,8735.0,17.0,2367.0,809.0,17143.0,0.0,2241.0,2241.0,19384.0,52462.0,-49548.0,2914.0,2914.0,2574.0,2308.0,-266.0
1.0,21.0,,,1347.0,394.0,,85.0,982.0,,365.0,365.0,1347.0,2104.0,-2074.0,,30.0,6.0,5.0,-1.0
1.0,21.0,753.0,753.0,10226.0,6.0,,0.0,-378.0,1796.0,9561.0,9191.0,10979.0,0.0,0.0,,,0.0,0.0,0.0
0.0,21.0,,,1159.0,1138.0,18.0,,76.0,,1083.0,945.0,1159.0,,,,,,,
0.0,21.0,991.0,991.0,8044.0,60.0,76.0,7908.0,8730.0,0.0,305.0,305.0,9035.0,15411.0,-15411.0,0.0,0.0,0.0,0.0,
1.0,21.0,3953.0,3953.0,38862.0,19788.0,,6.0,4340.0,838.0,37637.0,37637.0,42815.0,49737.0,-49318.0,,419.0,672.0,103.0,-569.0
0.0,21.0,2192370.0,1907018.0,676721.0,137590.0,523920.0,690.0,120858.0,1306563.0,1441669.0,1074623.0,2869091.0,4303312.0,-3112151.0,1191161.0,948646.0,484257.0,413572.0,-70685.0
0.0,21.0,0.0,0.0,0.0,0.0,0.0,0.0,0.0,0.0,0.0,0.0,0.0,0.0,0.0,0.0,0.0,-1568.0,-1568.0,0.0
1.0,21.0,0.0,,4694.0,3595.0,,44.0,70.0,,4624.0,4624.0,4694.0,4037.0,-3535.0,,502.0,291.0,60.0,-231.0
0.0,21.0,2155.0,1918.0,56497.0,224.0,53663.0,2610.0,8771.0,,49881.0,8784.0,58652.0,136489.0,-129135.0,7354.0,7354.0,-2882.0,-2882.0,
0.0,21.0,,,189.0,90.0,,14.0,0.0,0.0,189.0,188.0,189.0,,,,,,,
1.0,21.0,,,7646.0,,,58.0,1632.0,,6014.0,6014.0,7646.0,15975.0,-14354.0,,1621.0,1523.0,564.0,-959.0
1.0,21.0,2553.0,2553.0,1018.0,,,78.0,-560.0,,4131.0,4131.0,3571.0,1116.0,-663.0,,453.0,425.0,384.0,-41.0
0.0,21.0,4633.0,4633.0,106.0,4.0,97.0,5.0,4715.0,0.0,24.0,24.0,4739.0,266.0,-1142.0,-876.0,-876.0,-924.0,-931.0,-7.0
1.0,21.0,,,7365.0,,,3367.0,7239.0,17.0,109.0,109.0,7365.0,2495.0,-4039.0,,-1544.0,-1874.0,-2171.0,-297.0
0.0,21.0,2360706.0,2051828.0,3694756.0,959679.0,2639210.0,95552.0,3479681.0,413794.0,2161987.0,1866752.0,6055462.0,12614091.0,-11795650.0,818441.0,460824.0,425948.0,307816.0,-118132.0
1.0,21.0,11104.0,11104.0,1255.0,,,502.0,11465.0,,894.0,894.0,12359.0,12853.0,-8925.0,,3928.0,3867.0,3487.0,-380.0
1.0,21.0,4345.0,4345.0,16830.0,3429.0,,776.0,7186.0,6483.0,7505.0,7095.0,21174.0,47127.0,-42671.0,,4456.0,2687.0,1282.0,-1405.0
1.0,21.0,0.0,0.0,10.0,0.0,,10.0,10.0,,0.0,0.0,10.0,0.0,0.0,,,0.0,0.0,
0.0,21.0,,,10.0,,,10.0,10.0,,,,10.0,,,,-10.0,-10.0,-10.0,
1.0,21.0,4850.0,4850.0,1800.0,1749.0,,12.0,2117.0,2671.0,1862.0,1862.0,6650.0,6950.0,-6422.0,,528.0,469.0,399.0,-70.0
1.0,21.0,,,9323.0,2330.0,,15.0,1922.0,,7401.0,7401.0,9323.0,10731.0,-11186.0,,-455.0,-505.0,-517.0,-12.0
1.0,21.0,0.0,0.0,484.0,174.0,,10.0,444.0,,40.0,40.0,484.0,1285.0,-1200.0,,85.0,36.0,21.0,-15.0
0.0,21.0,,,109.0,,109.0,0.0,11.0,109.0,,,109.0,5142.0,,5142.0,55.0,55.0,1.0,0.0
1.0,21.0,,,19.0,,,1.0,19.0,,0.0,0.0,19.0,,-200.0,,-200.0,-200.0,-200.0,
1.0,21.0,0.0,0.0,1381.0,689.0,,490.0,1319.0,,62.0,62.0,1381.0,4465.0,-3486.0,,979.0,851.0,683.0,-168.0
0.0,21.0,80523.0,80513.0,72991.0,0.0,28675.0,44316.0,152995.0,0.0,519.0,519.0,153514.0,27100.0,-41215.0,-14115.0,-14115.0,-13070.0,-14350.0,-1280.0
1.0,21.0,0.0,0.0,3615.0,1764.0,,1.0,328.0,,3287.0,3231.0,3615.0,1441.0,-1556.0,,-115.0,0.0,0.0,0.0
0.0,21.0,11421.0,11421.0,62628.0,568.0,58217.0,2770.0,17438.0,10684.0,45927.0,42827.0,74049.0,176656.0,-169301.0,7355.0,7355.0,4430.0,2875.0,-1555.0
1.0,21.0,0.0,0.0,5723.0,521.0,,121.0,-2344.0,,8067.0,8067.0,5723.0,27629.0,-19220.0,,8409.0,7509.0,6248.0,-1261.0
1.0,21.0,10538.0,10538.0,19072.0,17518.0,,569.0,27333.0,0.0,2277.0,2277.0,29610.0,62995.0,-57417.0,,5578.0,3552.0,1660.0,-1892.0
1.0,21.0,14.0,,1.0,0.0,,1.0,10.0,,5.0,5.0,15.0,864.0,-255.0,,609.0,609.0,609.0,
0.0,21.0,12492.0,12492.0,18274.0,0.0,6053.0,12221.0,30422.0,0.0,344.0,344.0,30766.0,4269.0,-855.0,3414.0,-1070.0,-1154.0,-1354.0,-200.0
0.0,21.0,79633.0,38180.0,91895.0,21737.0,4265.0,15051.0,156786.0,0.0,14742.0,14742.0,171528.0,132110.0,-109135.0,22975.0,-9683.0,4392.0,3372.0,-1020.0
0.0,21.0,17092.0,17092.0,46565.0,4396.0,7708.0,19367.0,58244.0,2020.0,3393.0,3393.0,63657.0,37982.0,-21737.0,16245.0,722.0,-589.0,-1717.0,-1128.0
0.0,21.0,,,25.0,,1.0,24.0,0.0,,25.0,25.0,25.0,,,,,,,
1.0,20.0,,,683.0,0.0,,393.0,652.0,24.0,7.0,7.0,683.0,475.0,-332.0,,143.0,130.0,116.0,-14.0
1.0,20.0,17.0,,237.0,,,211.0,-861.0,0.0,1115.0,1115.0,254.0,4116.0,-4042.0,,74.0,68.0,27.0,-41.0
1.0,20.0,,,7342.0,7234.0,,45.0,7325.0,,17.0,17.0,7342.0,849.0,-309.0,,540.0,6538.0,4903.0,-1635.0
1.0,20.0,456.0,456.0,5546.0,,,276.0,5856.0,,147.0,147.0,6002.0,16689.0,-14429.0,,2260.0,2164.0,1912.0,-252.0
1.0,20.0,,,936.0,,,490.0,,,712.0,712.0,936.0,3555.0,-3292.0,,263.0,263.0,224.0,-39.0
0.0,20.0,,,203.0,,,203.0,103.0,,100.0,100.0,203.0,1186.0,,1186.0,98.0,98.0,98.0,
1.0,20.0,3190.0,3190.0,102067.0,98791.0,,787.0,32301.0,20927.0,52029.0,51939.0,105257.0,256269.0,-246172.0,,10097.0,9452.0,6550.0,-2902.0
1.0,20.0,,,423.0,,,29.0,423.0,,0.0,0.0,423.0,306.0,-302.0,,4.0,4.0,-5.0,-9.0
1.0,20.0,,,91.0,,,91.0,,,0.0,0.0,91.0,,,,,,,
1.0,20.0,7295.0,7295.0,2010.0,,,576.0,9235.0,,70.0,70.0,9305.0,4823.0,-4487.0,,336.0,-420.0,-570.0,-150.0
1.0,20.0,9845.0,5845.0,45987.0,138.0,,1658.0,48070.0,,7762.0,7762.0,55832.0,16190.0,-10398.0,,5792.0,6906.0,6401.0,-505.0
0.0,20.0,9117.0,9117.0,3862.0,1724.0,1872.0,172.0,3304.0,,9674.0,4314.0,12978.0,271.0,,271.0,-2832.0,1225.0,1099.0,-126.0
1.0,20.0,,,685.0,134.0,,38.0,-1319.0,,2004.0,2004.0,685.0,3976.0,-4643.0,,-667.0,-591.0,-710.0,-119.0
0.0,20.0,0.0,0.0,1337.0,972.0,303.0,62.0,,0.0,641.0,641.0,1337.0,1207.0,-1705.0,-498.0,-498.0,-425.0,-468.0,-43.0
0.0,20.0,0.0,,10.0,,10.0,,10.0,0.0,0.0,,10.0,0.0,,0.0,0.0,0.0,0.0,
1.0,20.0,,,10.0,10.0,,,10.0,,,,10.0,,,,,,,
1.0,20.0,10.0,,50.0,,,50.0,10.0,,50.0,,60.0,50.0,-58.0,,-8.0,-8.0,-9.0,-1.0
1.0,20.0,10844.0,9944.0,2161.0,,,36.0,11260.0,,1745.0,1745.0,13005.0,17846.0,-20243.0,,-2397.0,-2585.0,-3121.0,-536.0
1.0,20.0,13824.0,,136311.0,616.0,,1082.0,76335.0,56017.0,17784.0,16673.0,150136.0,127523.0,-104799.0,,22724.0,15165.0,13714.0,-1451.0
1.0,20.0,,,4150.0,376.0,,1754.0,3296.0,,854.0,854.0,4150.0,38619.0,-38106.0,,513.0,299.0,-972.0,-1271.0
0.0,20.0,904.0,,163.0,,0.0,163.0,1066.0,,1.0,1.0,1067.0,21.0,,21.0,8.0,8.0,9.0,0.0
1.0,20.0,,,4.0,,,4.0,,,,,4.0,,,,,,,
0.0,20.0,51799.0,51341.0,77825.0,32877.0,44566.0,144.0,19203.0,0.0,110421.0,110421.0,129624.0,594740.0,-460995.0,133745.0,-4366.0,-4300.0,-4324.0,-24.0
1.0,20.0,,,10.0,10.0,,,10.0,,,,10.0,112.0,-104.0,,8.0,1.0,0.0,-1.0
1.0,20.0,15861.0,375.0,1593.0,0.0,,108.0,13559.0,428.0,3468.0,3468.0,17455.0,8632.0,-9473.0,,-841.0,-2263.0,-3424.0,-1161.0
1.0,20.0,0.0,0.0,3467.0,28.0,,74.0,728.0,0.0,2739.0,2739.0,3467.0,2652.0,-3564.0,,-912.0,-7395.0,-7401.0,-6.0
1.0,20.0,717.0,717.0,4592.0,5.0,,66.0,4799.0,,510.0,510.0,5309.0,936.0,-952.0,,-16.0,-36.0,-65.0,-29.0
1.0,20.0,,,1722.0,,,3.0,1704.0,,18.0,18.0,1722.0,1200.0,-1064.0,,136.0,122.0,122.0,
1.0,20.0,,,83.0,19.0,,64.0,71.0,,12.0,,83.0,1572.0,-1499.0,,73.0,26.0,26.0,0.0
1.0,20.0,,,26781.0,546.0,,90.0,12059.0,5602.0,9120.0,8977.0,26781.0,608.0,-714.0,,-106.0,32.0,24.0,-8.0
1.0,20.0,435.0,435.0,2742.0,2481.0,,261.0,3089.0,,88.0,88.0,3177.0,24391.0,-23944.0,,447.0,447.0,181.0,-266.0
1.0,20.0,,,3364.0,24.0,,834.0,2642.0,,722.0,722.0,3364.0,34227.0,-32468.0,,1759.0,1753.0,1401.0,-352.0
1.0,20.0,6390.0,6390.0,5628.0,,,4605.0,10471.0,,1547.0,1547.0,12018.0,4354.0,-2160.0,,2194.0,2176.0,1898.0,-278.0
1.0,20.0,10.0,0.0,427.0,0.0,,287.0,416.0,0.0,21.0,21.0,437.0,1660.0,-1399.0,,261.0,229.0,148.0,-81.0
0.0,20.0,0.0,,4160.0,3041.0,1111.0,8.0,855.0,0.0,3305.0,3305.0,4160.0,1127.0,-17.0,1110.0,53.0,14.0,11.0,-3.0
1.0,20.0,257.0,257.0,20554.0,2.0,,17664.0,,,3382.0,3382.0,20811.0,11614.0,-7801.0,,3813.0,5882.0,5776.0,-106.0
1.0,20.0,0.0,0.0,43246.0,1930.0,,4256.0,42847.0,0.0,399.0,399.0,43246.0,15810.0,-12434.0,,3376.0,25383.0,24159.0,-1224.0
0.0,20.0,0.0,0.0,1319.0,1301.0,0.0,18.0,994.0,0.0,325.0,325.0,1319.0,4419.0,-2430.0,1989.0,41.0,41.0,-91.0,-132.0
1.0,20.0,963.0,963.0,7681.0,181.0,,3707.0,7472.0,,1172.0,1172.0,8644.0,28875.0,-25610.0,,3265.0,3327.0,2533.0,-794.0
1.0,20.0,0.0,0.0,158.0,,,0.0,158.0,,0.0,0.0,158.0,175.0,0.0,,175.0,159.0,148.0,-11.0
0.0,20.0,0.0,,1857.0,647.0,627.0,476.0,1170.0,0.0,687.0,2.0,1857.0,5336.0,-4811.0,525.0,525.0,181.0,136.0,-45.0
0.0,20.0,,,683.0,10.0,,673.0,683.0,,,,683.0,13548.0,-12875.0,673.0,673.0,673.0,673.0,
0.0,20.0,25220.0,25220.0,113411.0,36117.0,32997.0,8483.0,122649.0,985.0,14997.0,14997.0,138631.0,69027.0,-47991.0,21036.0,10587.0,18118.0,13727.0,-4391.0
1.0,20.0,,,105.0,,,103.0,20.0,,85.0,85.0,105.0,,,,,,,
1.0,20.0,1356.0,1356.0,10534.0,796.0,,7340.0,11589.0,,301.0,301.0,11890.0,26704.0,-23830.0,,2874.0,2790.0,2060.0,-730.0
1.0,20.0,10859.0,10853.0,64530.0,3212.0,,3891.0,62651.0,3060.0,9678.0,9678.0,75389.0,158444.0,-145647.0,,12797.0,10611.0,6830.0,-3781.0
1.0,20.0,,,776.0,,,512.0,696.0,,80.0,80.0,776.0,22203.0,-21953.0,,250.0,250.0,-416.0,-666.0
1.0,20.0,382.0,382.0,8442.0,38.0,,4723.0,,,1648.0,1648.0,8824.0,0.0,0.0,,,0.0,0.0,0.0
1.0,20.0,,,0.0,0.0,,,-109.0,,109.0,91.0,0.0,,0.0,,0.0,-150.0,-150.0,0.0
1.0,20.0,1180.0,1180.0,2161.0,0.0,,2.0,500.0,0.0,2841.0,2841.0,3341.0,30263.0,0.0,,30263.0,30263.0,30263.0,
1.0,20.0,0.0,0.0,461.0,0.0,,6.0,460.0,,1.0,1.0,461.0,6.0,-724.0,,-718.0,-756.0,-760.0,-4.0
1.0,20.0,5996.0,5016.0,4043.0,278.0,,171.0,9742.0,,297.0,297.0,10039.0,8132.0,-6056.0,,2076.0,2262.0,2034.0,-228.0
1.0,20.0,,,8.0,,,1.0,-87.0,,94.0,36.0,7.0,,,,,,,
1.0,20.0,10457.0,10457.0,5530.0,,,161.0,9396.0,1001.0,5589.0,5045.0,15986.0,4063.0,-900.0,,3163.0,2921.0,2798.0,-123.0
0.0,20.0,0.0,,0.0,,0.0,0.0,0.0,0.0,0.0,0.0,0.0,,,,,,,
1.0,20.0,,,16451.0,34.0,,29.0,144.0,,16307.0,16307.0,16451.0,22746.0,-24583.0,,-1837.0,191.0,143.0,-48.0
0.0,20.0,159.0,159.0,218047.0,209880.0,5719.0,1494.0,194456.0,6500.0,17250.0,17156.0,218206.0,77974.0,-31377.0,46597.0,-5947.0,3464.0,2038.0,-1426.0
0.0,20.0,0.0,0.0,11438.0,10523.0,604.0,311.0,11066.0,0.0,372.0,372.0,11438.0,23940.0,-4717.0,19223.0,3607.0,3192.0,2736.0,-456.0
1.0,20.0,1546.0,1546.0,863.0,0.0,,508.0,2328.0,0.0,81.0,81.0,2409.0,25564.0,-23902.0,,1662.0,649.0,386.0,-263.0
1.0,20.0,,,21.0,,,21.0,21.0,0.0,,,21.0,,,,,,,
0.0,20.0,6.0,,446.0,,446.0,0.0,74.0,,378.0,378.0,452.0,,,,,,,
1.0,20.0,,,198.0,156.0,,,-22.0,,220.0,220.0,198.0,,,,,,,
1.0,20.0,,,334.0,123.0,,5.0,334.0,,,,334.0,1201.0,-1165.0,,36.0,8.0,-3.0,-11.0
1.0,20.0,,,83.0,0.0,,5.0,47.0,,36.0,36.0,83.0,580.0,-535.0,,45.0,29.0,7.0,-22.0
1.0,20.0,,,2355.0,,,1301.0,2147.0,,208.0,208.0,2355.0,1280.0,-973.0,,307.0,20.0,20.0,
1.0,20.0,,,160.0,126.0,,0.0,10.0,,150.0,37.0,160.0,864.0,-759.0,,105.0,61.0,52.0,-9.0
0.0,20.0,,,1667.0,,,1667.0,1667.0,,,,1667.0,,,,,,,
0.0,20.0,7952.0,7952.0,20424.0,2483.0,6575.0,11283.0,4082.0,0.0,24294.0,4024.0,28376.0,61576.0,-31500.0,30076.0,75.0,711.0,623.0,
1.0,20.0,,,12.0,,,12.0,,,,,12.0,,,,,,,
1.0,20.0,,,-800.0,217.0,,-4532.0,-3931.0,,3944.0,3944.0,-800.0,,-3518.0,,-3518.0,-3423.0,-3893.0,-470.0
0.0,20.0,0.0,0.0,273.0,41.0,0.0,232.0,265.0,,8.0,8.0,273.0,233.0,0.0,233.0,0.0,0.0,0.0,
0.0,20.0,3473.0,3473.0,185529.0,123612.0,41848.0,20069.0,182628.0,0.0,6374.0,6374.0,189002.0,253811.0,-185529.0,68282.0,30897.0,23170.0,13345.0,-4470.0
1.0,20.0,,,1618.0,,,170.0,,,454.0,454.0,1618.0,,,,,,,
0.0,20.0,4352.0,954.0,17792.0,71.0,17496.0,225.0,18916.0,238.0,2990.0,2769.0,22144.0,160023.0,-158129.0,1894.0,-5103.0,-1361.0,-1586.0,-225.0
0.0,20.0,,,3368.0,,393.0,2975.0,3292.0,,76.0,76.0,3368.0,,,,,,,
1.0,19.0,22769.0,14758.0,67422.0,1304.0,,374.0,51458.0,0.0,38734.0,35688.0,90193.0,159276.0,-132490.0,,26786.0,24438.0,20204.0,-4234.0
1.0,19.0,,,59019.0,0.0,,1334.0,27153.0,0.0,31866.0,31866.0,59018.0,130582.0,-126575.0,,4007.0,3595.0,2268.0,-1327.0
1.0,19.0,,,981.0,0.0,,47.0,10.0,,971.0,971.0,981.0,834.0,-364.0,,470.0,452.0,393.0,-59.0
0.0,19.0,,,3057.0,,3006.0,51.0,3057.0,,,,3057.0,8322.0,-7765.0,557.0,557.0,557.0,557.0,
1.0,19.0,850.0,850.0,284.0,,,65.0,106.0,884.0,144.0,144.0,1134.0,2226.0,-2220.0,,6.0,6.0,6.0,
0.0,19.0,,,129.0,,17.0,112.0,,,129.0,129.0,129.0,,,,,,,
1.0,19.0,0.0,,2128.0,0.0,,2071.0,1077.0,,1051.0,168.0,2128.0,10595.0,-9215.0,,1380.0,1333.0,1067.0,-266.0
0.0,19.0,2665.0,2665.0,13839.0,9523.0,4309.0,7.0,5230.0,0.0,11274.0,11274.0,16504.0,26290.0,-23553.0,2737.0,2737.0,2902.0,1588.0,-725.0
1.0,19.0,,,10.0,,,10.0,10.0,,,,10.0,,,,,,,
1.0,19.0,10.0,10.0,,,,,10.0,,,,10.0,9528.0,-8722.0,,806.0,806.0,806.0,
0.0,19.0,,,2726.0,954.0,758.0,164.0,2670.0,,56.0,56.0,2726.0,8493.0,-4953.0,3540.0,764.0,254.0,254.0,
1.0,19.0,,,948.0,,,76.0,86.0,,862.0,862.0,948.0,21996.0,-18214.0,,3782.0,3782.0,3215.0,-567.0
0.0,19.0,276.0,0.0,112115.0,32145.0,48521.0,0.0,4046.0,0.0,108345.0,108219.0,112391.0,,,,,0.0,0.0,
0.0,19.0,,,1990.0,1003.0,966.0,21.0,1163.0,,827.0,32.0,1990.0,4360.0,,4360.0,44.0,1.0,-42.0,-43.0
1.0,19.0,,,18941.0,121.0,,15296.0,,,648.0,648.0,18941.0,,,,,,,
1.0,19.0,,,49.0,48.0,,1.0,10.0,,39.0,39.0,49.0,6710.0,-6237.0,,473.0,341.0,256.0,-85.0
1.0,19.0,138267.0,131667.0,59815.0,9842.0,,26598.0,98935.0,545.0,98602.0,98602.0,198082.0,419887.0,-418853.0,,1034.0,6696.0,817.0,-5879.0
1.0,19.0,114.0,114.0,371.0,133.0,,227.0,460.0,0.0,25.0,25.0,485.0,1028.0,-961.0,,67.0,56.0,25.0,-31.0
1.0,19.0,,,3147.0,0.0,,7.0,915.0,,2232.0,2232.0,3147.0,63673.0,-63441.0,,232.0,266.0,199.0,-67.0
0.0,19.0,0.0,0.0,1261.0,1131.0,0.0,130.0,505.0,0.0,756.0,756.0,1261.0,11362.0,-9090.0,2272.0,-2643.0,159.0,11.0,-148.0
1.0,19.0,,,5041.0,,,5040.0,40.0,5000.0,1.0,1.0,5041.0,,,,,,,
1.0,19.0,12746.0,1828.0,268298.0,58486.0,,14097.0,151480.0,11893.0,117671.0,85235.0,281044.0,127158.0,-133244.0,,-6086.0,584.0,511.0,-73.0
1.0,19.0,168.0,,,,,,168.0,,,,168.0,0.0,0.0,,,0.0,,0.0
1.0,19.0,10.0,,,,,,10.0,,,,10.0,,,,,-2070.0,-2070.0,
1.0,19.0,,,912.0,345.0,,4.0,376.0,500.0,36.0,36.0,912.0,2599.0,-2558.0,,41.0,23.0,17.0,-6.0
1.0,19.0,3557.0,3557.0,131610.0,9688.0,,802.0,27571.0,76937.0,30660.0,30660.0,135168.0,391569.0,-391150.0,,419.0,29.0,22.0,-7.0
1.0,19.0,,,3058.0,,,92.0,1667.0,,1391.0,1373.0,3058.0,2240.0,-1478.0,,762.0,732.0,613.0,-119.0
1.0,19.0,,,132.0,,,,,,110.0,,132.0,0.0,0.0,,,,0.0,0.0
1.0,19.0,95.0,95.0,0.0,,,,95.0,,,,95.0,,,,,,0.0,
1.0,19.0,96058.0,96058.0,4647.0,,,2698.0,98199.0,0.0,2506.0,2506.0,100705.0,28875.0,-14118.0,,14757.0,8254.0,7390.0,-864.0
1.0,19.0,,,1082.0,,,144.0,370.0,,711.0,711.0,1081.0,2308.0,-2077.0,,231.0,250.0,214.0,-36.0
1.0,19.0,0.0,0.0,103.0,,,62.0,32.0,0.0,71.0,71.0,103.0,140.0,-2640.0,,-2500.0,-93253.0,-93253.0,0.0
1.0,19.0,,,2477.0,304.0,,23.0,123.0,774.0,1580.0,1580.0,2477.0,4639.0,-4375.0,,264.0,223.0,103.0,-120.0
1.0,19.0,6629.0,6629.0,7751.0,,,662.0,12964.0,,1415.0,1415.0,14380.0,64201.0,-61421.0,,2780.0,2130.0,204.0,-1926.0
1.0,19.0,,,333.0,0.0,,3.0,67.0,,266.0,266.0,333.0,4832.0,-5510.0,,-678.0,-616.0,-671.0,-55.0
0.0,19.0,0.0,,43.0,0.0,0.0,43.0,43.0,,0.0,,43.0,,,,,,,
0.0,19.0,558.0,558.0,24124.0,12096.0,9713.0,2314.0,30.0,0.0,24651.0,24651.0,24681.0,56132.0,-56360.0,-228.0,-332.0,198.0,235.0,37.0
0.0,19.0,0.0,,0.0,,,,0.0,0.0,0.0,,0.0,,,,,,,
0.0,19.0,116.0,116.0,11964.0,0.0,11729.0,235.0,1983.0,,10097.0,10097.0,12080.0,11206.0,-10001.0,1205.0,217.0,220.0,109.0,-111.0
0.0,19.0,,,10.0,8.0,2.0,,10.0,,0.0,,10.0,8.0,-8.0,0.0,0.0,0.0,0.0,
1.0,19.0,380.0,380.0,73805.0,815.0,,66529.0,71702.0,,2483.0,2483.0,74185.0,109529.0,-94399.0,,15130.0,11345.0,9627.0,-1718.0
1.0,19.0,,,207.0,10.0,,37.0,207.0,,,,207.0,3239.0,-3020.0,,219.0,232.0,197.0,-35.0
1.0,19.0,,,859.0,560.0,,0.0,783.0,,76.0,76.0,859.0,6217.0,-6012.0,,205.0,306.0,3.0,-303.0
0.0,19.0,206825.0,202655.0,206220.0,30688.0,175070.0,375.0,-361764.0,12366.0,762443.0,744865.0,413045.0,801805.0,-785364.0,16441.0,-3719.0,59369.0,53832.0,-5537.0
0.0,19.0,278.0,257.0,10747.0,89.0,6933.0,3725.0,8145.0,,2880.0,2880.0,11025.0,108795.0,-85066.0,23729.0,1141.0,1390.0,-17.0,
0.0,19.0,271.0,261.0,1294.0,39.0,,1255.0,1101.0,0.0,464.0,464.0,1565.0,4352.0,-3832.0,519.0,520.0,520.0,442.0,-78.0
1.0,19.0,,,504.0,0.0,,504.0,504.0,0.0,0.0,0.0,504.0,2201.0,-2506.0,,-305.0,-271.0,-407.0,-136.0
1.0,19.0,538.0,538.0,278.0,68.0,,210.0,816.0,,0.0,0.0,816.0,18869.0,-17950.0,,919.0,665.0,99.0,-566.0
0.0,19.0,0.0,0.0,4.0,0.0,0.0,4.0,-220.0,0.0,224.0,224.0,4.0,1371.0,,1371.0,-103.0,-148.0,-189.0,0.0
1.0,19.0,7810.0,7810.0,89797.0,2540.0,,164.0,79757.0,,17851.0,17851.0,97607.0,62559.0,-62708.0,,-149.0,9045.0,6242.0,-2803.0
1.0,19.0,,,143702.0,16639.0,,121720.0,137202.0,,6500.0,6500.0,143702.0,286327.0,-274440.0,,11887.0,24937.0,18603.0,-6334.0
1.0,19.0,,,2066.0,2046.0,,4.0,1476.0,,590.0,0.0,2066.0,0.0,0.0,,,0.0,0.0,0.0
1.0,19.0,113.0,113.0,3137.0,609.0,,0.0,314.0,518.0,2418.0,2418.0,3250.0,1558.0,-1548.0,,10.0,0.0,0.0,0.0
1.0,19.0,,,10.0,,,10.0,10.0,,,,10.0,,,,,,,
1.0,19.0,,,11199.0,10942.0,,135.0,11129.0,,70.0,70.0,11199.0,4813.0,-4564.0,,249.0,115.0,54.0,-61.0
1.0,19.0,,,2736.0,664.0,,31.0,1450.0,,1286.0,968.0,2736.0,767.0,-425.0,,342.0,342.0,320.0,-22.0
0.0,19.0,6100.0,2475.0,92850.0,42170.0,49926.0,54.0,46624.0,21926.0,30400.0,30400.0,98950.0,216622.0,-85429.0,131193.0,13191.0,5464.0,2573.0,-2891.0
1.0,19.0,,,69.0,,,3.0,41.0,,28.0,,69.0,392.0,-358.0,,34.0,34.0,29.0,-5.0
0.0,19.0,,,10.0,,,10.0,10.0,,,,10.0,,,,,,,
0.0,19.0,0.0,0.0,18851.0,5691.0,1894.0,11266.0,15959.0,0.0,2892.0,2892.0,18851.0,28900.0,-20548.0,8352.0,-1838.0,-5825.0,-5825.0,0.0
1.0,19.0,0.0,0.0,91.0,0.0,,0.0,91.0,0.0,0.0,0.0,91.0,0.0,0.0,,,0.0,0.0,0.0
1.0,19.0,1189.0,914.0,7102.0,4126.0,,1935.0,3339.0,,4952.0,1452.0,8291.0,38280.0,-33782.0,,4498.0,4584.0,3402.0,-1182.0
1.0,19.0,,,600.0,,,40.0,,,36.0,36.0,600.0,,,,,-22.0,-22.0,
1.0,19.0,12059.0,,49298.0,3222.0,,924.0,21509.0,1007.0,38840.0,38840.0,61357.0,201741.0,-178680.0,,23061.0,22199.0,20017.0,-2182.0
0.0,19.0,580.0,0.0,178168.0,33210.0,143465.0,1494.0,77710.0,0.0,101039.0,68039.0,178748.0,320565.0,-253597.0,66968.0,19469.0,5866.0,4399.0,-1467.0
0.0,19.0,0.0,0.0,40727.0,0.0,7116.0,3425.0,36764.0,0.0,3963.0,3963.0,40727.0,100909.0,-89347.0,11562.0,-8279.0,35.0,26.0,-9.0
1.0,19.0,,,16307.0,,,5764.0,,,11401.0,4397.0,16307.0,22856.0,-21110.0,,1746.0,1798.0,1582.0,-216.0
1.0,19.0,523.0,523.0,4985.0,125.0,,6.0,-5811.0,10597.0,721.0,30.0,5507.0,,,,,-4.0,-4.0,
0.0,19.0,,,131.0,,131.0,,131.0,,,,131.0,,,0.0,0.0,0.0,0.0,
1.0,19.0,0.0,0.0,11.0,0.0,,11.0,11.0,0.0,0.0,0.0,11.0,2608.0,-1300.0,,1308.0,1288.0,1210.0,-78.0
0.0,19.0,2086.0,2086.0,16.0,0.0,5.0,11.0,-7875.0,9977.0,0.0,0.0,2102.0,,,0.0,-2448.0,-2456.0,-2456.0,
1.0,19.0,,,10.0,0.0,,,10.0,,,,10.0,,,,,,,
1.0,19.0,,,220.0,,,192.0,215.0,,5.0,5.0,220.0,934.0,-270.0,,664.0,49.0,13.0,-36.0
0.0,19.0,115095.0,109250.0,724139.0,355.0,695654.0,1166.0,81560.0,53526.0,704148.0,375996.0,839234.0,7282665.0,-7031776.0,250889.0,25622.0,11482.0,8335.0,-3147.0
0.0,19.0,17478.0,400.0,610.0,150.0,,460.0,0.0,,0.0,,18088.0,15905.0,-14569.0,1336.0,1048.0,1097.0,1097.0,0.0
1.0,19.0,,,,,,,,,,,0.0,,,,,,,
1.0,19.0,,,19.0,19.0,,,10.0,,9.0,9.0,19.0,260.0,-242.0,,18.0,18.0,10.0,-8.0
1.0,19.0,,,15.0,0.0,,14.0,15.0,,0.0,0.0,15.0,,,,,,0.0,0.0
1.0,19.0,0.0,0.0,4583.0,1282.0,,1155.0,1808.0,1334.0,1442.0,1442.0,4583.0,5262.0,-4594.0,,668.0,846.0,796.0,-50.0
1.0,19.0,,,2715.0,771.0,,243.0,1869.0,,846.0,846.0,2715.0,2712.0,-2717.0,,-5.0,-9.0,-82.0,-73.0
0.0,19.0,,,2243.0,50.0,638.0,1555.0,1750.0,,493.0,493.0,2243.0,4567.0,-4332.0,235.0,235.0,235.0,189.0,-46.0
1.0,19.0,,,125.0,,,125.0,10.0,0.0,115.0,115.0,125.0,1600.0,-1200.0,,400.0,280.0,232.0,-48.0
1.0,18.0,0.0,,6949.0,,,126.0,3901.0,,3048.0,3048.0,6949.0,4913.0,-4102.0,,811.0,811.0,516.0,-295.0
1.0,18.0,1.0,,163.0,,,47.0,43.0,,121.0,92.0,164.0,1227.0,-1148.0,,79.0,77.0,65.0,-12.0
1.0,18.0,27375.0,27375.0,74640.0,,,42.0,63880.0,,38135.0,38135.0,102015.0,7080.0,-11115.0,,-4035.0,-10210.0,-10232.0,-22.0
1.0,18.0,1843.0,1843.0,10070.0,,,10070.0,10.0,,11903.0,11903.0,11913.0,18768.0,-16360.0,,2408.0,3724.0,3067.0,-657.0
0.0,18.0,0.0,0.0,148791.0,164.0,93892.0,1470.0,142854.0,2000.0,3937.0,3937.0,148791.0,82447.0,0.0,82447.0,43221.0,40811.0,38474.0,-2337.0
1.0,18.0,,,1.0,,,,,,0.0,0.0,1.0,,,,,,,
1.0,18.0,,,305.0,51.0,,172.0,293.0,,12.0,12.0,305.0,861.0,-1327.0,,-466.0,-750.0,-759.0,-9.0
1.0,18.0,18184.0,18181.0,459433.0,104736.0,,0.0,-82625.0,250109.0,310133.0,306490.0,477617.0,55853.0,-52747.0,,3106.0,1810.0,1357.0,-453.0
1.0,18.0,1395.0,1395.0,869.0,683.0,,186.0,135.0,0.0,2129.0,2129.0,2264.0,2490.0,-2451.0,,39.0,10.0,1.0,-9.0
1.0,18.0,6091.0,6091.0,2.0,,,2.0,,3522.0,2571.0,2571.0,6093.0,17444.0,-17592.0,,-148.0,-148.0,-148.0,
0.0,18.0,1216.0,1216.0,6563.0,,947.0,316.0,6523.0,185.0,1071.0,1071.0,7780.0,32942.0,-38401.0,-5459.0,-5459.0,-4952.0,-4952.0,
1.0,18.0,,,1526.0,,,1503.0,965.0,,561.0,561.0,1526.0,2206.0,-1622.0,,584.0,726.0,601.0,-125.0
0.0,18.0,858.0,778.0,327983.0,15141.0,267548.0,44.0,22104.0,195000.0,111737.0,89503.0,328841.0,575892.0,-495362.0,80530.0,60420.0,3361.0,2012.0,-1349.0
1.0,18.0,,,48.0,,,0.0,-1372.0,1420.0,,,48.0,0.0,0.0,,,,0.0,
1.0,18.0,10.0,10.0,15.0,,,2.0,10.0,,15.0,15.0,25.0,1520.0,-1356.0,,164.0,164.0,139.0,-25.0
1.0,18.0,,,789.0,311.0,,368.0,256.0,,533.0,533.0,789.0,29194.0,-27700.0,,1494.0,1443.0,40.0,-1403.0
1.0,18.0,,,942.0,798.0,,144.0,942.0,0.0,0.0,0.0,942.0,2746.0,-3131.0,,-385.0,-385.0,-412.0,-27.0
1.0,18.0,205.0,,4847.0,,,127.0,3987.0,284.0,781.0,581.0,5052.0,10120.0,-9320.0,,800.0,394.0,95.0,-299.0
0.0,18.0,10170.0,5179.0,44450.0,197.0,8488.0,35765.0,19628.0,734.0,34258.0,27258.0,54620.0,288070.0,-206974.0,81096.0,42186.0,49030.0,39665.0,-9365.0
0.0,18.0,,,98.0,,,58.0,20.0,50.0,28.0,28.0,98.0,7279.0,-7050.0,229.0,229.0,229.0,229.0,
1.0,18.0,0.0,0.0,2895.0,2376.0,,459.0,2217.0,72.0,606.0,606.0,2895.0,13162.0,-13349.0,,-187.0,-459.0,-855.0,-396.0
1.0,18.0,0.0,,3348.0,,,3283.0,456.0,,2892.0,2892.0,3348.0,7368.0,-6417.0,,951.0,763.0,443.0,-320.0
1.0,18.0,0.0,0.0,157.0,,,3.0,-244.0,0.0,401.0,401.0,157.0,4334.0,-4459.0,,-125.0,-132.0,-177.0,-45.0
1.0,18.0,,,2628.0,,,2505.0,2489.0,,139.0,139.0,2628.0,3578.0,-3176.0,,402.0,274.0,170.0,-104.0
1.0,18.0,26023.0,5674.0,38265.0,1628.0,,0.0,8734.0,13859.0,41694.0,34441.0,64288.0,1546.0,-13391.0,,-11845.0,-10053.0,-12529.0,-2476.0
1.0,18.0,38903.0,24553.0,29133.0,16006.0,,1.0,-128370.0,60298.0,136108.0,32191.0,68036.0,685.0,-23681.0,,-22996.0,-34563.0,-34585.0,-22.0
0.0,18.0,0.0,0.0,2280.0,0.0,96.0,2184.0,0.0,0.0,2280.0,81.0,2280.0,,,,,0.0,0.0,
1.0,18.0,10950.0,,55755.0,,,,66307.0,,398.0,398.0,66705.0,,-196.0,,-196.0,-196.0,-196.0,0.0
0.0,18.0,19075808.0,275638.0,429627.0,176.0,360555.0,68270.0,16393897.0,2932950.0,178588.0,159995.0,19505435.0,230942.0,-155203.0,75739.0,-71021.0,1024798.0,1039147.0,14349.0
0.0,18.0,0.0,,215.0,0.0,204.0,11.0,215.0,0.0,0.0,0.0,215.0,4.0,0.0,4.0,-10.0,-21.0,-23.0,-2.0
0.0,18.0,,,10.0,,,10.0,10.0,,0.0,0.0,10.0,,,0.0,0.0,0.0,0.0,
1.0,18.0,,,522.0,69.0,,185.0,382.0,,140.0,140.0,522.0,1305.0,-1029.0,,276.0,238.0,198.0,-40.0
1.0,18.0,,,115.0,8.0,,107.0,10.0,,105.0,13.0,115.0,862.0,-862.0,,0.0,0.0,-52.0,-52.0
0.0,18.0,195.0,195.0,1010.0,50.0,91.0,869.0,681.0,,524.0,524.0,1205.0,2113.0,-2073.0,40.0,40.0,40.0,19.0,-21.0
1.0,18.0,,,10.0,,,10.0,10.0,,,,10.0,,,,,,,
1.0,18.0,0.0,0.0,6908.0,1296.0,,102.0,1680.0,0.0,5228.0,4505.0,6908.0,21229.0,-22220.0,,-991.0,-1739.0,-2014.0,-275.0
0.0,18.0,7304.0,7304.0,13.0,,,13.0,7317.0,,0.0,,7317.0,,,0.0,0.0,-110.0,-110.0,
1.0,18.0,0.0,0.0,2043.0,0.0,,,2034.0,0.0,9.0,9.0,2043.0,592.0,-545.0,,47.0,36.0,0.0,-36.0
1.0,18.0,139.0,12.0,5879.0,1696.0,,18.0,835.0,,5184.0,82.0,6019.0,1115.0,-764.0,,351.0,337.0,326.0,-11.0
0.0,18.0,,,114.0,,114.0,,11.0,103.0,0.0,,114.0,167.0,,167.0,1.0,1.0,1.0,
0.0,18.0,,,10.0,10.0,,,10.0,,,,10.0,,,,,,,
0.0,18.0,0.0,0.0,347.0,0.0,17.0,330.0,-11.0,126.0,232.0,232.0,347.0,1843.0,-1458.0,385.0,-1820.0,-5.0,-23.0,-1.0
0.0,18.0,783534.0,,417311.0,,417298.0,13.0,1150788.0,525.0,49532.0,48441.0,1200845.0,6571.0,-4996.0,1575.0,-2473.0,53006.0,39196.0,-13810.0
0.0,18.0,0.0,,34003.0,32438.0,451.0,43.0,60.0,2940.0,31003.0,3741.0,34003.0,7669.0,-7619.0,50.0,50.0,50.0,50.0,
1.0,18.0,0.0,,277.0,37.0,,2.0,-721.0,,998.0,567.0,277.0,957.0,-1044.0,,-87.0,-170.0,-199.0,-29.0
0.0,18.0,7831.0,7831.0,672.0,1.0,592.0,79.0,1901.0,1064.0,5538.0,5538.0,8503.0,11471.0,-5663.0,5808.0,1414.0,1336.0,886.0,-450.0
1.0,18.0,6845.0,5347.0,1499.0,13.0,,4.0,-42819.0,,51163.0,17669.0,8344.0,3278.0,-2955.0,,323.0,-1516.0,-1527.0,-11.0
1.0,18.0,,,2045.0,1276.0,,156.0,1165.0,512.0,367.0,367.0,2045.0,8115.0,-7668.0,,447.0,363.0,274.0,-89.0
1.0,18.0,2492.0,2492.0,25612.0,1873.0,,40.0,4837.0,0.0,23267.0,23125.0,28104.0,20558.0,-19533.0,,1025.0,751.0,563.0,-188.0
0.0,18.0,0.0,0.0,19890.0,12745.0,157.0,1572.0,16408.0,438.0,3044.0,0.0,19890.0,38159.0,-27066.0,11093.0,1386.0,730.0,35.0,-695.0
0.0,18.0,,,1104.0,,1088.0,16.0,278.0,360.0,466.0,466.0,1104.0,14970.0,,14970.0,-626.0,-701.0,-855.0,-154.0
1.0,18.0,,,671.0,623.0,,1.0,470.0,,201.0,201.0,670.0,2821.0,-2735.0,,86.0,83.0,62.0,-21.0
0.0,18.0,0.0,0.0,3876.0,0.0,3790.0,86.0,525.0,0.0,3351.0,3351.0,3876.0,32370.0,-28938.0,3432.0,-1035.0,-832.0,-1166.0,-334.0
0.0,18.0,125.0,125.0,29318.0,13543.0,9510.0,6265.0,29443.0,0.0,0.0,0.0,29443.0,28341.0,-18866.0,9475.0,9475.0,9473.0,8623.0,0.0
0.0,18.0,4103.0,3723.0,281995.0,83768.0,174922.0,20390.0,156964.0,79568.0,49566.0,45851.0,286098.0,689981.0,-590433.0,99548.0,39272.0,30496.0,21242.0,-9119.0
1.0,18.0,,,2516.0,8.0,,2508.0,,,696.0,696.0,2516.0,,,,,,,
0.0,18.0,1831.0,1831.0,6427.0,1.0,6402.0,24.0,2119.0,1500.0,4639.0,4639.0,8258.0,45958.0,-38050.0,7908.0,-83.0,-138.0,-593.0,-455.0
1.0,18.0,0.0,0.0,6206.0,0.0,,193.0,5762.0,0.0,443.0,443.0,6205.0,4077.0,-1467.0,,2610.0,2729.0,2500.0,-229.0
0.0,18.0,37.0,37.0,12996.0,8587.0,2917.0,0.0,12159.0,0.0,874.0,874.0,13033.0,29058.0,-21093.0,7965.0,300.0,519.0,344.0,-175.0
1.0,18.0,,,74.0,,,66.0,60.0,,14.0,14.0,74.0,184.0,-156.0,,28.0,28.0,22.0,-6.0
1.0,18.0,,,0.0,,,0.0,-3500.0,3500.0,0.0,0.0,0.0,0.0,0.0,,,0.0,0.0,0.0
0.0,18.0,0.0,,10.0,0.0,0.0,10.0,10.0,,,,10.0,,,,,,,
1.0,18.0,0.0,0.0,3775.0,451.0,,319.0,3242.0,,534.0,534.0,3775.0,12944.0,-12622.0,,322.0,297.0,160.0,-137.0
1.0,18.0,,,10.0,,,,10.0,,0.0,0.0,10.0,,,,,,,
0.0,18.0,1186045.0,844747.0,333727.0,5383.0,56409.0,489.0,898728.0,473556.0,147488.0,75735.0,1519772.0,447550.0,-299899.0,147651.0,69166.0,49768.0,30489.0,-19279.0
0.0,18.0,,,912.0,898.0,0.0,14.0,912.0,,0.0,,912.0,417.0,-413.0,4.0,4.0,4.0,0.0,-4.0
1.0,18.0,,,224.0,59.0,,34.0,10.0,,214.0,214.0,224.0,13823.0,-12745.0,,1078.0,1428.0,1214.0,-214.0
1.0,18.0,,,100.0,40.0,,60.0,100.0,,,,100.0,,,,,,,
0.0,18.0,34907.0,27662.0,455889.0,115566.0,303174.0,36177.0,361184.0,2970.0,126643.0,119692.0,490797.0,1273242.0,-1087024.0,186218.0,100758.0,106119.0,79368.0,-26751.0
1.0,18.0,6816.0,6816.0,234529.0,,,61770.0,178671.0,,62674.0,62674.0,241345.0,162777.0,-158093.0,,4684.0,3203.0,53.0,-3150.0
1.0,18.0,,,10.0,,,10.0,10.0,,,,10.0,,,,,,,
1.0,18.0,0.0,0.0,808.0,,,144.0,805.0,,5.0,5.0,809.0,536.0,-627.0,,-91.0,-109.0,-122.0,-13.0
1.0,18.0,3500.0,,2149.0,,,4.0,2619.0,,3030.0,777.0,5649.0,19445.0,-29.0,,19416.0,19397.0,18219.0,-1178.0
0.0,18.0,79993.0,79993.0,44969.0,2392.0,5421.0,110.0,-125869.0,,250831.0,7555.0,124962.0,856.0,-249.0,607.0,-16750.0,44.0,44.0,
1.0,18.0,19727.0,19727.0,4863.0,1940.0,,185.0,9410.0,13500.0,1680.0,1680.0,24590.0,41256.0,-40281.0,,975.0,993.0,560.0,-433.0
0.0,18.0,,,10.0,,7.0,3.0,10.0,,0.0,0.0,10.0,717.0,-696.0,21.0,21.0,21.0,21.0,
0.0,18.0,606303.0,416536.0,1883533.0,829996.0,1044767.0,2132.0,31934.0,865482.0,1592421.0,433010.0,2489837.0,2115510.0,-1794372.0,321138.0,87500.0,-486170.0,-368525.0,117645.0
0.0,18.0,930759.0,895758.0,456091.0,13504.0,430438.0,11735.0,1110123.0,104769.0,171958.0,101110.0,1386850.0,875165.0,-415422.0,459743.0,360607.0,367491.0,264948.0,-102543.0
1.0,18.0,166.0,166.0,11.0,,,11.0,-1826.0,,2003.0,1812.0,177.0,,-21.0,,-21.0,-20.0,-20.0,0.0
1.0,18.0,2067.0,2067.0,10626.0,3162.0,,6731.0,9115.0,0.0,3578.0,3522.0,12693.0,2034.0,-1745.0,,289.0,180.0,153.0,-27.0
0.0,18.0,0.0,,1152.0,0.0,392.0,760.0,155.0,0.0,997.0,997.0,1152.0,7436.0,-7096.0,340.0,340.0,145.0,145.0,
1.0,18.0,,,9540.0,,,4727.0,,,5126.0,80.0,9540.0,13825.0,-12898.0,,927.0,907.0,777.0,-130.0
1.0,18.0,0.0,,1208.0,,,18.0,326.0,,881.0,881.0,1208.0,16222.0,-25.0,,16197.0,16179.0,15117.0,-1062.0
1.0,18.0,4463.0,4163.0,865.0,,,3.0,1176.0,,4151.0,4151.0,5327.0,24651.0,-654.0,,23997.0,25481.0,23793.0,-1688.0
1.0,18.0,27625.0,27625.0,772.0,0.0,,168.0,25600.0,2352.0,445.0,414.0,28397.0,10318.0,-5008.0,,5310.0,4884.0,4884.0,0.0
1.0,18.0,7433.0,7394.0,28401.0,10.0,,17779.0,27622.0,,8212.0,8212.0,35834.0,111643.0,-98421.0,,13222.0,13844.0,10389.0,-3455.0
1.0,18.0,,,902.0,513.0,,323.0,850.0,,52.0,52.0,902.0,4045.0,-3843.0,,202.0,121.0,17.0,-104.0
1.0,18.0,10.0,10.0,53.0,,,53.0,10.0,,53.0,,63.0,,,,,,,
1.0,18.0,,,3927.0,,,2605.0,,0.0,2834.0,2834.0,3927.0,,,,,,,
1.0,18.0,,,6623.0,2080.0,,3718.0,5487.0,,1136.0,1136.0,6623.0,12819.0,-13962.0,,-1143.0,-3159.0,-3159.0,0.0
0.0,18.0,0.0,0.0,17085.0,2225.0,4.0,14791.0,16580.0,0.0,505.0,505.0,17085.0,16689.0,-2157.0,14532.0,799.0,0.0,0.0,
1.0,18.0,0.0,0.0,40.0,,,17.0,-120459.0,120075.0,424.0,424.0,40.0,,-84.0,,-84.0,-106.0,-106.0,
1.0,18.0,218.0,105.0,5045.0,2449.0,,444.0,-5092.0,369.0,9986.0,8559.0,5263.0,103797.0,-103496.0,,301.0,-1733.0,-1733.0,0.0
1.0,18.0,14486.0,14486.0,23694.0,9841.0,,465.0,32408.0,,5772.0,5772.0,38180.0,85623.0,-81870.0,,3753.0,2468.0,2468.0,0.0
1.0,18.0,,,14973.0,10.0,,359.0,4938.0,,10035.0,8035.0,14973.0,0.0,0.0,,,0.0,0.0,0.0
0.0,18.0,0.0,0.0,10991.0,,12.0,1879.0,10738.0,0.0,253.0,253.0,10991.0,15184.0,-5096.0,10088.0,10088.0,9984.0,9528.0,-456.0
1.0,18.0,0.0,,1878.0,427.0,,1422.0,1836.0,,42.0,42.0,1878.0,18267.0,-18249.0,,18.0,0.0,-23.0,-23.0
1.0,18.0,,,26720.0,,,46.0,-1443.0,1199.0,26964.0,330.0,26720.0,,-63.0,,-63.0,-72.0,-72.0,
1.0,18.0,0.0,,7400.0,3434.0,,29.0,7400.0,,0.0,0.0,7400.0,,,,,,,
1.0,18.0,,,247.0,0.0,,0.0,247.0,0.0,0.0,0.0,247.0,0.0,0.0,,,0.0,0.0,0.0
0.0,18.0,72919.0,72816.0,520330.0,148234.0,351094.0,20037.0,391940.0,0.0,201310.0,201301.0,593250.0,517602.0,-419150.0,98452.0,21245.0,11450.0,7464.0,-3986.0
0.0,18.0,26609.0,16672.0,338701.0,61636.0,241875.0,19608.0,134082.0,4982.0,226246.0,175132.0,365310.0,742900.0,-517296.0,225604.0,142222.0,108769.0,80809.0,-27094.0
0.0,18.0,,,4211.0,,392.0,3782.0,2905.0,,1306.0,1306.0,4211.0,23222.0,-19553.0,3669.0,3602.0,3321.0,2579.0,-742.0
1.0,18.0,2458.0,599.0,130405.0,87575.0,,15.0,35915.0,,96948.0,96948.0,132863.0,492096.0,-496469.0,,-4373.0,-4570.0,-4570.0,0.0
0.0,17.0,149.0,149.0,29550.0,23164.0,4345.0,0.0,5053.0,0.0,24646.0,23808.0,29699.0,128563.0,-119326.0,9237.0,1495.0,1347.0,1010.0,-337.0
0.0,17.0,5575226.0,4594779.0,6146571.0,3217170.0,1258736.0,3612.0,-1392743.0,2007234.0,11107306.0,5097778.0,11721797.0,10227467.0,-10395253.0,-167786.0,-518214.0,-1332439.0,-1005839.0,326600.0
1.0,17.0,45115.0,42842.0,796605.0,9835.0,,4389.0,825146.0,3000.0,13575.0,5622.0,841720.0,478709.0,-157969.0,,320740.0,462185.0,346357.0,-115828.0
1.0,17.0,,,258.0,,,76.0,10.0,,248.0,248.0,258.0,3349.0,-3020.0,,329.0,329.0,329.0,
1.0,17.0,,,8772.0,5945.0,,,5354.0,,3418.0,3418.0,8772.0,,0.0,,0.0,0.0,0.0,
0.0,17.0,0.0,0.0,7147.0,0.0,1664.0,5483.0,1759.0,4368.0,1021.0,1021.0,7147.0,1171.0,0.0,1171.0,1166.0,1077.0,1014.0,-63.0
1.0,17.0,9987.0,9780.0,2109.0,774.0,,133.0,-14775.0,14211.0,12660.0,1624.0,12095.0,6393.0,-6602.0,,-209.0,-2929.0,-2992.0,-63.0
1.0,17.0,,,3462.0,174.0,,2725.0,772.0,2407.0,284.0,284.0,3462.0,4842.0,-4554.0,,288.0,234.0,188.0,-46.0
1.0,17.0,0.0,,24089.0,5977.0,,464.0,702.0,,23387.0,23336.0,24089.0,6315.0,-6133.0,,182.0,155.0,101.0,-54.0
1.0,17.0,9228.0,9228.0,4119.0,203.0,,2177.0,-4504.0,15479.0,2372.0,854.0,13347.0,15292.0,-15809.0,,-517.0,-517.0,-670.0,-153.0
0.0,17.0,,,10.0,,,10.0,10.0,,,,10.0,,,,-10.0,-10.0,-10.0,
0.0,17.0,,,3185.0,,909.0,2276.0,,,383.0,383.0,3185.0,3028.0,,3028.0,152.0,152.0,94.0,-58.0
0.0,17.0,0.0,,6024.0,,158.0,5866.0,2247.0,0.0,3777.0,3637.0,6024.0,106940.0,-101911.0,5029.0,4706.0,4706.0,4706.0,
1.0,17.0,149.0,149.0,194.0,7.0,,47.0,38.0,0.0,305.0,305.0,343.0,1877.0,-1181.0,,696.0,652.0,574.0,-78.0
0.0,17.0,,,181.0,24.0,151.0,6.0,127.0,,54.0,54.0,181.0,312.0,-270.0,42.0,42.0,42.0,33.0,-9.0
0.0,17.0,106609.0,106609.0,35302.0,0.0,26305.0,8997.0,140692.0,0.0,1219.0,1219.0,141911.0,5216.0,-2333.0,2883.0,2164.0,1964.0,-132.0,-2096.0
1.0,17.0,,,480.0,207.0,,3.0,480.0,,,,480.0,1827.0,-1303.0,,524.0,524.0,470.0,-54.0
0.0,17.0,,,1992.0,182.0,382.0,1428.0,,0.0,1992.0,1992.0,1992.0,3034.0,,3034.0,-27.0,-64.0,-94.0,-30.0
1.0,17.0,10.0,10.0,,,,,10.0,,,,10.0,,,,,,,
1.0,17.0,6000.0,,9347.0,11.0,,106.0,14140.0,,1207.0,1207.0,15347.0,23893.0,-13424.0,,10469.0,11496.0,10766.0,-730.0
1.0,17.0,,,2859.0,,,11.0,1668.0,,1191.0,829.0,2859.0,45710.0,-44684.0,,1026.0,766.0,659.0,-107.0
0.0,17.0,49874.0,42038.0,156257.0,13006.0,97313.0,568.0,151917.0,1270.0,52944.0,29553.0,206131.0,281577.0,-180494.0,101083.0,9509.0,4441.0,2401.0,-2040.0
1.0,17.0,0.0,,3201.0,,,1101.0,100.0,,3101.0,3101.0,3201.0,27903.0,-23487.0,,4416.0,4511.0,3201.0,-1310.0
0.0,17.0,67541787.0,24641313.0,46111550.0,5753700.0,40228676.0,64085.0,7593853.0,26348339.0,79711145.0,28005332.0,113653337.0,126132062.0,-120076895.0,6055167.0,-14382122.0,-7755967.0,-5526130.0,2229837.0
0.0,17.0,,,2095.0,186.0,683.0,1226.0,1618.0,,477.0,352.0,2095.0,5229.0,,5229.0,806.0,747.0,568.0,-179.0
1.0,17.0,796.0,0.0,328.0,272.0,,38.0,704.0,0.0,420.0,420.0,1124.0,0.0,-319.0,,-319.0,-338.0,-338.0,0.0
0.0,17.0,0.0,0.0,71748.0,409.0,528.0,70811.0,69137.0,0.0,2611.0,500.0,71748.0,292.0,-292.0,0.0,0.0,3546.0,2660.0,-886.0
1.0,17.0,,,5441.0,,,4548.0,,,119.0,119.0,5441.0,,,,,,,
1.0,17.0,,,4286.0,,,3012.0,3651.0,,635.0,635.0,4286.0,3225.0,-2650.0,,575.0,5.0,-11.0,-16.0
1.0,17.0,,,3031.0,2925.0,,47.0,16.0,0.0,3015.0,615.0,3031.0,5089.0,-3190.0,,1899.0,1.0,1.0,
1.0,17.0,49006.0,49006.0,7131.0,,,63.0,1195.0,46976.0,7965.0,7254.0,56136.0,5365.0,-2712.0,,2653.0,2621.0,2355.0,-266.0
1.0,17.0,412.0,412.0,362.0,293.0,,69.0,709.0,,65.0,65.0,774.0,13805.0,-13396.0,,409.0,409.0,340.0,-69.0
0.0,17.0,,,10.0,10.0,,,10.0,,,,10.0,,,,,,,
0.0,17.0,0.0,0.0,10468.0,1288.0,8768.0,48.0,4083.0,700.0,5685.0,5685.0,10468.0,10023.0,-5005.0,5018.0,845.0,769.0,577.0,-192.0
0.0,17.0,10.0,,0.0,,,,10.0,0.0,0.0,,10.0,,,,,,,
0.0,17.0,,,117.0,,,117.0,0.0,,117.0,117.0,117.0,,,,,,,
1.0,17.0,1100.0,1100.0,6000.0,0.0,,0.0,7100.0,,0.0,0.0,7100.0,,,,,0.0,0.0,
1.0,17.0,0.0,,2146.0,1542.0,,7.0,716.0,0.0,1430.0,1430.0,2146.0,7634.0,-7607.0,,27.0,7.0,7.0,0.0
0.0,17.0,8523.0,7694.0,16122.0,3452.0,10000.0,2650.0,10891.0,5086.0,8668.0,8668.0,24645.0,34834.0,-6382.0,28452.0,2602.0,3135.0,2298.0,-837.0
1.0,17.0,,,6163.0,0.0,,4857.0,890.0,,5272.0,5272.0,6163.0,1931.0,-2207.0,,-276.0,-310.0,-325.0,-15.0
1.0,17.0,49.0,,7.0,0.0,,7.0,5.0,25.0,26.0,26.0,56.0,206.0,-219.0,,-13.0,-24.0,-25.0,-1.0
0.0,17.0,0.0,,10.0,,,,,0.0,0.0,,10.0,,,,,,,
1.0,17.0,0.0,0.0,22442.0,4974.0,,-4271.0,7248.0,979.0,14215.0,14216.0,22442.0,6818.0,-2492.0,,4326.0,4104.0,3427.0,-677.0
1.0,17.0,,,13128.0,10.0,,296.0,12100.0,,1027.0,1027.0,13127.0,6581.0,-4747.0,,1834.0,1805.0,1596.0,-209.0
1.0,17.0,,,17583.0,,,117.0,17440.0,,143.0,143.0,17583.0,13064.0,-779.0,,12285.0,12264.0,11636.0,-628.0
1.0,17.0,0.0,,2177.0,727.0,,62.0,663.0,,1514.0,1498.0,2177.0,14813.0,-14504.0,,309.0,273.0,205.0,-68.0
0.0,17.0,2591935.0,2486138.0,1834634.0,361489.0,786671.0,2105.0,3532633.0,455327.0,438610.0,354273.0,4426570.0,2285249.0,-2666402.0,-381153.0,-631857.0,-627665.0,-477831.0,149834.0
1.0,17.0,184.0,184.0,8159.0,456.0,,343.0,8108.0,,235.0,235.0,8343.0,23463.0,-15908.0,,7555.0,8623.0,7346.0,-1277.0
0.0,17.0,23967.0,7159.0,160060.0,82921.0,31587.0,4696.0,-142828.0,5585.0,321269.0,44731.0,184027.0,180400.0,-173351.0,7049.0,-30345.0,-27616.0,-21195.0,6421.0
1.0,17.0,,,23329.0,,,1295.0,9202.0,,14127.0,3627.0,23329.0,31379.0,-34103.0,,-2724.0,-2063.0,-2239.0,-176.0
1.0,17.0,0.0,0.0,12901.0,0.0,,12655.0,12607.0,0.0,294.0,294.0,12901.0,19613.0,-17395.0,,2218.0,2185.0,1827.0,-358.0
1.0,17.0,,,37.0,,,37.0,10.0,,27.0,27.0,37.0,1024.0,-1014.0,,10.0,10.0,0.0,-10.0
0.0,17.0,0.0,0.0,665.0,499.0,164.0,2.0,665.0,0.0,0.0,0.0,665.0,3016.0,-2109.0,907.0,259.0,150.0,150.0,
1.0,17.0,,,2422.0,85.0,,8.0,175.0,,2247.0,550.0,2422.0,4074.0,-3863.0,,211.0,170.0,-50.0,-220.0
0.0,17.0,197370.0,171235.0,65207.0,14548.0,49391.0,517.0,9321.0,0.0,253256.0,225342.0,262577.0,254936.0,-209036.0,45900.0,-803.0,176.0,141.0,-35.0
0.0,17.0,36297.0,25386.0,499128.0,301588.0,84651.0,112180.0,61085.0,92157.0,382183.0,353805.0,535425.0,689257.0,-610659.0,78598.0,47767.0,10973.0,8110.0,-2863.0
0.0,17.0,0.0,,10.0,10.0,,,10.0,0.0,0.0,,10.0,,,,,,,
1.0,17.0,4557.0,4557.0,3063.0,275.0,,135.0,1347.0,0.0,6273.0,6273.0,7620.0,40163.0,-27602.0,,12561.0,2896.0,1678.0,-1218.0
1.0,17.0,,,345.0,163.0,,25.0,277.0,,68.0,68.0,345.0,706.0,-591.0,,115.0,85.0,64.0,-21.0
1.0,17.0,,,8225.0,7820.0,,405.0,8007.0,0.0,218.0,218.0,8225.0,8314.0,-7663.0,,651.0,633.0,536.0,-97.0
0.0,17.0,20598.0,12751.0,14990.0,13946.0,63.0,172.0,9720.0,4050.0,21818.0,17688.0,35588.0,38637.0,-43934.0,-5297.0,-17340.0,-18401.0,-13837.0,4564.0
1.0,17.0,0.0,0.0,167.0,16.0,,146.0,167.0,,0.0,0.0,167.0,0.0,0.0,,,-20.0,-20.0,0.0
1.0,17.0,,,283.0,,,106.0,106.0,,176.0,176.0,282.0,8402.0,-8813.0,,-411.0,-411.0,-411.0,0.0
0.0,17.0,,,28.0,11.0,,17.0,12.0,,16.0,16.0,28.0,135.0,-95.0,40.0,3.0,3.0,0.0,-1.0
0.0,17.0,0.0,0.0,7.0,,1.0,6.0,7.0,0.0,0.0,0.0,7.0,0.0,0.0,0.0,0.0,0.0,0.0,0.0
1.0,17.0,,,1175.0,,,13.0,1124.0,,51.0,51.0,1175.0,1405.0,-1374.0,,31.0,13.0,-15.0,-28.0
1.0,17.0,15.0,15.0,7569.0,4343.0,,207.0,2591.0,3805.0,1188.0,1158.0,7584.0,24953.0,-24616.0,,337.0,-783.0,-889.0,-106.0
1.0,17.0,572.0,72.0,229.0,64.0,,6.0,-720.0,1490.0,31.0,31.0,801.0,13656.0,-15016.0,,-1360.0,-1445.0,-1586.0,-141.0
1.0,17.0,10.0,10.0,4114.0,1005.0,,2244.0,3853.0,,271.0,165.0,4124.0,19733.0,-16923.0,,2810.0,2541.0,1993.0,-548.0
0.0,17.0,0.0,0.0,50.0,0.0,0.0,50.0,50.0,0.0,0.0,0.0,50.0,569.0,-300.0,269.0,89.0,89.0,89.0,
1.0,17.0,14828.0,9631.0,43092.0,831.0,,32.0,52830.0,500.0,4590.0,-2691.0,57920.0,6659.0,-7715.0,,-1056.0,-1261.0,-1379.0,-118.0
0.0,17.0,770.0,392.0,132985.0,119869.0,11483.0,895.0,25959.0,51224.0,56572.0,56572.0,133755.0,167945.0,-159502.0,8443.0,-2869.0,1080.0,1045.0,-35.0
1.0,17.0,,,43980.0,,,1914.0,38377.0,,5603.0,5603.0,43980.0,38077.0,-9537.0,,28540.0,15815.0,13717.0,-2098.0
1.0,17.0,,,214.0,,,214.0,82.0,,132.0,132.0,214.0,785.0,-708.0,,77.0,66.0,58.0,-8.0
0.0,17.0,674545.0,193.0,18432311.0,5718.0,10282055.0,1644303.0,18321337.0,166788.0,618731.0,618731.0,19106856.0,7178601.0,-6005117.0,1173484.0,-59052.0,1630184.0,1171592.0,-458592.0
0.0,17.0,,,2459.0,,1248.0,411.0,2172.0,,287.0,287.0,2459.0,1919.0,0.0,1919.0,439.0,310.0,248.0,-62.0
1.0,17.0,10497.0,6482.0,2609.0,,,0.0,-5815.0,,18921.0,103.0,13106.0,872.0,-623.0,,249.0,-223.0,-246.0,-23.0
1.0,17.0,14.0,14.0,8.0,0.0,,8.0,22.0,0.0,0.0,0.0,22.0,18.0,-48.0,,-30.0,-30.0,-29.0,-1.0
1.0,17.0,36420.0,36420.0,8859.0,2255.0,,79.0,-47473.0,289.0,92463.0,3248.0,45279.0,51530.0,-36398.0,,15132.0,-3975.0,-5322.0,-1347.0
1.0,17.0,0.0,0.0,2040.0,71.0,,268.0,-2116.0,0.0,4156.0,4156.0,2040.0,22416.0,-26331.0,,-3915.0,-3257.0,-3500.0,-243.0
1.0,17.0,,,299.0,0.0,,14.0,298.0,0.0,1.0,1.0,299.0,485.0,-490.0,,-5.0,-5.0,-19.0,-14.0
1.0,17.0,,,1223.0,831.0,,191.0,1160.0,,63.0,63.0,1223.0,23933.0,-23498.0,,435.0,435.0,189.0,-246.0
0.0,17.0,,,313.0,246.0,,67.0,313.0,,0.0,0.0,313.0,2867.0,-2680.0,187.0,187.0,187.0,187.0,
0.0,17.0,634903.0,474330.0,716177.0,381499.0,254588.0,78631.0,183008.0,440698.0,727374.0,706390.0,1351080.0,10163833.0,-8746072.0,1417761.0,-64814.0,-38243.0,-31567.0,6676.0
0.0,17.0,,,356.0,,355.0,1.0,15.0,,341.0,341.0,356.0,769.0,-463.0,306.0,243.0,194.0,5.0,-49.0
1.0,17.0,128839.0,19240.0,254082.0,105190.0,,161.0,356108.0,424.0,26390.0,26347.0,382921.0,190799.0,-195419.0,,-4620.0,-4614.0,-5882.0,-1268.0
1.0,17.0,1876.0,1156.0,5544.0,0.0,,1766.0,5838.0,,1582.0,1582.0,7420.0,26133.0,-23036.0,,3097.0,2979.0,2244.0,-735.0
1.0,17.0,1679.0,1679.0,1725.0,0.0,,31.0,1594.0,,1810.0,1810.0,3404.0,1070.0,-4525.0,,-3455.0,506.0,506.0,
1.0,17.0,1468.0,1468.0,1241.0,384.0,,315.0,2187.0,433.0,89.0,89.0,2709.0,6788.0,-5757.0,,1031.0,932.0,727.0,-205.0
0.0,17.0,,,22282.0,,16363.0,5917.0,-407797.0,,430079.0,430079.0,22282.0,,0.0,0.0,0.0,2350865.0,4701018.0,-356.0
0.0,17.0,989.0,767.0,94618.0,38563.0,50308.0,3495.0,64194.0,239.0,31175.0,31175.0,95608.0,62735.0,-36659.0,26076.0,6424.0,11804.0,10122.0,-1682.0
1.0,17.0,,,872.0,0.0,,70.0,872.0,0.0,0.0,,872.0,374.0,-363.0,,11.0,11.0,0.0,-11.0
1.0,17.0,116.0,106.0,6128.0,1172.0,,337.0,5491.0,,753.0,753.0,6244.0,28587.0,-24949.0,,3638.0,2990.0,2444.0,-546.0
1.0,17.0,,,51346.0,27257.0,,114.0,453.0,,50893.0,26093.0,51346.0,103467.0,-100225.0,,3242.0,794.0,9.0,-785.0
0.0,17.0,48817.0,0.0,3535.0,0.0,3322.0,213.0,35832.0,15813.0,707.0,707.0,52352.0,14262.0,-10864.0,3398.0,3398.0,2530.0,1991.0,
1.0,17.0,446.0,446.0,269.0,138.0,,92.0,313.0,300.0,102.0,102.0,715.0,2209.0,-2137.0,,72.0,68.0,2.0,-66.0
1.0,17.0,,,30.0,25.0,,5.0,15.0,,15.0,15.0,30.0,504.0,-500.0,,4.0,-35.0,-50.0,-15.0
1.0,17.0,,,4104.0,98.0,,4006.0,2284.0,,1820.0,1738.0,4104.0,7529.0,-6612.0,,917.0,917.0,780.0,-137.0
1.0,17.0,,,989.0,,,6.0,390.0,0.0,599.0,599.0,989.0,10000.0,-8753.0,,1247.0,1233.0,633.0,-600.0
1.0,17.0,,,12.0,,,12.0,12.0,,,,12.0,,,,,,,
1.0,17.0,437.0,112.0,3883.0,1316.0,,995.0,-185.0,,4504.0,4504.0,4319.0,13704.0,-13635.0,,69.0,-243.0,-441.0,-198.0
1.0,17.0,1441.0,1441.0,879.0,120.0,,15.0,2273.0,,47.0,47.0,2320.0,15277.0,-14159.0,,1118.0,23.0,-145.0,-168.0
1.0,17.0,2298.0,2298.0,13515.0,,,5798.0,15367.0,,446.0,446.0,15813.0,42934.0,-38831.0,,4103.0,4121.0,2779.0,-1342.0
0.0,17.0,4093.0,4093.0,5193.0,2754.0,2272.0,167.0,-40443.0,35345.0,14384.0,3527.0,9285.0,39345.0,-26600.0,12745.0,-448.0,-9835.0,-10231.0,-396.0
0.0,17.0,385.0,385.0,1628.0,,1628.0,0.0,267.0,,1746.0,1457.0,2013.0,6280.0,-6212.0,68.0,68.0,48.0,36.0,-12.0
0.0,17.0,,,4329.0,745.0,3392.0,192.0,3958.0,290.0,81.0,81.0,4329.0,4285.0,-3115.0,1170.0,1170.0,438.0,5.0,-71.0
1.0,17.0,,,7448.0,944.0,,1957.0,6213.0,,1235.0,1235.0,7448.0,7528.0,-3427.0,,4101.0,4024.0,3798.0,-226.0
0.0,17.0,,,10.0,,,10.0,,,,,10.0,,,,,,,
1.0,17.0,0.0,0.0,5140.0,0.0,,0.0,-26622.0,0.0,31762.0,31762.0,5140.0,0.0,0.0,,,0.0,0.0,0.0
1.0,17.0,,,235.0,208.0,,0.0,215.0,,20.0,14.0,235.0,141.0,-187.0,,-46.0,-389.0,-391.0,-2.0
1.0,17.0,1722.0,1722.0,628.0,0.0,,0.0,2350.0,,,,2350.0,1200.0,-438.0,,762.0,762.0,690.0,-72.0
0.0,17.0,,,38.0,,3.0,35.0,35.0,,3.0,3.0,38.0,,,,,,,
1.0,16.0,9904.0,9904.0,15545.0,0.0,,7.0,-1053.0,22291.0,4211.0,4211.0,25449.0,12530.0,-17373.0,,-4843.0,-7430.0,-7430.0,0.0
0.0,16.0,658.0,658.0,531.0,132.0,367.0,0.0,-13241.0,12284.0,2146.0,2146.0,1189.0,2768.0,-2763.0,5.0,5.0,5.0,5.0,
0.0,16.0,1890.0,1811.0,96261.0,4687.0,75721.0,15785.0,82024.0,453.0,15674.0,15357.0,98151.0,351755.0,-322096.0,29659.0,5878.0,1064.0,688.0,-376.0
0.0,16.0,9239.0,9239.0,35967.0,5230.0,23037.0,3326.0,30466.0,,14740.0,14740.0,45206.0,918944.0,-838091.0,80853.0,16649.0,18991.0,14190.0,-4801.0
0.0,16.0,0.0,,446.0,,,446.0,446.0,0.0,0.0,,446.0,,,,,,,
1.0,16.0,0.0,,490.0,,,440.0,490.0,,0.0,0.0,490.0,993.0,-864.0,,129.0,109.0,49.0,-60.0
0.0,16.0,215303.0,215299.0,164662.0,29356.0,133763.0,1425.0,144477.0,82200.0,153288.0,145112.0,379965.0,667638.0,-562789.0,104849.0,67930.0,68381.0,59593.0,-8508.0
0.0,16.0,30.0,30.0,14503.0,,14429.0,74.0,8990.0,0.0,5543.0,5543.0,14533.0,5414.0,-1187.0,4227.0,1550.0,1532.0,1390.0,0.0
1.0,16.0,,,10371.0,7656.0,,1378.0,8220.0,100.0,2051.0,2051.0,10371.0,27867.0,-26002.0,,1865.0,1637.0,1126.0,-511.0
1.0,16.0,,,3202.0,,,2646.0,2969.0,,233.0,233.0,3202.0,9445.0,-6768.0,,2677.0,2637.0,2231.0,-406.0
1.0,16.0,21.0,,2301.0,5.0,,251.0,-82.0,,2402.0,2402.0,2321.0,26972.0,-25998.0,,974.0,551.0,287.0,-264.0
1.0,16.0,,,851.0,192.0,,14.0,811.0,,40.0,40.0,851.0,910.0,-836.0,,74.0,9.0,3.0,-6.0
1.0,16.0,4572.0,4572.0,38433.0,1429.0,,8292.0,9368.0,0.0,33637.0,33637.0,43005.0,69749.0,-68614.0,,1135.0,4013.0,3010.0,-1003.0
0.0,16.0,102.0,,4174.0,1592.0,2474.0,108.0,1309.0,,2967.0,2558.0,4276.0,,,,,,,
1.0,16.0,0.0,0.0,10.0,0.0,,0.0,10.0,0.0,0.0,0.0,10.0,0.0,0.0,,,0.0,0.0,0.0
1.0,16.0,487.0,487.0,360.0,,,165.0,811.0,,36.0,36.0,847.0,629.0,-238.0,,391.0,-2178.0,-2198.0,-20.0
1.0,16.0,1692.0,1692.0,2071.0,0.0,,179.0,3661.0,0.0,102.0,102.0,3763.0,16116.0,-15205.0,,911.0,911.0,428.0,-483.0
0.0,16.0,4372.0,4332.0,45780.0,25674.0,17208.0,2898.0,8946.0,0.0,41206.0,16083.0,50152.0,586696.0,-558968.0,27728.0,2910.0,1512.0,1385.0,-127.0
1.0,16.0,11220.0,11220.0,8971.0,3403.0,,90.0,4058.0,3957.0,12176.0,12176.0,20191.0,58108.0,-57271.0,,837.0,0.0,0.0,0.0
1.0,16.0,4640.0,4640.0,8847.0,,,12.0,4185.0,925.0,8377.0,5215.0,13486.0,44213.0,-37484.0,,6729.0,6553.0,6149.0,-404.0
1.0,16.0,0.0,0.0,1.0,0.0,,1.0,1.0,0.0,0.0,,1.0,974.0,-578.0,,396.0,396.0,367.0,-29.0
1.0,16.0,857.0,857.0,17222.0,199.0,,247.0,16947.0,,1132.0,1132.0,18079.0,16057.0,-11436.0,,4621.0,4722.0,4177.0,-545.0
1.0,16.0,30364.0,197.0,216471.0,1274.0,,816.0,183605.0,115.0,63114.0,63114.0,246835.0,136244.0,-119030.0,,17214.0,13067.0,6374.0,-6693.0
1.0,16.0,,,17.0,10.0,,7.0,10.0,,7.0,7.0,17.0,1978.0,-1324.0,,654.0,540.0,481.0,-59.0
1.0,16.0,,,63.0,0.0,,63.0,63.0,,0.0,0.0,63.0,0.0,0.0,,,0.0,0.0,0.0
1.0,16.0,6197.0,6197.0,51670.0,23310.0,,98.0,49475.0,,8392.0,8392.0,57867.0,12772.0,-27938.0,,-15166.0,-23852.0,-23874.0,-22.0
0.0,16.0,9092.0,9092.0,7660.0,2087.0,4011.0,1562.0,,5595.0,40955.0,17820.0,16752.0,58243.0,0.0,58243.0,-2666.0,-3079.0,-3661.0,0.0
0.0,16.0,,,1220.0,,728.0,492.0,656.0,,564.0,564.0,1220.0,8741.0,-6072.0,2669.0,2669.0,2578.0,2317.0,-261.0
1.0,16.0,,,2501.0,1886.0,,86.0,1570.0,,931.0,931.0,2501.0,13726.0,-13355.0,,371.0,189.0,138.0,-51.0
1.0,16.0,23013.0,23013.0,48977.0,6345.0,,1078.0,24942.0,18466.0,28582.0,28582.0,71990.0,148397.0,-134120.0,,14277.0,5090.0,4105.0,-985.0
1.0,16.0,,,85.0,,,85.0,34.0,,51.0,51.0,85.0,3279.0,-3109.0,,170.0,148.0,18.0,-130.0
1.0,16.0,,,10.0,,,7.0,10.0,,0.0,0.0,10.0,44.0,-51.0,,-7.0,-7.0,-7.0,
1.0,16.0,8.0,8.0,2977.0,79.0,,2104.0,2615.0,,370.0,350.0,2985.0,5056.0,-4484.0,,572.0,707.0,557.0,-150.0
1.0,16.0,0.0,0.0,10.0,0.0,,0.0,10.0,0.0,0.0,0.0,10.0,0.0,0.0,,,0.0,0.0,0.0
1.0,16.0,2380.0,2380.0,3326.0,424.0,,156.0,5566.0,,140.0,140.0,5706.0,1651.0,-1808.0,,-157.0,-808.0,-874.0,-66.0
0.0,16.0,1675181.0,474745.0,236703.0,104262.0,4321.0,34.0,-542320.0,753967.0,1700237.0,853532.0,1911884.0,34191.0,-67272.0,-33081.0,-115214.0,-543427.0,-660900.0,-117473.0
1.0,16.0,,,10072.0,10.0,,700.0,5315.0,,4757.0,3557.0,10072.0,14214.0,-12961.0,,1253.0,1093.0,599.0,-494.0
0.0,16.0,21826.0,11962.0,598764.0,165038.0,86409.0,345336.0,484500.0,0.0,136090.0,135510.0,620590.0,860921.0,-631726.0,229195.0,149986.0,161818.0,118439.0,-43379.0
1.0,16.0,,,10.0,10.0,,0.0,10.0,,,,10.0,,,,,,,
0.0,16.0,0.0,0.0,650.0,212.0,395.0,43.0,520.0,0.0,130.0,10.0,650.0,18294.0,0.0,18294.0,529.0,510.0,510.0,0.0
1.0,16.0,125.0,125.0,29628.0,0.0,,1023.0,1893.0,0.0,27860.0,27860.0,29753.0,11329.0,-11645.0,,-316.0,217.0,163.0,-54.0
1.0,16.0,,,159.0,0.0,,159.0,10.0,,149.0,149.0,159.0,364.0,-242.0,,122.0,122.0,100.0,-22.0
0.0,16.0,6919789.0,4441617.0,49027345.0,18505205.0,29274838.0,98336.0,3488001.0,3212085.0,49247047.0,47611331.0,55947134.0,18752866.0,-15652908.0,3099958.0,726620.0,357370.0,357370.0,0.0
0.0,16.0,0.0,0.0,6776.0,73.0,2061.0,4642.0,5571.0,0.0,1205.0,1205.0,6776.0,22297.0,-22921.0,-624.0,-624.0,102.0,-360.0,-462.0
0.0,16.0,,,4306.0,10.0,960.0,112.0,4091.0,,215.0,215.0,4306.0,2709.0,,2709.0,962.0,915.0,815.0,-100.0
1.0,16.0,,,35.0,,,35.0,30.0,,5.0,5.0,35.0,,-3.0,,-3.0,31.0,31.0,0.0
1.0,16.0,756.0,756.0,3739.0,,,4.0,-2821.0,390.0,6926.0,6926.0,4495.0,,-128.0,,-128.0,-545.0,-1745.0,-1200.0
1.0,16.0,0.0,0.0,6.0,,,6.0,,,,,6.0,68.0,-69.0,,-1.0,-1.0,-1.0,0.0
1.0,16.0,21232.0,18251.0,131908.0,57697.0,,135.0,114966.0,4688.0,33486.0,33486.0,153140.0,477445.0,-371354.0,,106091.0,99149.0,74362.0,-24787.0
0.0,16.0,0.0,,0.0,,,,0.0,0.0,0.0,,0.0,,,,,,,
1.0,16.0,5777.0,5777.0,1726.0,46.0,,336.0,5182.0,,2321.0,2321.0,7503.0,4291.0,-4585.0,,-294.0,-320.0,-451.0,-131.0
1.0,16.0,26924.0,26924.0,80586.0,66788.0,,168.0,14602.0,44403.0,48505.0,48505.0,107510.0,134885.0,-125553.0,,9332.0,368.0,113.0,-255.0
0.0,16.0,,,138.0,,,138.0,138.0,,,,138.0,0.0,0.0,0.0,0.0,0.0,0.0,
1.0,16.0,2670.0,,14634.0,186.0,,916.0,15716.0,481.0,1106.0,1112.0,17303.0,13041.0,-6143.0,,6898.0,6894.0,6477.0,-417.0
1.0,16.0,,,20.0,,,5.0,19.0,,1.0,1.0,20.0,122.0,-79.0,,43.0,37.0,30.0,-7.0
1.0,16.0,512.0,512.0,5223.0,2371.0,,2.0,81.0,814.0,4840.0,994.0,5735.0,7922.0,-7923.0,,-1.0,-695.0,-699.0,-4.0
1.0,16.0,25006.0,3923.0,9739.0,,,29.0,30664.0,3847.0,234.0,234.0,34745.0,2291.0,-2009.0,,282.0,262.0,173.0,-89.0
0.0,16.0,,,108.0,104.0,,4.0,38.0,,70.0,70.0,108.0,3812.0,-3546.0,266.0,266.0,266.0,38.0,-228.0
1.0,16.0,,,16.0,,,0.0,,16.0,0.0,0.0,16.0,0.0,0.0,,,0.0,0.0,0.0
1.0,16.0,4555.0,4555.0,52161.0,3376.0,,2007.0,50686.0,0.0,6030.0,6030.0,56716.0,155475.0,-138549.0,,16926.0,20212.0,16018.0,-4194.0
1.0,16.0,0.0,0.0,4518.0,732.0,,801.0,804.0,0.0,3714.0,3254.0,4518.0,27410.0,-27162.0,,248.0,1063.0,794.0,-269.0
0.0,16.0,0.0,,2208.0,,1012.0,1196.0,-106438.0,0.0,108646.0,108646.0,2208.0,0.0,0.0,0.0,0.0,-1109.0,-1109.0,
1.0,16.0,0.0,0.0,4720.0,,,2616.0,3738.0,0.0,982.0,982.0,4720.0,11125.0,-9458.0,,1667.0,1667.0,1336.0,-331.0
1.0,16.0,0.0,0.0,6.0,0.0,,6.0,,0.0,0.0,,6.0,9923.0,-6634.0,,3289.0,3289.0,2767.0,-522.0
1.0,16.0,,,8814.0,,,691.0,1369.0,7445.0,,,8814.0,4111.0,-2767.0,,1344.0,1344.0,1142.0,-202.0
0.0,16.0,0.0,,10.0,0.0,0.0,10.0,10.0,,,,10.0,,,,,,,
1.0,16.0,,,730.0,0.0,,630.0,672.0,0.0,58.0,58.0,730.0,2414.0,-1865.0,,549.0,546.0,474.0,-72.0
1.0,16.0,,,188.0,,,188.0,12.0,,176.0,176.0,188.0,1140.0,-1000.0,,140.0,140.0,88.0,-52.0
1.0,16.0,,,122.0,0.0,,122.0,122.0,,0.0,0.0,122.0,16606.0,-24011.0,,-7405.0,-7646.0,-7652.0,-6.0
0.0,16.0,1073.0,1073.0,3407.0,253.0,2789.0,105.0,4445.0,,35.0,35.0,4480.0,,,,,,,
1.0,16.0,,,1271.0,0.0,,918.0,1170.0,,101.0,101.0,1271.0,4741.0,-3920.0,,821.0,767.0,624.0,-143.0
0.0,16.0,4916.0,4162.0,33363.0,7191.0,11484.0,14100.0,26099.0,740.0,11440.0,8855.0,38279.0,92135.0,-62488.0,29647.0,12293.0,12903.0,9580.0,-3323.0
1.0,16.0,68256.0,68256.0,6857.0,0.0,,0.0,5526.0,66775.0,2812.0,2812.0,75113.0,37287.0,-40533.0,,-3246.0,-9042.0,-9406.0,-364.0
0.0,16.0,0.0,,10.0,10.0,,,10.0,0.0,0.0,,10.0,,,,,,,
1.0,16.0,44119.0,44119.0,30026.0,20284.0,,2169.0,2209.0,43785.0,28151.0,28151.0,74145.0,234738.0,-228059.0,,6679.0,-2222.0,-4590.0,-2368.0
1.0,16.0,,,1427.0,,,1259.0,,,32.0,32.0,1427.0,,,,,,,
1.0,16.0,,,53.0,29.0,,,53.0,,0.0,0.0,53.0,335.0,-275.0,,60.0,60.0,44.0,-16.0
1.0,16.0,,,8092.0,,,6558.0,,,262.0,262.0,8092.0,0.0,0.0,,,0.0,0.0,0.0
0.0,16.0,33533.0,33533.0,1050037.0,18297.0,405037.0,31558.0,150613.0,39.0,932918.0,932888.0,1083570.0,64008.0,-48679.0,15329.0,-44079.0,-30131.0,-30320.0,-189.0
0.0,16.0,0.0,,0.0,,,0.0,0.0,0.0,0.0,0.0,0.0,0.0,0.0,0.0,0.0,-1058.0,-1068.0,-10.0
1.0,16.0,,,504.0,353.0,,40.0,386.0,,118.0,,504.0,2014.0,-1956.0,,58.0,58.0,0.0,-58.0
0.0,16.0,0.0,0.0,1.0,0.0,0.0,1.0,1.0,0.0,0.0,0.0,1.0,278.0,-278.0,0.0,0.0,0.0,0.0,0.0
1.0,16.0,,,541.0,382.0,,159.0,217.0,,324.0,319.0,541.0,4560.0,-4436.0,,124.0,77.0,28.0,-49.0
0.0,16.0,0.0,0.0,1556.0,0.0,1523.0,33.0,1444.0,0.0,112.0,112.0,1556.0,7857.0,0.0,7857.0,671.0,577.0,490.0,-87.0
1.0,16.0,,,10.0,,,0.0,10.0,,,,10.0,,,,,,,
1.0,16.0,,,1263.0,38.0,,26.0,-510.0,1302.0,471.0,471.0,1263.0,2276.0,-2118.0,,158.0,146.0,127.0,-19.0
0.0,16.0,42092.0,40677.0,125140.0,38014.0,86919.0,67.0,87563.0,7083.0,72584.0,44736.0,167231.0,261138.0,-213119.0,48019.0,2317.0,2365.0,15.0,-2350.0
1.0,16.0,,,331.0,102.0,,28.0,20.0,,311.0,311.0,331.0,4841.0,-4465.0,,376.0,351.0,298.0,-53.0
1.0,16.0,68.0,68.0,1262.0,348.0,,629.0,,1166.0,339.0,339.0,1330.0,,,,,,,
1.0,16.0,,,21369.0,17791.0,,385.0,15289.0,,6080.0,2613.0,21369.0,19981.0,-16664.0,,3317.0,3123.0,2650.0,-473.0
1.0,16.0,10858.0,8658.0,20915.0,10953.0,,249.0,10294.0,0.0,21479.0,706.0,31773.0,17511.0,-14091.0,,3420.0,1758.0,1318.0,-440.0
0.0,16.0,0.0,0.0,12335.0,2728.0,9579.0,28.0,4445.0,0.0,7890.0,6178.0,12335.0,11456.0,-8725.0,2731.0,610.0,610.0,458.0,-152.0
0.0,16.0,16.0,16.0,1356.0,,1024.0,332.0,184.0,,1188.0,,1372.0,2205.0,-1563.0,642.0,168.0,168.0,168.0,
1.0,16.0,,,10.0,,,0.0,10.0,,0.0,0.0,10.0,0.0,0.0,,,0.0,0.0,0.0
1.0,16.0,,,12385.0,10098.0,,18.0,473.0,1030.0,10882.0,10882.0,12385.0,22077.0,-21685.0,,392.0,0.0,0.0,0.0
1.0,16.0,,,9437.0,,,1064.0,9427.0,,10.0,10.0,9438.0,782.0,-676.0,,106.0,45.0,22.0,-23.0
1.0,16.0,,,6.0,,,,,,6.0,,6.0,,,,,,,
1.0,16.0,,,6.0,,,,,,6.0,,6.0,,,,,,,
0.0,16.0,,,205.0,,,205.0,0.0,,205.0,,205.0,2497.0,-2472.0,25.0,25.0,0.0,0.0,
1.0,15.0,,,16.0,0.0,,2.0,-12.0,,28.0,28.0,16.0,0.0,-13.0,,-13.0,-13.0,-13.0,0.0
1.0,15.0,,,9902.0,8507.0,,144.0,9440.0,,462.0,462.0,9902.0,19886.0,-19931.0,,-45.0,-45.0,-246.0,-201.0
0.0,15.0,,,44.0,,,44.0,44.0,,,,44.0,,,,,,0.0,
1.0,15.0,,,0.0,,,0.0,-25.0,,25.0,,0.0,,,,,-5.0,-5.0,
0.0,15.0,1200.0,1200.0,27809.0,2.0,27646.0,161.0,4441.0,8333.0,16235.0,16235.0,29009.0,6391.0,-4905.0,1486.0,1069.0,927.0,927.0,
0.0,15.0,120741.0,103217.0,2402456.0,1334287.0,1063974.0,3223.0,873907.0,730081.0,919209.0,370489.0,2523197.0,5879891.0,-5279561.0,600330.0,49881.0,18077.0,8778.0,-9299.0
1.0,15.0,,,10.0,0.0,,10.0,10.0,,0.0,0.0,10.0,0.0,0.0,,,0.0,0.0,0.0
0.0,15.0,,,10.0,,,10.0,10.0,,,,10.0,,,,,,,
1.0,15.0,,,10.0,,,10.0,10.0,,,,10.0,,,,,,,
1.0,15.0,2877.0,1499.0,60133.0,6061.0,,1071.0,29714.0,50.0,33246.0,33246.0,63010.0,200059.0,-165192.0,,34867.0,32534.0,24222.0,-8312.0
1.0,15.0,38645.0,38645.0,811.0,,,134.0,24709.0,7257.0,7490.0,7490.0,39456.0,18946.0,-11350.0,,7596.0,5320.0,5126.0,-194.0
1.0,15.0,25001.0,25001.0,97340.0,10.0,,1627.0,85738.0,,36603.0,36603.0,122341.0,101154.0,-78746.0,,22408.0,18343.0,14653.0,-3690.0
1.0,15.0,,,384.0,,,384.0,,0.0,0.0,,384.0,,,,,,,
0.0,15.0,91.0,91.0,6733.0,5859.0,550.0,324.0,3608.0,3045.0,171.0,171.0,6824.0,31463.0,-25985.0,5478.0,3539.0,2473.0,1768.0,-705.0
0.0,15.0,118577.0,86544.0,928578.0,585374.0,317583.0,6330.0,117553.0,44680.0,884922.0,870091.0,1047155.0,250489.0,-199772.0,50717.0,-78473.0,-9097.0,1550.0,10647.0
1.0,15.0,,,14.0,,,14.0,,,14.0,,14.0,,,,,,,
1.0,15.0,6209.0,6209.0,24896.0,3868.0,,354.0,4291.0,1369.0,25445.0,25445.0,31105.0,108865.0,-102095.0,,6770.0,4944.0,3708.0,-1236.0
0.0,15.0,,,480.0,175.0,305.0,0.0,393.0,,87.0,87.0,480.0,276.0,-245.0,31.0,31.0,31.0,26.0,-5.0
1.0,15.0,,,4615.0,783.0,,17.0,1381.0,,3234.0,3234.0,4615.0,86.0,-42.0,,44.0,26.0,20.0,-6.0
1.0,15.0,0.0,0.0,13725.0,13294.0,,431.0,13622.0,0.0,103.0,103.0,13725.0,7410.0,-7254.0,,156.0,409.0,307.0,-102.0
1.0,15.0,0.0,,6815.0,,,482.0,3342.0,,3472.0,3472.0,6814.0,77156.0,-75207.0,,1949.0,259.0,147.0,-112.0
1.0,15.0,90336.0,87236.0,104433.0,805.0,,534.0,33889.0,0.0,160880.0,152880.0,194769.0,108560.0,-108474.0,,86.0,3794.0,3617.0,-177.0
1.0,15.0,,,1594.0,129.0,,331.0,-281.0,,1875.0,1062.0,1594.0,6514.0,-5649.0,,865.0,810.0,607.0,-203.0
1.0,15.0,0.0,0.0,2947.0,,,,1035.0,0.0,1912.0,1912.0,2947.0,1234.0,-925.0,,309.0,-83.0,-83.0,
1.0,15.0,39761.0,39761.0,829.0,,,2.0,39609.0,,981.0,981.0,40590.0,16519.0,-339.0,,16180.0,16057.0,15090.0,-967.0
0.0,15.0,,,2362.0,,1476.0,886.0,1212.0,,1150.0,1150.0,2362.0,14960.0,-14792.0,168.0,168.0,168.0,318.0,150.0
0.0,15.0,701290.0,701187.0,541400.0,68479.0,404088.0,83.0,781019.0,0.0,461671.0,179249.0,1242690.0,2750180.0,-1880185.0,869995.0,200674.0,260820.0,227356.0,-33464.0
1.0,15.0,,,53.0,53.0,,0.0,53.0,,,,53.0,109.0,-102.0,,7.0,5.0,4.0,-1.0
1.0,15.0,2736.0,2736.0,46764.0,34521.0,,55.0,9179.0,,40321.0,36196.0,49500.0,72403.0,-71370.0,,1033.0,2681.0,1997.0,-684.0
0.0,15.0,1203.0,1203.0,30163.0,15988.0,14175.0,,4248.0,597.0,26521.0,20073.0,31366.0,,,,,,,
1.0,15.0,,,346.0,,,35.0,96.0,,251.0,251.0,346.0,3296.0,-3266.0,,30.0,-62.0,-161.0,-99.0
1.0,15.0,4030.0,4030.0,17609.0,3115.0,,1098.0,17255.0,,4384.0,4384.0,21639.0,66613.0,-58601.0,,8012.0,7834.0,7235.0,-599.0
1.0,15.0,25195.0,25195.0,38143.0,179.0,,335.0,53483.0,,9855.0,9855.0,63338.0,51628.0,-50344.0,,1284.0,535.0,57.0,-478.0
1.0,15.0,0.0,0.0,2891.0,314.0,,308.0,1305.0,,1586.0,1586.0,2891.0,31971.0,-31561.0,,410.0,173.0,-194.0,-367.0
0.0,15.0,,,748.0,0.0,494.0,254.0,-2936.0,3467.0,217.0,217.0,748.0,4848.0,,4848.0,-324.0,-365.0,-414.0,-49.0
1.0,15.0,,,11186.0,7.0,,1435.0,1326.0,4554.0,5307.0,3627.0,11187.0,13453.0,-11989.0,,1464.0,133.0,1.0,-132.0
1.0,15.0,772.0,772.0,4278.0,1560.0,,1735.0,4664.0,0.0,386.0,386.0,5050.0,10134.0,-8150.0,,1984.0,1786.0,1403.0,-383.0
1.0,15.0,0.0,0.0,139122.0,39990.0,,43417.0,91114.0,,48008.0,48008.0,139122.0,99865.0,-77706.0,,22159.0,22575.0,16987.0,-5588.0
0.0,15.0,0.0,0.0,35.0,0.0,0.0,35.0,10.0,0.0,25.0,25.0,35.0,3080.0,-2987.0,93.0,93.0,93.0,0.0,-93.0
1.0,15.0,,,12801.0,12074.0,,260.0,414.0,,12387.0,12122.0,12801.0,41028.0,-40994.0,,34.0,-504.0,-948.0,-444.0
1.0,15.0,193519.0,76300.0,365802.0,363986.0,,73.0,-94272.0,599130.0,54463.0,3670.0,559321.0,1108.0,-1876.0,,-768.0,158123.0,130971.0,-27152.0
0.0,15.0,,,-320.0,,-364.0,0.0,-2862.0,0.0,2542.0,270.0,-320.0,1429.0,-2574.0,-1145.0,-1145.0,-1967.0,-1981.0,-14.0
1.0,15.0,,,,,,,,,,,0.0,,,,,,,
1.0,15.0,0.0,0.0,1279.0,1051.0,,17.0,1142.0,0.0,137.0,137.0,1279.0,6741.0,-6444.0,,297.0,231.0,130.0,-101.0
0.0,15.0,,,17.0,17.0,,0.0,10.0,,7.0,7.0,17.0,416.0,-416.0,0.0,0.0,0.0,0.0,
1.0,15.0,,,38.0,,,5.0,-4230.0,4193.0,75.0,75.0,38.0,1279.0,-3025.0,,-1746.0,-1750.0,-1756.0,-6.0
0.0,15.0,1956.0,1935.0,570270.0,481164.0,82098.0,6854.0,243123.0,0.0,329103.0,329103.0,572226.0,2484934.0,-2389246.0,95688.0,-70022.0,489.0,324.0,-165.0
0.0,15.0,0.0,0.0,290.0,0.0,219.0,71.0,,0.0,114.0,114.0,290.0,1671.0,0.0,1671.0,323.0,241.0,191.0,-50.0
1.0,15.0,59461.0,59461.0,49208.0,,,284.0,62692.0,700.0,45276.0,2605.0,108668.0,14809.0,-8602.0,,6207.0,5820.0,4709.0,-1111.0
0.0,15.0,0.0,0.0,10.0,,0.0,0.0,10.0,0.0,0.0,0.0,10.0,0.0,0.0,0.0,0.0,0.0,0.0,
1.0,15.0,92148.0,92148.0,4218.0,945.0,,1387.0,-73962.0,164952.0,5375.0,5375.0,96365.0,48217.0,-89338.0,,-41121.0,557.0,0.0,-557.0
1.0,15.0,254675.0,254642.0,4237.0,22.0,,819.0,-445998.0,679992.0,24918.0,24918.0,258912.0,57656.0,-70877.0,,-13221.0,-20317.0,-20317.0,0.0
0.0,15.0,30.0,30.0,116.0,0.0,12.0,104.0,,,20.0,20.0,146.0,358.0,-324.0,34.0,34.0,4.0,0.0,-4.0
1.0,15.0,,,78.0,,,78.0,53.0,,25.0,25.0,78.0,1138.0,-1125.0,,13.0,2.0,2.0,0.0
1.0,15.0,,,821.0,0.0,,46.0,,,49.0,49.0,821.0,,,,,,,
1.0,15.0,455.0,450.0,26081.0,13123.0,,409.0,18853.0,3145.0,4538.0,4538.0,26536.0,71225.0,-62103.0,,9122.0,8238.0,6584.0,-1654.0
1.0,15.0,0.0,0.0,7992.0,0.0,,234.0,200.0,0.0,7791.0,7791.0,7991.0,6047.0,-785.0,,5262.0,-2835.0,-2898.0,-63.0
1.0,15.0,,,4004.0,,,155.0,3178.0,,826.0,826.0,4004.0,8185.0,-7796.0,,389.0,357.0,357.0,
1.0,15.0,863.0,863.0,30025.0,2722.0,,20863.0,28872.0,0.0,2016.0,2016.0,30888.0,53848.0,-41802.0,,12046.0,13439.0,11782.0,-1657.0
0.0,15.0,,,4317.0,4253.0,0.0,64.0,4317.0,,0.0,,4317.0,1419.0,-1374.0,45.0,45.0,45.0,2.0,-43.0
1.0,15.0,311.0,311.0,,,,,311.0,,,,311.0,311.0,-305.0,,6.0,3.0,3.0,
0.0,15.0,2389850.0,659186.0,23170209.0,6536495.0,16262626.0,1139.0,9200354.0,478030.0,15881675.0,6059441.0,25560059.0,41720896.0,-39481621.0,2239275.0,2030824.0,57639.0,28572.0,-29067.0
1.0,15.0,1882.0,1882.0,5469.0,4489.0,,720.0,5637.0,1714.0,0.0,0.0,7351.0,19468.0,-18096.0,,1372.0,987.0,668.0,-319.0
0.0,15.0,,,1048.0,86.0,962.0,0.0,-663.0,8.0,1703.0,590.0,1048.0,0.0,0.0,0.0,0.0,-3.0,-3.0,0.0
1.0,15.0,1046.0,1046.0,32806.0,,,1198.0,32118.0,,1734.0,1734.0,33852.0,66065.0,-52232.0,,13833.0,13965.0,13007.0,-958.0
1.0,15.0,408.0,408.0,137.0,,,18.0,270.0,,275.0,1.0,545.0,72.0,-49.0,,23.0,-140.0,-141.0,-1.0
0.0,15.0,1114566.0,661627.0,6609003.0,1366312.0,4888117.0,32848.0,1181085.0,677198.0,5865287.0,5653740.0,7723569.0,7782584.0,-6522077.0,1260507.0,777174.0,563884.0,393570.0,-170314.0
1.0,15.0,,,4819.0,0.0,,0.0,1933.0,0.0,2886.0,2886.0,4819.0,10190.0,-7883.0,,2307.0,2268.0,1984.0,-284.0
0.0,15.0,1963424.0,268364.0,61151.0,17.0,59419.0,508.0,1765393.0,173447.0,85735.0,81066.0,2024575.0,665825.0,-364075.0,301750.0,247145.0,231347.0,169355.0,-61992.0
1.0,15.0,,,1398.0,815.0,,583.0,1371.0,,27.0,0.0,1398.0,598.0,-598.0,,0.0,0.0,-6.0,-6.0
1.0,15.0,,,11556.0,10071.0,,1443.0,9818.0,1025.0,713.0,713.0,11557.0,13363.0,-14245.0,,-882.0,-1305.0,-1440.0,-135.0
1.0,15.0,,,6192.0,30.0,,1949.0,5032.0,,1160.0,1160.0,6192.0,2438.0,-1565.0,,873.0,1734.0,1662.0,-72.0
0.0,15.0,,,92.0,,,92.0,82.0,,10.0,10.0,92.0,161.0,,161.0,161.0,40.0,30.0,-10.0
0.0,15.0,0.0,0.0,104.0,103.0,0.0,1.0,104.0,0.0,0.0,0.0,104.0,1116.0,-1005.0,111.0,111.0,111.0,94.0,
1.0,10.0,,,28637.0,105.0,,4325.0,18071.0,3100.0,7466.0,3013.0,28637.0,65903.0,-66181.0,,-278.0,-29.0,-689.0,-660.0
1.0,10.0,229158.0,55118.0,47293.0,5513.0,,30068.0,-439756.0,468428.0,247780.0,244809.0,276451.0,,-812.0,,-812.0,-34319.0,-48853.0,-14534.0
1.0,10.0,,,13707.0,0.0,,12041.0,2380.0,,11327.0,11327.0,13707.0,45354.0,-41080.0,,4274.0,4581.0,3436.0,-1145.0
0.0,10.0,,,11216.0,5892.0,4081.0,243.0,10312.0,0.0,904.0,904.0,11216.0,113852.0,-104722.0,9130.0,7142.0,5407.0,1555.0,-1352.0
1.0,10.0,1519.0,1519.0,6389.0,,,6371.0,6474.0,,1434.0,1434.0,7908.0,18148.0,-16266.0,,1882.0,1338.0,967.0,-371.0
0.0,10.0,0.0,0.0,2830.0,396.0,2418.0,16.0,1853.0,0.0,977.0,977.0,2830.0,14995.0,-288.0,14707.0,-128.0,191.0,116.0,-133.0
1.0,10.0,1654.0,1654.0,10857.0,618.0,,1317.0,10760.0,,1751.0,1751.0,12511.0,60312.0,-56096.0,,4216.0,4458.0,2660.0,-1798.0
1.0,10.0,144.0,144.0,24791.0,4585.0,,599.0,5066.0,11148.0,8721.0,8721.0,24935.0,138743.0,-130669.0,,8074.0,3260.0,1478.0,-1782.0
1.0,10.0,8202.0,7902.0,5614.0,4543.0,,70.0,6820.0,6546.0,450.0,450.0,13816.0,8400.0,-8139.0,,261.0,-89.0,-89.0,0.0
0.0,10.0,1298.0,86.0,2714.0,0.0,1021.0,1692.0,2212.0,0.0,1800.0,1800.0,4012.0,8012.0,-1497.0,6515.0,1025.0,1445.0,962.0,-483.0
1.0,10.0,33.0,,258.0,,,0.0,-88.0,305.0,74.0,64.0,291.0,197.0,-288.0,,-91.0,-91.0,-91.0,0.0
1.0,10.0,,,29228.0,,,47.0,22290.0,,6938.0,6938.0,29228.0,80705.0,-78893.0,,1812.0,778.0,207.0,-571.0
1.0,10.0,,,10677.0,,,3212.0,750.0,,9927.0,4206.0,10677.0,57218.0,-45281.0,,11937.0,10840.0,10840.0,
0.0,10.0,2259.0,0.0,14195.0,35.0,13341.0,819.0,5707.0,9762.0,985.0,985.0,16454.0,10034.0,-7348.0,2686.0,629.0,360.0,142.0,-218.0
1.0,10.0,,,6312.0,4337.0,,313.0,6222.0,,89.0,89.0,6312.0,6089.0,-5980.0,,109.0,71.0,53.0,-18.0
1.0,10.0,,,6.0,,,6.0,6.0,,,,6.0,,,,,,,
1.0,10.0,,,985.0,0.0,,175.0,210.0,699.0,76.0,76.0,985.0,8418.0,-7711.0,,707.0,600.0,407.0,-193.0
1.0,10.0,,,3486.0,167.0,,718.0,2458.0,,1028.0,1028.0,3486.0,18860.0,-16338.0,,2522.0,2437.0,2067.0,-370.0
1.0,10.0,,,2136.0,,,382.0,,,78.0,78.0,2136.0,,,,,,,
1.0,10.0,1394.0,1394.0,7277.0,0.0,,1477.0,7986.0,,685.0,685.0,8671.0,41947.0,-17939.0,,24008.0,24437.0,22793.0,-1644.0
1.0,10.0,7336.0,7336.0,67570.0,3282.0,,14280.0,60108.0,0.0,14798.0,14798.0,74906.0,312389.0,-259457.0,,52932.0,53068.0,42369.0,-10699.0
0.0,10.0,,,20705.0,,851.0,19854.0,0.0,,20705.0,500.0,20705.0,4890.0,-4890.0,0.0,0.0,0.0,0.0,
1.0,10.0,39438.0,39438.0,1217.0,29.0,,34.0,26266.0,9291.0,5098.0,4307.0,40655.0,21041.0,-20311.0,,730.0,857.0,165.0,-692.0
0.0,10.0,65.0,65.0,18341.0,200.0,17963.0,178.0,2450.0,400.0,15556.0,15556.0,18406.0,68171.0,-67207.0,964.0,964.0,350.0,350.0,0.0
0.0,10.0,,,,,,,10000.0,,,,0.0,,,,,,,
1.0,10.0,5496.0,5496.0,6133.0,977.0,,381.0,2768.0,-1135.0,9996.0,8861.0,11629.0,17409.0,-14501.0,,2908.0,4902.0,3695.0,-1207.0
1.0,10.0,1335.0,1335.0,20571.0,1.0,,4594.0,18678.0,0.0,3228.0,3228.0,21906.0,40005.0,-28567.0,,11438.0,12479.0,9354.0,-3125.0
0.0,10.0,41627.0,0.0,117658.0,149.0,111340.0,5662.0,48216.0,12877.0,98192.0,92118.0,159285.0,1469784.0,-1358568.0,111216.0,17614.0,12382.0,9027.0,-3355.0
1.0,10.0,123391.0,103661.0,142900.0,16638.0,,2528.0,149406.0,4445.0,112440.0,108420.0,266291.0,208991.0,-180145.0,,28846.0,30335.0,21623.0,-8712.0
0.0,10.0,12695.0,11695.0,20893.0,14783.0,3971.0,2123.0,31078.0,,2510.0,2510.0,33588.0,61757.0,-33633.0,28124.0,1500.0,1152.0,764.0,-377.0
1.0,10.0,,,85.0,,,2.0,85.0,,,,85.0,,,,,,,
1.0,10.0,169.0,169.0,5091.0,2086.0,,11.0,4985.0,20.0,255.0,255.0,5260.0,8830.0,-8468.0,,362.0,553.0,395.0,-158.0
1.0,10.0,3882.0,3882.0,7825.0,0.0,,4453.0,1909.0,0.0,9798.0,9798.0,11707.0,14478.0,-13471.0,,1007.0,827.0,615.0,-212.0
1.0,10.0,5608.0,5608.0,15318.0,236.0,,5.0,2276.0,,18650.0,16567.0,20927.0,,-2760.0,,-2760.0,-1265.0,-1264.0,-1.0
1.0,10.0,13676.0,12146.0,15051.0,2896.0,,6604.0,7562.0,,21165.0,21165.0,28727.0,50325.0,-55723.0,,-5398.0,178.0,-669.0,-847.0
1.0,10.0,573.0,573.0,13.0,,,13.0,554.0,25.0,7.0,7.0,586.0,3638.0,-3336.0,,302.0,303.0,258.0,-45.0
0.0,10.0,,,1879.0,0.0,1010.0,869.0,1869.0,,10.0,10.0,1879.0,3661.0,-703.0,2958.0,2958.0,2940.0,2898.0,
1.0,10.0,,,2128.0,1888.0,,20.0,-5590.0,0.0,7718.0,7255.0,2129.0,17031.0,-10229.0,,6802.0,6824.0,6646.0,-178.0
1.0,10.0,,,2491.0,,,2491.0,,2491.0,,,2491.0,,,,,,,
1.0,10.0,1055.0,1055.0,319.0,,,233.0,1030.0,206.0,138.0,138.0,1374.0,913.0,-832.0,,81.0,70.0,36.0,-34.0
1.0,10.0,29733.0,29733.0,60581.0,17185.0,,1864.0,31919.0,13649.0,44746.0,44746.0,90314.0,103511.0,-105211.0,,-1700.0,782.0,782.0,0.0
0.0,10.0,3535.0,3535.0,42945.0,7258.0,6853.0,0.0,8030.0,28392.0,10058.0,6176.0,46480.0,0.0,0.0,0.0,-2560.0,17.0,14.0,-3.0
1.0,10.0,1084.0,1084.0,1077.0,93.0,,0.0,1728.0,,433.0,433.0,2161.0,11418.0,-10476.0,,942.0,698.0,549.0,-149.0
1.0,10.0,,,1282.0,1077.0,,205.0,10.0,,1272.0,,1282.0,14671.0,-13611.0,,1060.0,1060.0,1060.0,0.0
1.0,10.0,596.0,73.0,1431.0,3.0,,619.0,1899.0,,128.0,128.0,2027.0,6585.0,-6265.0,,320.0,295.0,230.0,-65.0
1.0,10.0,,,198.0,189.0,,1.0,175.0,,23.0,23.0,198.0,990.0,-946.0,,44.0,24.0,12.0,-12.0
0.0,10.0,2601.0,66.0,15374.0,269.0,10212.0,693.0,10414.0,0.0,7561.0,7561.0,17975.0,15689.0,-13579.0,2110.0,437.0,343.0,-24.0,-181.0
1.0,10.0,0.0,,361.0,,,4.0,344.0,,17.0,17.0,361.0,409.0,-259.0,,150.0,-43.0,-51.0,-8.0
0.0,10.0,,,22021.0,4803.0,13459.0,789.0,-488.0,15821.0,6688.0,6688.0,22021.0,244569.0,-208600.0,35969.0,4243.0,2617.0,1957.0,-660.0
0.0,10.0,0.0,0.0,391.0,0.0,0.0,0.0,391.0,0.0,0.0,0.0,391.0,,,,,0.0,0.0,
1.0,10.0,,,1300.0,55.0,,170.0,1288.0,,12.0,12.0,1300.0,452.0,-10.0,,442.0,441.0,414.0,-27.0
0.0,10.0,,,10.0,,10.0,,10.0,,,,10.0,,,,,,,
1.0,10.0,,,5369.0,4822.0,,547.0,-4267.0,8703.0,933.0,933.0,5369.0,5071.0,-4625.0,,446.0,341.0,126.0,-215.0
0.0,10.0,,,7117.0,,4463.0,,2498.0,,4619.0,4619.0,7117.0,0.0,0.0,0.0,0.0,0.0,0.0,0.0
0.0,10.0,0.0,0.0,57.0,0.0,6.0,51.0,57.0,0.0,0.0,0.0,57.0,1602.0,-1461.0,141.0,74.0,57.0,43.0,-14.0
0.0,10.0,497.0,,3609.0,11.0,2855.0,235.0,1574.0,120.0,2412.0,2412.0,4106.0,1952.0,-1148.0,804.0,429.0,100.0,75.0,-25.0
1.0,10.0,,,13414.0,12593.0,,487.0,3281.0,,10133.0,137.0,13414.0,2350.0,-2362.0,,-12.0,-83.0,-119.0,-36.0
1.0,10.0,,,23.0,11.0,,0.0,14.0,,9.0,9.0,23.0,1955.0,-1701.0,,254.0,254.0,216.0,-38.0
1.0,10.0,,,1.0,,,1.0,-140.0,141.0,1.0,1.0,1.0,,-15.0,,-15.0,-16.0,-16.0,
1.0,10.0,0.0,0.0,11526.0,465.0,,8519.0,9463.0,,2063.0,2063.0,11526.0,67749.0,-59346.0,,8403.0,7874.0,6598.0,-1276.0
1.0,10.0,2330.0,2330.0,43102.0,5924.0,,14061.0,15610.0,0.0,29822.0,29822.0,45432.0,54542.0,-49570.0,,4972.0,4250.0,3709.0,-541.0
1.0,10.0,31563.0,31563.0,80081.0,1418.0,,2425.0,7905.0,2535.0,101204.0,100943.0,111644.0,170352.0,-163414.0,,6938.0,7480.0,6367.0,-1113.0
1.0,10.0,0.0,,13415.0,1944.0,,958.0,1038.0,,12377.0,12377.0,13415.0,2992.0,-2862.0,,130.0,58.0,44.0,-14.0
1.0,10.0,,,221831.0,40316.0,,404.0,26319.0,,195512.0,194783.0,221831.0,290156.0,-270551.0,,19605.0,13082.0,9513.0,-3569.0
0.0,10.0,30.0,0.0,46736.0,18696.0,15256.0,84.0,30162.0,0.0,16604.0,16604.0,46766.0,191507.0,-170050.0,21457.0,21457.0,21041.0,17885.0,-3156.0
1.0,10.0,0.0,0.0,4604.0,3.0,,14.0,3682.0,,923.0,923.0,4605.0,5478.0,-7380.0,,-1902.0,2221.0,1869.0,-352.0
0.0,10.0,3905.0,3535.0,48128.0,328.0,27554.0,20246.0,46068.0,,5965.0,4358.0,52033.0,206792.0,-137033.0,69759.0,18401.0,15484.0,10684.0,-4800.0
1.0,10.0,0.0,0.0,10974.0,9046.0,,1.0,9446.0,0.0,1528.0,1528.0,10974.0,13217.0,-12801.0,,416.0,416.0,312.0,-104.0
1.0,10.0,,,338.0,,,96.0,279.0,,59.0,59.0,338.0,2738.0,-2708.0,,30.0,30.0,-52.0,-82.0
1.0,10.0,,,451.0,,,357.0,413.0,,38.0,38.0,451.0,1389.0,-1009.0,,380.0,362.0,323.0,-39.0
0.0,10.0,,,,,,,0.0,,,,0.0,,,,,,,
1.0,10.0,,,198.0,,,1.0,198.0,,,,198.0,,,,,,,
1.0,10.0,,,439.0,0.0,,181.0,-1097.0,1400.0,136.0,136.0,439.0,4633.0,-4276.0,,357.0,324.0,115.0,-209.0
0.0,10.0,22992.0,22992.0,20899.0,12855.0,5357.0,1886.0,25310.0,,18581.0,12325.0,43891.0,215118.0,-202576.0,12542.0,-3077.0,-3147.0,-3200.0,-53.0
1.0,10.0,9359.0,9294.0,86865.0,13194.0,,10498.0,1725.0,,94499.0,94499.0,96224.0,134459.0,-130570.0,,3889.0,1959.0,1777.0,-182.0
1.0,10.0,0.0,,3631.0,591.0,,25.0,152.0,,3479.0,2715.0,3631.0,28974.0,-26898.0,,2076.0,953.0,45.0,-908.0
1.0,10.0,,,6068.0,,,193.0,193.0,3875.0,2000.0,1800.0,6068.0,6068.0,-5590.0,,478.0,478.0,406.0,-72.0
0.0,10.0,68.0,68.0,148239.0,96981.0,29301.0,21957.0,133283.0,,15024.0,11650.0,148307.0,252439.0,-197810.0,54629.0,17058.0,16903.0,13178.0,
1.0,10.0,2700.0,,8060.0,0.0,,4157.0,1883.0,8100.0,777.0,777.0,10760.0,55949.0,-55330.0,,619.0,-603.0,-687.0,-84.0
1.0,10.0,,,1754.0,972.0,,193.0,1522.0,,232.0,182.0,1754.0,6268.0,-5800.0,,468.0,441.0,331.0,-110.0
1.0,10.0,,,426.0,,,426.0,132.0,,294.0,294.0,426.0,1313.0,-1195.0,,118.0,118.0,103.0,-15.0
1.0,10.0,,,20879.0,,,19696.0,19837.0,,1042.0,1042.0,20879.0,58860.0,-58778.0,,82.0,82.0,82.0,
1.0,10.0,,,1832.0,211.0,,15.0,1714.0,,118.0,118.0,1832.0,6267.0,-5811.0,,456.0,422.0,355.0,-67.0
0.0,10.0,,,,,,,,,33.0,,0.0,,,,,,,
1.0,10.0,,,50.0,4.0,,15.0,50.0,,0.0,0.0,50.0,911.0,-856.0,,55.0,33.0,6.0,-27.0
1.0,10.0,18424.0,21.0,67227.0,10519.0,,626.0,82142.0,,3509.0,3509.0,85651.0,140502.0,-138639.0,,1863.0,-11151.0,-12047.0,-896.0
1.0,10.0,,,983.0,,,975.0,978.0,,5.0,5.0,983.0,,-74.0,,-74.0,66.0,56.0,-10.0
1.0,10.0,,,2.0,,,2.0,,,2.0,2.0,2.0,,,,,,,
1.0,10.0,,,126.0,0.0,,126.0,126.0,,0.0,0.0,126.0,,,,,-359.0,-359.0,
0.0,10.0,224.0,0.0,24302.0,13828.0,8523.0,2.0,641.0,0.0,23886.0,23886.0,24527.0,54718.0,-45121.0,9597.0,972.0,711.0,477.0,-234.0
0.0,10.0,0.0,,1520.0,0.0,723.0,206.0,,,257.0,257.0,1520.0,14857.0,-15904.0,-1047.0,-1047.0,-1180.0,-1180.0,
1.0,10.0,,,32673.0,0.0,,28869.0,,,875.0,875.0,32673.0,3048.0,-3048.0,,0.0,0.0,0.0,
1.0,10.0,,,1848.0,1648.0,,200.0,,,71.0,71.0,1848.0,,,,,,,
1.0,10.0,,,,,,,-69914.0,,69914.0,69914.0,0.0,,,,,-400.0,-400.0,
0.0,10.0,,,11.0,,,11.0,11.0,,,,11.0,,,,,,,
0.0,10.0,,,0.0,,,,10000.0,,,,0.0,,,,,,,
1.0,10.0,,,1297.0,,,0.0,1290.0,,7.0,7.0,1297.0,0.0,-124.0,,-124.0,-311.0,-312.0,-1.0
1.0,10.0,747.0,747.0,5805.0,2578.0,,53.0,945.0,0.0,5607.0,5607.0,6552.0,20631.0,-20524.0,,107.0,-766.0,-836.0,-70.0
1.0,10.0,0.0,,17.0,0.0,,17.0,17.0,,,,17.0,,,,,-40.0,-40.0,
0.0,10.0,,,624.0,75.0,549.0,,624.0,,,,624.0,,,,,,,
1.0,10.0,24980.0,17597.0,21033.0,2220.0,,11708.0,20695.0,2140.0,23178.0,23178.0,46013.0,34519.0,-33830.0,,689.0,22656.0,19404.0,-3252.0
1.0,10.0,4183.0,4183.0,11076.0,,,56.0,15061.0,171.0,27.0,27.0,15259.0,3367.0,-897.0,,2470.0,3159.0,2972.0,-187.0
1.0,10.0,11.0,0.0,17982.0,11006.0,,402.0,5551.0,,12442.0,9952.0,17993.0,11473.0,-11655.0,,-182.0,38.0,1.0,-37.0
1.0,10.0,,,388.0,,,355.0,377.0,,11.0,11.0,388.0,122.0,-194.0,,-72.0,-170.0,-171.0,-1.0
1.0,10.0,2186.0,2186.0,2354.0,203.0,,37.0,1418.0,0.0,3122.0,3122.0,4540.0,23769.0,-20754.0,,3015.0,-41.0,-248.0,-207.0
1.0,10.0,30427.0,30427.0,48236.0,24795.0,,3125.0,38765.0,,39898.0,15093.0,78663.0,172135.0,-162398.0,,9737.0,312.0,81.0,-231.0
1.0,10.0,6397.0,6397.0,17447.0,8397.0,,1730.0,6484.0,7400.0,9960.0,8021.0,23844.0,75410.0,-59921.0,,15489.0,88.0,66.0,-22.0
1.0,10.0,10389.0,0.0,13377.0,67.0,,0.0,18246.0,,5520.0,5520.0,23766.0,6172.0,-11506.0,,-5334.0,-5264.0,-5738.0,-474.0
1.0,10.0,0.0,0.0,424.0,0.0,,424.0,12.0,,412.0,0.0,424.0,665.0,-641.0,,24.0,2.0,2.0,0.0
1.0,10.0,,,16333.0,556.0,,3615.0,14687.0,,1646.0,1646.0,16333.0,52472.0,-39560.0,,12912.0,12770.0,11466.0,-1304.0
1.0,10.0,3.0,,587.0,157.0,,3.0,465.0,,125.0,91.0,590.0,3171.0,-3135.0,,36.0,33.0,-63.0,-96.0
1.0,10.0,0.0,0.0,2358.0,96.0,,80.0,,,2358.0,868.0,2358.0,1079.0,-2400.0,,-1321.0,-1321.0,-1321.0,
1.0,10.0,,,2999.0,44.0,,193.0,1005.0,75.0,1919.0,1919.0,2999.0,11358.0,-11185.0,,173.0,118.0,118.0,0.0
1.0,10.0,,,5752.0,,,5752.0,,,,,5752.0,,,,,,0.0,
1.0,10.0,1127.0,1127.0,7879.0,1891.0,,13.0,-8388.0,4013.0,13381.0,13331.0,9005.0,15651.0,-17544.0,,-1893.0,-2025.0,-2069.0,-44.0
1.0,10.0,,,792.0,625.0,,17.0,65.0,,726.0,726.0,791.0,0.0,-50.0,,-50.0,46.0,33.0,-13.0
0.0,10.0,0.0,,3821.0,0.0,1573.0,2.0,195.0,,3626.0,25.0,3821.0,0.0,0.0,0.0,0.0,0.0,0.0,0.0
1.0,10.0,,,13123.0,1438.0,,11409.0,12921.0,,202.0,202.0,13123.0,49714.0,-47509.0,,2205.0,1416.0,831.0,-585.0
1.0,10.0,412.0,412.0,31996.0,0.0,,0.0,-11450.0,,43858.0,43448.0,32408.0,0.0,0.0,,,0.0,0.0,0.0
1.0,10.0,,,544.0,,,534.0,10.0,,534.0,534.0,544.0,0.0,0.0,,,0.0,0.0,0.0
0.0,10.0,5.0,,5382.0,2497.0,2139.0,736.0,4675.0,1.0,711.0,707.0,5387.0,11783.0,-9065.0,2718.0,1110.0,1145.0,856.0,-289.0
1.0,10.0,158.0,158.0,5935.0,416.0,,78.0,4250.0,,1843.0,1843.0,6093.0,40661.0,-36912.0,,3749.0,3427.0,2557.0,-870.0
1.0,10.0,4434.0,4434.0,3120.0,188.0,,288.0,6830.0,,724.0,724.0,7554.0,4571.0,-5212.0,,-641.0,-665.0,-822.0,-157.0
1.0,10.0,,,10.0,10.0,,0.0,10.0,,,,10.0,0.0,0.0,,,0.0,0.0,0.0
1.0,10.0,,,2919.0,2525.0,,341.0,2754.0,,165.0,165.0,2919.0,7286.0,-6411.0,,875.0,692.0,475.0,-217.0
1.0,10.0,,,211.0,,,0.0,178.0,,33.0,28.0,211.0,818.0,-950.0,,-132.0,-152.0,-162.0,-10.0
0.0,10.0,149.0,,6750.0,720.0,5954.0,70.0,255.0,,6644.0,6644.0,6899.0,6837.0,-4099.0,2738.0,-479.0,-435.0,-532.0,-97.0
1.0,10.0,,,2598.0,1270.0,,186.0,1241.0,,1357.0,1157.0,2598.0,18579.0,-16863.0,,1716.0,1687.0,1265.0,-422.0
1.0,10.0,,,445.0,0.0,,0.0,,,114.0,114.0,445.0,0.0,0.0,,,0.0,0.0,
1.0,10.0,29.0,29.0,1455.0,673.0,,782.0,614.0,28.0,842.0,,1484.0,6067.0,-5274.0,,793.0,692.0,692.0,
0.0,10.0,119909.0,96704.0,13660.0,12028.0,1112.0,128.0,-37152.0,92753.0,77968.0,69299.0,133569.0,23130.0,-26120.0,-2990.0,-10201.0,2446.0,1775.0,-671.0
0.0,10.0,323.0,317.0,5345.0,47.0,3674.0,1624.0,-5453.0,,11121.0,11121.0,5668.0,25921.0,-17966.0,7955.0,-1768.0,-1893.0,-2169.0,-276.0
1.0,10.0,53974.0,53974.0,45884.0,34198.0,,6742.0,89838.0,5951.0,4069.0,4069.0,99858.0,90326.0,-104258.0,,-13932.0,-16771.0,-17877.0,-1106.0
0.0,10.0,0.0,0.0,1949.0,51.0,87.0,1811.0,-995.0,0.0,2944.0,2944.0,1949.0,15733.0,0.0,15733.0,388.0,339.0,9.0,-330.0
0.0,10.0,10292.0,10292.0,136537.0,11352.0,3217.0,21193.0,143573.0,0.0,3256.0,3256.0,146829.0,71704.0,-40650.0,31054.0,-3528.0,-5815.0,-8962.0,-3147.0
1.0,10.0,0.0,,6.0,0.0,,,-32.0,,38.0,,6.0,,,,,,,
0.0,10.0,409.0,361.0,33306.0,1529.0,31777.0,0.0,1943.0,85.0,31687.0,31519.0,33715.0,0.0,0.0,0.0,0.0,0.0,0.0,0.0
0.0,10.0,,,1642.0,,1122.0,520.0,1357.0,,285.0,285.0,1642.0,19.0,,19.0,19.0,19.0,16.0,-3.0
0.0,10.0,4502.0,,23742.0,8145.0,14799.0,798.0,22368.0,0.0,5876.0,5876.0,28244.0,0.0,0.0,0.0,0.0,0.0,0.0,0.0
1.0,10.0,,,392.0,0.0,,132.0,210.0,0.0,182.0,182.0,392.0,10455.0,-10098.0,,357.0,330.0,248.0,-82.0
1.0,10.0,316.0,316.0,11762.0,0.0,,580.0,-9592.0,,21670.0,21670.0,12078.0,73977.0,-109406.0,,-35429.0,-36330.0,-37260.0,-930.0
1.0,10.0,16657.0,1157.0,3246.0,8.0,,2207.0,18997.0,,906.0,906.0,19903.0,59406.0,-45257.0,,14149.0,13919.0,11641.0,-2278.0
0.0,10.0,1703.0,1703.0,13266.0,8127.0,5138.0,1.0,275.0,2449.0,12245.0,9538.0,14969.0,,,,-39.0,-53.0,-53.0,
1.0,10.0,6648.0,6648.0,52795.0,1218.0,,3050.0,13951.0,4645.0,40847.0,40287.0,59443.0,,,,,,,
1.0,10.0,94.0,94.0,9146.0,7407.0,,949.0,8542.0,,698.0,698.0,9240.0,13491.0,-12966.0,,525.0,377.0,241.0,-136.0
1.0,10.0,2332.0,2332.0,692.0,0.0,,692.0,-104.0,0.0,3128.0,405.0,3024.0,6348.0,-6222.0,,126.0,126.0,95.0,-31.0
0.0,10.0,1887.0,1887.0,37939.0,3705.0,10238.0,1979.0,38161.0,0.0,1665.0,1665.0,39826.0,48394.0,-32354.0,16040.0,8260.0,10968.0,9282.0,-1686.0
1.0,10.0,1485.0,1485.0,6848.0,443.0,,1101.0,3789.0,44.0,4500.0,4500.0,8333.0,5509.0,-3225.0,,2284.0,2203.0,1578.0,-625.0
1.0,10.0,,,4573.0,604.0,,269.0,1777.0,2.0,2794.0,2784.0,4573.0,8631.0,-8239.0,,392.0,363.0,104.0,-259.0
1.0,10.0,52.0,,32058.0,803.0,,157.0,15937.0,13148.0,3024.0,2732.0,32110.0,125997.0,-115439.0,,10558.0,4586.0,3440.0,-1146.0
1.0,10.0,27.0,27.0,623.0,,,76.0,-14055.0,13621.0,1084.0,0.0,650.0,216.0,-2611.0,,-2395.0,-3212.0,-3225.0,-13.0
1.0,10.0,177.0,177.0,2880.0,0.0,,0.0,182.0,2058.0,817.0,817.0,3057.0,11155.0,-10439.0,,716.0,12.0,12.0,0.0
0.0,10.0,4802.0,4802.0,9658.0,,9657.0,1.0,13045.0,0.0,1415.0,257.0,14460.0,9950.0,-7968.0,1982.0,1982.0,524.0,149.0,-304.0
1.0,10.0,,,2291.0,,,76.0,1778.0,,513.0,279.0,2291.0,14789.0,-14110.0,,679.0,679.0,531.0,-148.0
1.0,10.0,0.0,0.0,67404.0,21.0,,0.0,67404.0,0.0,0.0,0.0,67404.0,0.0,0.0,,,0.0,0.0,0.0
1.0,10.0,64425.0,64425.0,444.0,,,92.0,-4390.0,66213.0,3048.0,987.0,64870.0,,0.0,,0.0,-16.0,-16.0,
1.0,10.0,85.0,,1.0,,,1.0,-54.0,60.0,80.0,70.0,86.0,,-12.0,,-12.0,-12.0,-12.0,0.0
1.0,10.0,637.0,637.0,24800.0,21329.0,,227.0,13547.0,1587.0,10303.0,10303.0,25437.0,109547.0,-109142.0,,405.0,-10361.0,-11475.0,-1114.0
1.0,10.0,18.0,,3635.0,1406.0,,355.0,2628.0,,1025.0,1025.0,3653.0,8274.0,-6941.0,,1333.0,1318.0,976.0,-342.0
1.0,10.0,,,5.0,0.0,,3.0,-72.0,,77.0,39.0,5.0,1347.0,-1334.0,,13.0,-3.0,-16.0,-13.0
1.0,10.0,,,208.0,,,5.0,176.0,,31.0,31.0,207.0,,,,,-359.0,-359.0,
0.0,10.0,,,10.0,,,10.0,10.0,,,,10.0,,,,,,,
0.0,10.0,0.0,0.0,8630.0,1921.0,6501.0,201.0,2327.0,0.0,6303.0,6303.0,8630.0,38065.0,-30235.0,7830.0,347.0,135.0,-208.0,-343.0
1.0,10.0,,,44.0,36.0,,0.0,10.0,,34.0,34.0,44.0,0.0,0.0,,,0.0,0.0,0.0
1.0,10.0,1982.0,1982.0,3107.0,1996.0,,624.0,1302.0,3312.0,475.0,475.0,5089.0,6567.0,-6507.0,,60.0,-1.0,-18.0,-17.0
1.0,10.0,32529.0,32529.0,9524.0,0.0,,997.0,1842.0,38229.0,1982.0,1982.0,42053.0,90784.0,-87169.0,,3615.0,73.0,22.0,-51.0
0.0,10.0,,,1749.0,361.0,1319.0,69.0,949.0,,800.0,295.0,1749.0,3345.0,-3064.0,281.0,281.0,281.0,242.0,-39.0
1.0,10.0,,,10.0,,,10.0,10.0,0.0,0.0,0.0,10.0,,,,,,0.0,
0.0,10.0,12991.0,12985.0,42190.0,4630.0,1362.0,93.0,52906.0,0.0,2275.0,2275.0,55181.0,56059.0,-38620.0,17439.0,11192.0,14739.0,14739.0,0.0
1.0,10.0,,,495.0,271.0,,88.0,295.0,192.0,8.0,8.0,495.0,514.0,-532.0,,-18.0,-26.0,-31.0,-5.0
0.0,10.0,160.0,160.0,30445.0,10093.0,12905.0,5655.0,23032.0,2187.0,5386.0,5386.0,30605.0,124343.0,-69347.0,54996.0,17155.0,17155.0,17155.0,0.0
0.0,10.0,6619.0,6619.0,34126.0,13439.0,19689.0,998.0,26879.0,0.0,13866.0,10029.0,40745.0,289785.0,-15623.0,274162.0,11737.0,11673.0,8755.0,-2918.0
1.0,10.0,,,1155.0,181.0,,73.0,1054.0,,101.0,101.0,1155.0,1783.0,-1615.0,,168.0,151.0,98.0,-53.0
1.0,10.0,31.0,31.0,857.0,,,7.0,887.0,,1.0,1.0,888.0,3927.0,-3644.0,,283.0,248.0,248.0,
1.0,10.0,,,87188.0,68088.0,,4379.0,83790.0,,3398.0,3341.0,87188.0,39297.0,-24320.0,,14977.0,12356.0,11177.0,-1179.0
0.0,10.0,176.0,176.0,1588.0,1088.0,483.0,4.0,-86.0,1312.0,537.0,537.0,1764.0,2786.0,-105.0,2681.0,15.0,10.0,9.0,-1.0
1.0,10.0,,,14124.0,1.0,,76.0,597.0,3535.0,9991.0,9991.0,14123.0,0.0,-6.0,,-6.0,-22.0,-22.0,0.0
1.0,10.0,,,32.0,,,14.0,32.0,,0.0,0.0,32.0,0.0,0.0,,,-81.0,-81.0,0.0
1.0,10.0,,,19104.0,12300.0,,846.0,1785.0,3200.0,14119.0,14119.0,19104.0,100397.0,-93613.0,,6784.0,6333.0,407.0,-5926.0
0.0,10.0,,,47.0,,0.0,47.0,47.0,0.0,0.0,0.0,47.0,4.0,0.0,4.0,-619.0,16.0,9.0,-7.0
1.0,10.0,5616.0,5616.0,7375.0,1817.0,,196.0,6568.0,4826.0,1597.0,1597.0,12991.0,60145.0,-53967.0,,6178.0,6050.0,5112.0,-938.0
1.0,10.0,,,970.0,701.0,,38.0,-108.0,,1078.0,1078.0,970.0,5048.0,-5975.0,,-927.0,-1035.0,-1197.0,-162.0
1.0,10.0,600.0,,19300.0,2714.0,,22.0,263.0,,19637.0,18943.0,19900.0,6150.0,-5933.0,,217.0,201.0,151.0,-50.0
1.0,10.0,16448.0,3148.0,31299.0,10273.0,,2154.0,14470.0,,33277.0,33277.0,47747.0,77107.0,-97336.0,,-20229.0,-19648.0,-22416.0,-2768.0
1.0,10.0,2072.0,2072.0,3753.0,2022.0,,10.0,1236.0,3993.0,596.0,596.0,5826.0,23004.0,-21190.0,,1814.0,874.0,613.0,-261.0
1.0,10.0,,,220.0,,,220.0,220.0,,,,220.0,4618.0,-4338.0,,280.0,280.0,210.0,-70.0
1.0,10.0,,,13.0,,,13.0,-406.0,369.0,50.0,50.0,13.0,31741.0,-28272.0,,3469.0,3427.0,1551.0,-1876.0
1.0,10.0,20681.0,19800.0,18154.0,4765.0,,1633.0,11108.0,8306.0,19420.0,13572.0,38834.0,61124.0,-59519.0,,1605.0,2077.0,293.0,-1784.0
1.0,10.0,2249.0,2249.0,15693.0,6679.0,,2648.0,8811.0,7296.0,1835.0,1835.0,17942.0,22259.0,-20678.0,,1581.0,1549.0,1135.0,-414.0
0.0,10.0,30838.0,30838.0,18801.0,8962.0,1007.0,2.0,25324.0,23094.0,1221.0,321.0,49639.0,124851.0,-108775.0,16076.0,16076.0,16076.0,13665.0,-2411.0
1.0,10.0,0.0,0.0,84322.0,671.0,,642.0,9279.0,3380.0,71662.0,71662.0,84322.0,1074.0,-3489.0,,-2415.0,-3771.0,-5045.0,-1274.0
0.0,10.0,97794.0,64.0,40636.0,171.0,5073.0,3151.0,134415.0,0.0,4015.0,4015.0,138430.0,350736.0,-119461.0,231275.0,183183.0,197751.0,197751.0,
1.0,10.0,,,800.0,,,184.0,,,800.0,800.0,800.0,4499.0,-4785.0,,-286.0,-286.0,-286.0,0.0
1.0,10.0,54842.0,54842.0,12305.0,1.0,,77.0,57432.0,5500.0,4215.0,4215.0,67147.0,21177.0,-15595.0,,5582.0,6245.0,5398.0,-847.0
1.0,10.0,4344.0,3410.0,24677.0,10440.0,,116.0,3324.0,10342.0,15356.0,15360.0,29021.0,42075.0,-40036.0,,2039.0,1114.0,835.0,-279.0
1.0,10.0,10.0,10.0,0.0,0.0,,0.0,10.0,,0.0,0.0,10.0,0.0,0.0,,,0.0,0.0,0.0
1.0,10.0,,,2382.0,521.0,,313.0,1045.0,,1337.0,737.0,2382.0,18338.0,-16992.0,,1346.0,803.0,803.0,0.0
0.0,10.0,1721.0,1721.0,65101.0,0.0,63500.0,1601.0,10.0,-3071.0,69883.0,69883.0,66822.0,104130.0,-100916.0,3214.0,3033.0,2560.0,1920.0,-640.0
0.0,10.0,55.0,55.0,55573.0,20910.0,18172.0,5442.0,55628.0,0.0,0.0,,55628.0,51547.0,-40191.0,11356.0,7180.0,7180.0,7180.0,0.0
1.0,10.0,124.0,124.0,20439.0,,,66.0,19565.0,,997.0,997.0,20563.0,13159.0,-12832.0,,327.0,1516.0,1243.0,-273.0
1.0,10.0,,,1031.0,0.0,,984.0,950.0,,81.0,31.0,1031.0,955.0,-668.0,,287.0,-2812.0,-2854.0,-42.0
1.0,10.0,,,3156.0,30.0,,16.0,2543.0,314.0,300.0,0.0,3156.0,,,,,0.0,0.0,0.0
1.0,10.0,103.0,103.0,153.0,10.0,,143.0,14.0,,242.0,0.0,256.0,1406.0,-1199.0,,207.0,186.0,144.0,-42.0
1.0,10.0,0.0,0.0,9645.0,728.0,,4.0,6427.0,,3218.0,3218.0,9645.0,13128.0,-9787.0,,3341.0,3637.0,3221.0,-416.0
1.0,10.0,19046.0,1483.0,40350.0,10431.0,,154.0,-15698.0,19039.0,56055.0,54784.0,59396.0,53346.0,-53805.0,,-459.0,-2249.0,-2788.0,-539.0
1.0,10.0,69.0,69.0,39427.0,11020.0,,37.0,38503.0,,993.0,484.0,39496.0,8931.0,,,8931.0,8902.0,8329.0,-573.0
1.0,10.0,17451.0,13188.0,14818.0,5853.0,,561.0,7626.0,0.0,24643.0,15086.0,32269.0,28645.0,-22304.0,,6341.0,6077.0,5919.0,-158.0
1.0,9.0,16495.0,16495.0,2863.0,513.0,,239.0,2182.0,10180.0,6996.0,6996.0,19358.0,19947.0,-19847.0,,100.0,27.0,20.0,-7.0
1.0,9.0,0.0,,27.0,,,19.0,27.0,,0.0,0.0,27.0,1788.0,-1642.0,,146.0,96.0,17.0,-79.0
1.0,9.0,,,10.0,,,10.0,10.0,,,,10.0,1.0,,,1.0,1.0,1.0,
1.0,9.0,0.0,0.0,391.0,0.0,,90.0,293.0,0.0,98.0,98.0,391.0,1340.0,-1557.0,,-217.0,-223.0,-239.0,-16.0
0.0,9.0,4497.0,4447.0,135439.0,0.0,102877.0,933.0,5170.0,12359.0,122407.0,51747.0,139936.0,179592.0,-164155.0,15437.0,-3679.0,835.0,626.0,-209.0
1.0,9.0,7685.0,7685.0,10799.0,0.0,,118.0,18273.0,0.0,211.0,211.0,18484.0,33162.0,-28990.0,,4172.0,4038.0,3412.0,-626.0
1.0,9.0,2421.0,,1085.0,,,553.0,101.0,,3405.0,3405.0,3506.0,80215.0,-75617.0,,4598.0,4519.0,81.0,-4438.0
1.0,9.0,0.0,,702.0,,,19.0,-5069.0,-398.0,6169.0,822.0,702.0,100.0,-264.0,,-164.0,-164.0,-164.0,
1.0,9.0,0.0,0.0,3950.0,2506.0,,885.0,893.0,0.0,3057.0,2378.0,3950.0,33734.0,-32791.0,,943.0,894.0,670.0,-224.0
0.0,9.0,3600.0,3600.0,24226.0,7633.0,2584.0,0.0,1135.0,17535.0,9156.0,6856.0,27826.0,3088.0,-2288.0,800.0,96.0,10.0,7.0,-3.0
1.0,9.0,,,0.0,0.0,,,0.0,,,,0.0,,0.0,,0.0,-63.0,-63.0,
1.0,9.0,,,2077.0,4.0,,1027.0,655.0,265.0,1157.0,1157.0,2077.0,4863.0,-4204.0,,659.0,621.0,539.0,-82.0
1.0,9.0,,,485.0,150.0,,335.0,10.0,,475.0,340.0,485.0,,,,,,,
0.0,9.0,1506.0,1506.0,54009.0,0.0,52675.0,1334.0,-438970.0,13518.0,480967.0,475967.0,55515.0,15175.0,-12098.0,3077.0,3077.0,-2598.0,-2599.0,-1.0
1.0,9.0,120.0,,697.0,0.0,,57.0,809.0,,8.0,8.0,817.0,963.0,-671.0,,292.0,134.0,101.0,-33.0
0.0,9.0,0.0,0.0,5022.0,0.0,4146.0,876.0,4930.0,0.0,92.0,92.0,5022.0,6192.0,-5263.0,929.0,427.0,427.0,320.0,-107.0
1.0,9.0,,,9211.0,,,9211.0,,9211.0,,,9211.0,,,,,,,
0.0,9.0,7351.0,141.0,36466.0,22992.0,12081.0,1393.0,22736.0,0.0,21081.0,21081.0,43817.0,162608.0,-158674.0,3934.0,-14650.0,-14720.0,-20216.0,-5496.0
1.0,9.0,0.0,0.0,768.0,,,276.0,640.0,,128.0,128.0,768.0,5240.0,-2839.0,,2401.0,2287.0,2136.0,-151.0
1.0,9.0,0.0,0.0,631.0,0.0,,43.0,-671.0,0.0,1302.0,651.0,631.0,1227.0,-1078.0,,149.0,103.0,91.0,-12.0
1.0,9.0,,,105.0,,,21.0,23.0,0.0,82.0,82.0,105.0,38.0,-10.0,,28.0,25.0,23.0,-2.0
1.0,9.0,,,20.0,20.0,,,20.0,,0.0,0.0,20.0,,0.0,,0.0,-215.0,-215.0,
1.0,9.0,8940.0,,1509.0,12.0,,252.0,10355.0,,94.0,94.0,10449.0,23188.0,-21478.0,,1710.0,1670.0,1420.0,-250.0
1.0,9.0,,,3420.0,1424.0,,3.0,913.0,,2507.0,2177.0,3420.0,0.0,0.0,,,0.0,0.0,0.0
1.0,9.0,,,1224.0,1082.0,,75.0,542.0,,682.0,682.0,1224.0,2411.0,-2261.0,,150.0,142.0,112.0,-30.0
1.0,9.0,,,354.0,,,344.0,,,,,354.0,,,,,,,
0.0,9.0,0.0,0.0,210.0,9.0,57.0,114.0,87.0,,123.0,123.0,210.0,2597.0,-1090.0,1507.0,342.0,332.0,184.0,-148.0
1.0,9.0,0.0,0.0,1886.0,155.0,,445.0,73.0,191.0,1622.0,1410.0,1886.0,513.0,-430.0,,83.0,82.0,54.0,-28.0
0.0,9.0,0.0,,541.0,303.0,200.0,38.0,340.0,,201.0,201.0,541.0,12552.0,-13047.0,-495.0,-13542.0,-13775.0,-13775.0,
0.0,9.0,8298.0,8298.0,3972.0,801.0,256.0,1812.0,11403.0,0.0,867.0,867.0,12269.0,30218.0,-27948.0,2270.0,2270.0,748.0,-208.0,-956.0
0.0,9.0,50700.0,50696.0,85414.0,15579.0,60100.0,2887.0,5271.0,45000.0,85843.0,30052.0,136114.0,555050.0,-399507.0,155543.0,40381.0,2898.0,2173.0,-725.0
1.0,9.0,0.0,0.0,2602.0,0.0,,2178.0,-19789.0,20710.0,1681.0,1681.0,2602.0,14430.0,-14575.0,,-145.0,-136.0,-136.0,0.0
1.0,9.0,8756.0,8756.0,4658.0,1082.0,,0.0,-1398.0,,14812.0,14812.0,13414.0,9244.0,-11799.0,,-2555.0,-1784.0,-1784.0,0.0
1.0,9.0,0.0,0.0,4711.0,3482.0,,0.0,210.0,0.0,4501.0,4501.0,4711.0,0.0,0.0,,,0.0,0.0,0.0
1.0,9.0,2313.0,813.0,4423.0,40.0,,445.0,3917.0,0.0,2819.0,2819.0,6736.0,18330.0,-8635.0,,9695.0,7148.0,6792.0,-356.0
0.0,9.0,,,7079.0,,6835.0,216.0,634.0,,6445.0,6445.0,7079.0,21502.0,-19401.0,2101.0,-153.0,833.0,624.0,-209.0
1.0,9.0,,,4987.0,,,24.0,3204.0,,1783.0,158.0,4987.0,1536.0,-1300.0,,236.0,231.0,139.0,-92.0
1.0,9.0,162.0,162.0,2736.0,529.0,,321.0,2436.0,368.0,94.0,94.0,2898.0,2812.0,-2585.0,,227.0,259.0,164.0,-95.0
0.0,9.0,,,23.0,,,23.0,,0.0,23.0,,23.0,184.0,-167.0,17.0,17.0,17.0,23.0,6.0
0.0,9.0,470.0,0.0,28917.0,0.0,25373.0,1308.0,5114.0,125.0,24148.0,6437.0,29387.0,140542.0,-121802.0,18740.0,3234.0,-1352.0,-1469.0,-117.0
1.0,9.0,84.0,84.0,8797.0,87.0,,8397.0,,,315.0,315.0,8881.0,20098.0,-20891.0,,-793.0,375.0,112.0,-263.0
1.0,9.0,113.0,63.0,19424.0,13266.0,,150.0,8445.0,,11092.0,11092.0,19537.0,12457.0,-12240.0,,217.0,510.0,382.0,-128.0
1.0,9.0,40412.0,30162.0,97577.0,34015.0,,6186.0,133505.0,0.0,4484.0,4484.0,137989.0,162572.0,-118769.0,,43803.0,43095.0,39811.0,-3284.0
1.0,9.0,27373.0,14681.0,156426.0,5182.0,,111.0,2635.0,9120.0,172044.0,172044.0,183799.0,312711.0,-309504.0,,3207.0,4736.0,3552.0,-1184.0
1.0,9.0,,,25116.0,0.0,,15069.0,25116.0,0.0,0.0,0.0,25116.0,56572.0,-47975.0,,8597.0,8597.0,7307.0,-1290.0
0.0,9.0,398.0,398.0,8305.0,,457.0,7848.0,8008.0,,695.0,695.0,8703.0,24131.0,-17392.0,6739.0,6739.0,6739.0,6008.0,-731.0
1.0,9.0,,0.0,,0.0,,78.0,0.0,,,68.0,78.0,458.0,-260.0,,,,228.0,-30.0
0.0,9.0,,,916.0,86.0,830.0,0.0,555.0,0.0,361.0,0.0,916.0,5304.0,-5119.0,185.0,185.0,185.0,139.0,-46.0
0.0,9.0,1494.0,1494.0,111.0,11.0,,100.0,25.0,912.0,668.0,668.0,1605.0,6922.0,,6922.0,1560.0,625.0,625.0,
0.0,9.0,31234.0,30115.0,56740.0,22415.0,29072.0,4638.0,37301.0,0.0,50673.0,30909.0,87974.0,94740.0,-83499.0,11241.0,5769.0,4325.0,4122.0,-203.0
0.0,9.0,10.0,,,,,,10.0,,,,10.0,,,,,,,
0.0,9.0,3.0,,294.0,,294.0,,297.0,,,,297.0,,,,,,,
0.0,9.0,,,3964.0,3394.0,469.0,101.0,10.0,,3954.0,554.0,3964.0,18481.0,-17990.0,491.0,491.0,491.0,306.0,-185.0
1.0,9.0,4065.0,4065.0,13826.0,6681.0,,927.0,14660.0,,3231.0,3231.0,17891.0,29738.0,-32022.0,,-2284.0,410.0,86.0,-324.0
1.0,9.0,0.0,0.0,9884.0,363.0,,939.0,5469.0,1797.0,2618.0,2618.0,9884.0,2558.0,-4358.0,,-1800.0,-1832.0,-1949.0,-117.0
0.0,9.0,,,,,,,0.0,,,,0.0,,,,,,,
0.0,9.0,164.0,164.0,51756.0,560.0,50948.0,45.0,48708.0,0.0,3212.0,3212.0,51921.0,216280.0,-204135.0,12145.0,-43319.0,-860.0,-1755.0,-895.0
1.0,9.0,13117.0,12537.0,41386.0,1346.0,,802.0,22412.0,0.0,32091.0,32091.0,54503.0,93952.0,-92455.0,,1497.0,1498.0,565.0,-933.0
0.0,9.0,0.0,,4391.0,2346.0,1690.0,355.0,2646.0,0.0,1745.0,1745.0,4391.0,10158.0,-2697.0,7461.0,1034.0,888.0,666.0,-222.0
1.0,9.0,,,1340.0,355.0,,29.0,395.0,,945.0,945.0,1340.0,1128.0,-1078.0,,50.0,50.0,50.0,
1.0,9.0,,,4811.0,0.0,,382.0,4593.0,0.0,218.0,218.0,4811.0,19462.0,-17520.0,,1942.0,1881.0,658.0,-1223.0
1.0,9.0,,,4521.0,286.0,,2501.0,37.0,,4485.0,4485.0,4521.0,43275.0,-45437.0,,-2162.0,4447.0,3868.0,-579.0
1.0,9.0,319.0,319.0,2612.0,402.0,,0.0,116.0,,2815.0,2149.0,2931.0,10892.0,-10689.0,,203.0,167.0,55.0,-112.0
1.0,9.0,18456.0,15585.0,126244.0,66477.0,,20325.0,98500.0,10853.0,35347.0,35347.0,144700.0,217661.0,-173453.0,,44208.0,44911.0,35404.0,-9507.0
1.0,9.0,0.0,,291.0,,,93.0,62.0,,229.0,229.0,291.0,1386.0,-1321.0,,65.0,47.0,5.0,-42.0
0.0,9.0,0.0,0.0,15893.0,382.0,13301.0,1120.0,-10691.0,8000.0,18584.0,16384.0,15893.0,57840.0,-59244.0,-1404.0,-6862.0,-6003.0,-6003.0,0.0
0.0,9.0,0.0,0.0,8057.0,435.0,3500.0,4122.0,6291.0,,1766.0,1766.0,8057.0,62663.0,-17358.0,45305.0,6049.0,5502.0,4887.0,-615.0
0.0,9.0,,,132.0,131.0,1.0,0.0,132.0,,0.0,0.0,132.0,0.0,0.0,0.0,0.0,0.0,0.0,0.0
1.0,9.0,390.0,390.0,13853.0,3122.0,,45.0,10443.0,3337.0,463.0,463.0,14243.0,4588.0,-1927.0,,2661.0,1214.0,911.0,-303.0
1.0,9.0,2000.0,0.0,5186.0,53.0,,7.0,6863.0,0.0,323.0,323.0,7186.0,8894.0,-8765.0,,129.0,150.0,1.0,-149.0
1.0,9.0,,,1754.0,1522.0,,2.0,-1368.0,,3122.0,2915.0,1754.0,426.0,-907.0,,-481.0,-491.0,-501.0,-10.0
1.0,9.0,180.0,180.0,8119.0,3090.0,,221.0,4747.0,1276.0,2276.0,2276.0,8299.0,2283.0,-4153.0,,-1870.0,-2207.0,-2235.0,-28.0
1.0,9.0,0.0,0.0,7147.0,3493.0,,161.0,4403.0,0.0,2744.0,813.0,7147.0,30012.0,-28863.0,,1149.0,219.0,139.0,-80.0
1.0,9.0,700.0,,108.0,,,93.0,808.0,,0.0,0.0,808.0,0.0,0.0,,,105.0,79.0,-26.0
1.0,9.0,5.0,,725.0,,,25.0,693.0,,37.0,37.0,730.0,726.0,-440.0,,286.0,275.0,251.0,-24.0
1.0,9.0,,,10.0,,,10.0,-93.0,,103.0,,10.0,,-9.0,,-9.0,-17.0,-17.0,
0.0,9.0,5137.0,0.0,1943.0,0.0,1797.0,3.0,5837.0,0.0,1243.0,1243.0,7080.0,6381.0,-2353.0,4028.0,3187.0,33.0,-161.0,-194.0
0.0,9.0,,,10.0,,10.0,,10.0,,,,10.0,,,,,,0.0,
1.0,9.0,2110.0,2110.0,3028.0,266.0,,591.0,2705.0,,2433.0,2433.0,5138.0,16558.0,-15733.0,,825.0,694.0,478.0,-216.0
1.0,9.0,,,290.0,,,0.0,248.0,,42.0,,290.0,1425.0,-1134.0,,291.0,291.0,248.0,-43.0
1.0,9.0,,,,,,,,,,,0.0,,,,,,,
0.0,9.0,0.0,,4254.0,0.0,2621.0,0.0,2971.0,0.0,1283.0,1283.0,4254.0,29765.0,-30384.0,-619.0,-619.0,-480.0,-778.0,-298.0
1.0,9.0,,,13513.0,1407.0,,531.0,12012.0,,1501.0,1501.0,13513.0,31320.0,-31832.0,,-512.0,851.0,634.0,-217.0
1.0,9.0,2041.0,204.0,12960.0,,,97.0,7977.0,0.0,7024.0,7024.0,15001.0,14741.0,-2263.0,,12478.0,11781.0,11445.0,-336.0
1.0,9.0,,,2848.0,2818.0,,30.0,714.0,,2134.0,2134.0,2848.0,6228.0,-5903.0,,325.0,79.0,59.0,-20.0
1.0,9.0,25029.0,25029.0,25166.0,6145.0,,37.0,22798.0,897.0,26500.0,26500.0,50195.0,166513.0,-160509.0,,6004.0,6568.0,4926.0,-1642.0
0.0,9.0,,,606.0,89.0,115.0,402.0,579.0,,27.0,27.0,606.0,7457.0,,7457.0,520.0,520.0,471.0,-49.0
1.0,9.0,4076.0,544.0,132689.0,0.0,,2442.0,14477.0,4828.0,117460.0,117107.0,136765.0,219832.0,-212235.0,,7597.0,7481.0,5587.0,-1894.0
0.0,9.0,0.0,0.0,4186.0,1924.0,748.0,6.0,1875.0,2051.0,261.0,261.0,4186.0,11794.0,-10941.0,853.0,853.0,830.0,702.0,-128.0
1.0,9.0,,,66.0,22.0,,0.0,12.0,0.0,54.0,54.0,66.0,90.0,-88.0,,2.0,2.0,2.0,
0.0,9.0,,,1692.0,,,1692.0,,,1692.0,,1692.0,801.0,-801.0,0.0,0.0,0.0,0.0,
1.0,9.0,117.0,117.0,25524.0,18929.0,,257.0,23132.0,,2509.0,2509.0,25641.0,23553.0,-22366.0,,1187.0,1722.0,1291.0,-431.0
1.0,9.0,3592.0,3412.0,10572.0,6727.0,,685.0,7732.0,2452.0,3980.0,3980.0,14164.0,49813.0,-47881.0,,1932.0,1458.0,836.0,-622.0
0.0,9.0,226.0,77.0,834407.0,34447.0,496645.0,70.0,140102.0,,694531.0,460075.0,834633.0,2336049.0,-1665238.0,670811.0,141251.0,85034.0,62463.0,-22571.0
1.0,9.0,,,28936.0,25862.0,,2149.0,28093.0,,843.0,443.0,28936.0,13205.0,-3808.0,,9397.0,9397.0,9397.0,
1.0,9.0,,,64534.0,27058.0,,5772.0,43849.0,,20685.0,18810.0,64534.0,215256.0,-200552.0,,14704.0,13082.0,9426.0,-3656.0
1.0,9.0,542.0,,21889.0,3198.0,,31.0,20761.0,47.0,1623.0,1623.0,22431.0,,-21.0,,-21.0,443.0,415.0,-28.0
0.0,9.0,7531.0,,0.0,,,0.0,10.0,,7521.0,5597.0,7531.0,,,,,-7521.0,-7521.0,
1.0,9.0,113110.0,113020.0,121319.0,22686.0,,157.0,13953.0,106897.0,113579.0,110567.0,234429.0,595904.0,-320033.0,,275871.0,36962.0,22818.0,-14144.0
1.0,9.0,0.0,,18.0,,,18.0,-277.0,295.0,0.0,0.0,18.0,,0.0,,0.0,-34.0,-34.0,
1.0,9.0,9023.0,9023.0,5326.0,1250.0,,44.0,11696.0,0.0,2653.0,302.0,14349.0,16525.0,-11105.0,,5420.0,5185.0,4518.0,-667.0
1.0,9.0,86.0,38.0,8807.0,5601.0,,640.0,284.0,889.0,7719.0,7607.0,8893.0,8694.0,-8091.0,,603.0,613.0,520.0,-93.0
1.0,9.0,54958.0,54958.0,37396.0,7358.0,,303.0,48886.0,0.0,43468.0,43468.0,92354.0,208612.0,-194301.0,,14311.0,11496.0,7941.0,-3555.0
1.0,9.0,76497.0,76497.0,58728.0,2000.0,,224.0,130625.0,0.0,4600.0,4600.0,135225.0,218820.0,-204207.0,,14613.0,40833.0,30625.0,-10208.0
1.0,9.0,37201.0,32101.0,12415.0,1347.0,,1176.0,30118.0,,19497.0,8197.0,49615.0,63931.0,-75749.0,,-11818.0,-14707.0,-17586.0,-2879.0
1.0,9.0,6497.0,,773.0,,,304.0,-1145.0,7665.0,750.0,750.0,7270.0,0.0,-144.0,,-144.0,-195.0,-213.0,-18.0
1.0,9.0,,,968.0,700.0,,3.0,800.0,,168.0,168.0,968.0,2062.0,-2077.0,,-15.0,-21.0,-84.0,-63.0
0.0,9.0,1257.0,1257.0,1834.0,1659.0,149.0,26.0,120.0,2690.0,281.0,281.0,3091.0,6972.0,-6762.0,210.0,210.0,5.0,5.0,0.0
1.0,9.0,6194.0,4194.0,69977.0,20383.0,,307.0,9857.0,15027.0,51287.0,48987.0,76171.0,488216.0,-482091.0,,6125.0,1899.0,1020.0,-879.0
1.0,9.0,0.0,0.0,4035.0,900.0,,261.0,1356.0,0.0,2679.0,0.0,4035.0,17260.0,-15677.0,,1583.0,1583.0,1346.0,-237.0
1.0,9.0,,,323.0,,,1.0,323.0,,0.0,0.0,323.0,,,,,0.0,0.0,
0.0,9.0,553.0,553.0,0.0,,,0.0,39.0,35.0,479.0,479.0,553.0,334.0,,334.0,42.0,33.0,29.0,
1.0,9.0,1507.0,1507.0,,,,,10.0,1497.0,,,1507.0,12.0,-12.0,,0.0,0.0,0.0,0.0
1.0,9.0,,,510.0,153.0,,300.0,185.0,,325.0,325.0,510.0,3968.0,-3977.0,,-9.0,-6.0,-222.0,-216.0
1.0,9.0,0.0,0.0,0.0,,,,-3998.0,3536.0,461.0,461.0,0.0,,0.0,,0.0,0.0,0.0,0.0
0.0,9.0,0.0,,12264.0,0.0,11994.0,246.0,3528.0,,8736.0,8736.0,12264.0,16161.0,-10825.0,5336.0,585.0,529.0,397.0,-132.0
0.0,9.0,0.0,0.0,11254.0,0.0,11254.0,0.0,-53746.0,65000.0,0.0,0.0,11254.0,0.0,0.0,0.0,0.0,0.0,0.0,
1.0,9.0,42.0,42.0,3911.0,0.0,,27.0,3779.0,,174.0,174.0,3953.0,2858.0,-2852.0,,6.0,-899.0,-899.0,0.0
1.0,9.0,90.0,90.0,3027.0,190.0,,2000.0,2983.0,,134.0,134.0,3117.0,7906.0,-4502.0,,3404.0,3237.0,3000.0,-237.0
1.0,9.0,,,2186.0,2150.0,,4.0,-1.0,309.0,1878.0,1876.0,2186.0,1618.0,-1579.0,,39.0,19.0,2.0,-17.0
0.0,9.0,,,43911.0,39968.0,2807.0,11.0,-14210.0,,58121.0,892.0,43911.0,,,,-82.0,-99.0,-99.0,
1.0,9.0,1625.0,1625.0,29078.0,4307.0,,8.0,10390.0,11277.0,9036.0,2986.0,30703.0,108543.0,-96973.0,,11570.0,11790.0,8837.0,-2953.0
1.0,9.0,,,10.0,,,10.0,10.0,,,,10.0,,,,,,,
1.0,9.0,,,1668.0,874.0,,12.0,529.0,559.0,580.0,580.0,1668.0,3165.0,-3061.0,,104.0,100.0,75.0,-25.0
0.0,9.0,82375.0,43796.0,80145.0,18634.0,59776.0,1735.0,-12874.0,67275.0,108118.0,102670.0,162520.0,710341.0,-599224.0,111117.0,-12706.0,-35293.0,-26477.0,8816.0
0.0,9.0,58401.0,57454.0,725373.0,607403.0,45544.0,144.0,12951.0,716859.0,53964.0,53964.0,783774.0,1000.0,-951.0,49.0,49.0,-1235.0,-1295.0,-60.0
0.0,9.0,,,35.0,,,35.0,35.0,,,,35.0,,,,,,,
1.0,9.0,0.0,0.0,50.0,,,50.0,0.0,0.0,50.0,0.0,50.0,24376.0,-24325.0,,51.0,51.0,51.0,0.0
1.0,9.0,920.0,920.0,12342.0,6668.0,,2666.0,7428.0,2739.0,3095.0,3095.0,13262.0,10263.0,-10497.0,,-234.0,376.0,282.0,-94.0
0.0,9.0,2281.0,1987.0,75831.0,10435.0,46129.0,621.0,15134.0,77.0,62901.0,62901.0,78112.0,318300.0,-283611.0,34689.0,2175.0,13312.0,11069.0,-2243.0
1.0,9.0,1.0,,133.0,63.0,,6.0,-259.0,305.0,88.0,88.0,134.0,1953.0,-1920.0,,33.0,82.0,38.0,-44.0
1.0,9.0,0.0,,1745.0,511.0,,77.0,10.0,838.0,897.0,0.0,1745.0,13118.0,-12633.0,,485.0,121.0,0.0,-121.0
1.0,9.0,2426.0,2076.0,7394.0,7206.0,,188.0,9285.0,,535.0,535.0,9820.0,6907.0,-5244.0,,1663.0,29.0,22.0,-7.0
1.0,9.0,0.0,0.0,25970.0,5764.0,,12.0,22983.0,1000.0,1987.0,1987.0,25970.0,13654.0,-11924.0,,1730.0,1730.0,1471.0,-259.0
1.0,9.0,7004.0,7004.0,16242.0,54.0,,54.0,8436.0,10300.0,4510.0,4510.0,23246.0,0.0,-5331.0,,-5331.0,1400.0,1400.0,0.0
1.0,9.0,12281.0,12281.0,24739.0,12131.0,,6932.0,33814.0,76.0,3130.0,3130.0,37020.0,53664.0,-48774.0,,4890.0,4772.0,3579.0,-1193.0
1.0,9.0,10859.0,10859.0,9771.0,1177.0,,301.0,15718.0,,4912.0,1333.0,20630.0,19667.0,-18054.0,,1613.0,1500.0,1304.0,-196.0
1.0,9.0,6897.0,6897.0,264154.0,245106.0,,388.0,83763.0,104417.0,82871.0,35692.0,271051.0,245617.0,-220060.0,,25557.0,18120.0,13465.0,-4655.0
1.0,9.0,,,1589.0,617.0,,226.0,-15351.0,,16941.0,16941.0,1589.0,2301.0,-50162.0,,-47861.0,-2470.0,-2669.0,-199.0
0.0,9.0,,,204.0,204.0,,,189.0,,15.0,15.0,204.0,2240.0,-2224.0,16.0,16.0,16.0,20.0,4.0
1.0,9.0,17.0,17.0,930.0,6.0,,476.0,684.0,,263.0,263.0,947.0,8632.0,-7890.0,,742.0,273.0,14.0,-259.0
1.0,9.0,0.0,,11102.0,9576.0,,221.0,9519.0,,1583.0,1583.0,11102.0,16030.0,-15346.0,,684.0,1096.0,115.0,-981.0
0.0,9.0,60.0,60.0,79095.0,38234.0,36297.0,66.0,48973.0,677.0,29505.0,15810.0,79155.0,49859.0,-45890.0,3969.0,-4267.0,-8252.0,-9077.0,-825.0
0.0,9.0,10.0,0.0,1823.0,0.0,1819.0,4.0,-4017.0,0.0,5850.0,5220.0,1833.0,0.0,-16.0,-16.0,-16.0,-15573.0,-15573.0,0.0
1.0,9.0,0.0,0.0,49.0,0.0,,0.0,-215.0,0.0,264.0,264.0,49.0,179.0,-105.0,,74.0,2238.0,2238.0,0.0
1.0,9.0,,,2005.0,326.0,,90.0,10.0,,1995.0,1020.0,2005.0,14395.0,-13196.0,,1199.0,1080.0,901.0,-179.0
0.0,9.0,2556.0,2556.0,15015.0,2948.0,10670.0,1142.0,9588.0,1127.0,6856.0,6856.0,17571.0,95458.0,-84454.0,11004.0,4488.0,4178.0,3097.0,-1081.0
1.0,9.0,156.0,2.0,6343.0,604.0,,1.0,2527.0,3625.0,349.0,154.0,6500.0,,-163.0,,-163.0,-163.0,-226.0,-63.0
1.0,9.0,846.0,846.0,4496.0,1610.0,,352.0,5127.0,,215.0,215.0,5342.0,4298.0,-3971.0,,327.0,-23.0,-162.0,-139.0
1.0,9.0,,,3923.0,,,3630.0,3577.0,,345.0,345.0,3923.0,8094.0,-5450.0,,2644.0,2583.0,2338.0,-245.0
0.0,9.0,434.0,434.0,1303.0,260.0,146.0,897.0,693.0,,1044.0,1044.0,1737.0,25654.0,-17227.0,8427.0,4361.0,4036.0,3266.0,-770.0
1.0,9.0,,,9791.0,7277.0,,2545.0,6528.0,3406.0,-144.0,-144.0,9791.0,7796.0,-7275.0,,521.0,822.0,719.0,-103.0
1.0,9.0,,,2534.0,1836.0,,342.0,134.0,897.0,1503.0,1503.0,2534.0,5176.0,-3375.0,,1801.0,1232.0,1096.0,-136.0
0.0,9.0,10.0,,,,,,10.0,,,,10.0,,,,,,,
1.0,9.0,3918.0,3918.0,9072.0,8390.0,,503.0,12821.0,0.0,169.0,169.0,12990.0,19610.0,-18621.0,,989.0,989.0,486.0,-503.0
0.0,9.0,7290.0,7290.0,18701.0,0.0,9308.0,9393.0,945.0,0.0,25046.0,25046.0,25991.0,30881.0,-28923.0,1958.0,1051.0,1051.0,945.0,-106.0
1.0,9.0,,,2.0,,,2.0,,,2.0,,2.0,,,,,,,
1.0,9.0,,,2307.0,0.0,,21.0,1971.0,83.0,253.0,253.0,2307.0,3229.0,-1886.0,,1343.0,1350.0,1156.0,-194.0
0.0,9.0,0.0,,5906.0,1872.0,1269.0,10.0,1064.0,0.0,4842.0,4816.0,5906.0,3126.0,-3040.0,86.0,86.0,86.0,64.0,-22.0
1.0,9.0,267.0,267.0,26697.0,,,688.0,24445.0,,2519.0,2519.0,26965.0,45514.0,-20273.0,,25241.0,25230.0,23494.0,-1736.0
1.0,9.0,86.0,,3545.0,,,361.0,2965.0,,666.0,666.0,3631.0,40309.0,-38827.0,,1482.0,1302.0,891.0,-411.0
1.0,9.0,0.0,0.0,10.0,10.0,,,10.0,,0.0,0.0,10.0,0.0,0.0,,,0.0,0.0,0.0
1.0,9.0,2.0,0.0,872.0,0.0,,221.0,530.0,,344.0,344.0,874.0,14176.0,-10998.0,,3178.0,928.0,520.0,-408.0
1.0,9.0,,,155.0,118.0,,6.0,107.0,0.0,48.0,48.0,155.0,278.0,-209.0,,69.0,65.0,57.0,-8.0
1.0,9.0,610.0,610.0,691.0,295.0,,262.0,-969.0,795.0,1475.0,1475.0,1301.0,10346.0,-13018.0,,-2672.0,-2997.0,-3103.0,-106.0
1.0,9.0,,,22876.0,,,19799.0,,,300.0,300.0,22876.0,,,,,,,
1.0,9.0,,,6562.0,,,6562.0,6562.0,,,,6562.0,,,,,,,
1.0,9.0,0.0,0.0,1107.0,,,3.0,173.0,593.0,342.0,342.0,1107.0,162.0,-1260.0,,-1098.0,-225.0,-243.0,-18.0
1.0,9.0,2880.0,,47.0,,,47.0,2827.0,0.0,100.0,100.0,2927.0,2821.0,-2138.0,,683.0,665.0,498.0,-167.0
1.0,9.0,448.0,448.0,43065.0,5938.0,,2683.0,33907.0,,9606.0,2840.0,43513.0,122685.0,-103128.0,,19557.0,19403.0,13658.0,-5745.0
1.0,9.0,,,9272.0,5146.0,,1.0,7202.0,0.0,2070.0,2070.0,9272.0,180.0,-130.0,,50.0,42.0,32.0,-10.0
1.0,9.0,,,437.0,,,359.0,234.0,,203.0,203.0,438.0,3781.0,-3610.0,,171.0,141.0,28.0,-113.0
1.0,9.0,,,,,,,,,,,0.0,,,,,,,
0.0,9.0,137.0,137.0,2247.0,549.0,,25.0,,,47.0,43.0,2384.0,4434.0,,4434.0,320.0,320.0,320.0,
1.0,9.0,7.0,7.0,4820.0,683.0,,318.0,2221.0,977.0,1629.0,1629.0,4827.0,69156.0,-66918.0,,2238.0,1487.0,858.0,-629.0
0.0,9.0,84651.0,84618.0,36101.0,11922.0,17137.0,3171.0,63003.0,1729.0,56020.0,28246.0,120752.0,514369.0,-404108.0,110261.0,19235.0,12844.0,9434.0,-3410.0
1.0,9.0,,,3522.0,86.0,,1.0,3457.0,,65.0,65.0,3522.0,1818.0,-1840.0,,-22.0,153.0,92.0,-61.0
1.0,9.0,,,7741.0,,,6766.0,,,507.0,507.0,7741.0,,,,,,,
1.0,9.0,0.0,0.0,21196.0,20513.0,,61.0,4553.0,15652.0,991.0,991.0,21196.0,16595.0,-15950.0,,645.0,558.0,413.0,-145.0
1.0,9.0,250.0,,7296.0,20.0,,262.0,6983.0,,563.0,563.0,7546.0,25849.0,-22750.0,,3099.0,3047.0,2276.0,-771.0
1.0,9.0,107.0,107.0,39984.0,21386.0,,670.0,-1189.0,,41279.0,41219.0,40090.0,26948.0,-29014.0,,-2066.0,-3801.0,-3801.0,0.0
1.0,9.0,3500.0,3500.0,300.0,,,300.0,3800.0,,,,3800.0,18382.0,-16196.0,,2186.0,2186.0,1853.0,-333.0
1.0,9.0,1888.0,0.0,16960.0,481.0,,12.0,11931.0,26.0,6891.0,6891.0,18848.0,244.0,-817.0,,-573.0,-710.0,-888.0,-178.0
1.0,9.0,,,15370.0,,,135.0,12794.0,,2576.0,2576.0,15370.0,85244.0,-85698.0,,-454.0,-454.0,-1050.0,-596.0
1.0,9.0,,,3174.0,505.0,,31.0,-1481.0,657.0,3998.0,3998.0,3174.0,263.0,-722.0,,-459.0,-505.0,-505.0,0.0
1.0,9.0,2950.0,2950.0,8130.0,144.0,,2271.0,10391.0,,688.0,572.0,11079.0,30552.0,-31366.0,,-814.0,-945.0,-1332.0,-387.0
1.0,9.0,176.0,176.0,5931.0,0.0,,0.0,1618.0,886.0,3603.0,0.0,6107.0,0.0,0.0,,,0.0,0.0,0.0
1.0,9.0,,,378.0,210.0,,168.0,378.0,,,,378.0,2447.0,-2239.0,,208.0,208.0,208.0,
1.0,9.0,2116.0,2116.0,35665.0,467.0,,151.0,11577.0,18030.0,8174.0,8174.0,37781.0,59380.0,-57358.0,,2022.0,-1508.0,-1508.0,
1.0,9.0,115274.0,79723.0,162303.0,23798.0,,9079.0,53862.0,114715.0,109000.0,108995.0,277578.0,734388.0,-723361.0,,11027.0,2822.0,1045.0,-1777.0
1.0,9.0,,,15448.0,8303.0,,29.0,27.0,,15421.0,15421.0,15448.0,,,,,,,
1.0,9.0,19465.0,7926.0,1650.0,1.0,,3.0,20783.0,0.0,332.0,332.0,21115.0,1587.0,-1855.0,,-268.0,-285.0,-332.0,-47.0
1.0,9.0,867.0,861.0,105796.0,14655.0,,1415.0,15775.0,6206.0,84682.0,84669.0,106663.0,53872.0,-49958.0,,3914.0,2711.0,2233.0,-478.0
1.0,9.0,,,4746.0,,,,4746.0,,0.0,0.0,4746.0,,,,,,,
1.0,9.0,,,10.0,,,10.0,10.0,,,,10.0,,,,,,,
1.0,9.0,,,10.0,,,,10.0,,,,10.0,,,,,,,
0.0,9.0,4798.0,3759.0,118182.0,112784.0,3001.0,994.0,28698.0,41235.0,53047.0,52962.0,122980.0,74864.0,-51362.0,23502.0,10241.0,8205.0,6040.0,-2165.0
1.0,9.0,18188.0,0.0,918.0,,,415.0,18960.0,,146.0,146.0,19106.0,6528.0,-11505.0,,-4977.0,-4630.0,-4730.0,-100.0
1.0,9.0,,,3623.0,,,313.0,662.0,508.0,2453.0,2453.0,3623.0,6804.0,-5987.0,,817.0,817.0,695.0,-122.0
0.0,9.0,46887.0,46887.0,75028.0,39091.0,34974.0,6.0,35146.0,32161.0,54608.0,54608.0,121915.0,118508.0,-97459.0,21049.0,-8580.0,6900.0,3862.0,-3038.0
1.0,9.0,,,8269.0,,,100.0,8126.0,,143.0,143.0,8269.0,6240.0,-3353.0,,2887.0,3102.0,2920.0,-182.0
