inn,eligible,exemption_criteria,filed,financial,simplified,line_1100,line_1105,line_1110,line_1120,line_1130,line_1140,line_1150,line_1160,line_1170,line_1180,line_1190,line_1200,line_1210,line_1215,line_1220,line_1230,line_1240,line_1250,line_1260,line_1300,line_1310,line_1320,line_1330,line_1340,line_1350,line_1360,line_1370,line_1400,line_1410,line_1420,line_1430,line_1450,line_1500,line_1510,line_1520,line_1530,line_1540,line_1550,line_1600,line_1700,line_2100,line_2110,line_2120,line_2200,line_2210,line_2220,line_2300,line_2310,line_2320,line_2330,line_2340,line_2350,line_2400,line_2410,line_2411,line_2412,line_2420,line_2421,line_2430,line_2450,line_2460,line_2500,line_2510,line_2520,line_2530,line_2900,line_2910,line_3100,line_3101,line_3110,line_3120,line_3200,line_3201,line_3210,line_3211,line_3212,line_3213,line_3214,line_3215,line_3216,line_321x,line_3220,line_3221,line_3222,line_3223,line_3224,line_3225,line_3226,line_3227,line_322x,line_3230,line_3240,line_3250,line_3300,line_3310,line_3311,line_3312,line_3313,line_3314,line_3315,line_3316,line_331x,line_3320,line_3321,line_3322,line_3323,line_3324,line_3325,line_3326,line_3327,line_332x,line_3330,line_3340,line_3400,line_3401,line_3402,line_3410,line_3411,line_3412,line_3420,line_3421,line_3422,line_3500,line_3501,line_3502,line_3600,line_4100,line_4110,line_4111,line_4112,line_4113,line_4114,line_4119,line_411x,line_4120,line_4121,line_4122,line_4123,line_4124,line_4129,line_412x,line_4200,line_4210,line_4211,line_4212,line_4213,line_4214,line_4219,line_421x,line_4220,line_4221,line_4222,line_4223,line_4224,line_4229,line_422x,line_4300,line_4310,line_4311,line_4312,line_4313,line_4314,line_4319,line_431x,line_4320,line_4321,line_4322,line_4323,line_4329,line_432x,line_4400,line_4450,line_4490,line_4500,line_6100,line_6200,line_6210,line_6215,line_6220,line_6230,line_6240,line_6250,line_6300,line_6310,line_6311,line_6312,line_6313,line_6320,line_6321,line_6322,line_6323,line_6324,line_6325,line_6326,line_6330,line_6350,line_6400,totals_adjustment,ogrn,creation_date,dissolution_date,age,okved,okved_section,okpo,okopf,okogu,okfc,oktmo,region,region_taxcode,articulated,outlier,lon,lat,geocoding_quality,imputed
4217064462,1.0,none,1.0,0.0,1.0,50.0,,,,,,0.0,,50.0,,,4445.0,,,,,4257.0,188.0,,3862.0,,,,,,,,,,,,,633.0,,633.0,,,,4495.0,4495.0,,3222.0,-3737.0,-515.0,,,-317.0,,,,225.0,-27.0,-482.0,-165.0,,,,,,,,-482.0,,,,,,,,,,,,,,,,,,,,,,,,,,,,,,,,,,,,,,,,,,,,,,,,,,,,,,,,,,,,,,,,,,,,,,,,,,,,,,,,,,,,,,,,,,,,,,,,,,,,,,,,,,,,,,,,,,,,,,,,,,,,,,,,,,,,,,,,1.0,1044217007779,2004-04-27,,21.0,60.10,J,72288076,12300,4210014,16,32731000001,kemerovo,4200,1.0,0.0,87.1657938,53.7528072,house,0.0
4217064470,1.0,none,1.0,0.0,1.0,,,,,,,,,,,,1205.0,295.0,,,,769.0,141.0,,1138.0,,,,,,,,,,,,,67.0,,67.0,,,,1205.0,1205.0,,1220.0,-1202.0,18.0,,,37.0,,,,33.0,-14.0,28.0,-9.0,,,,,,,,28.0,,,,,,,,,,,,,,,,,,,,,,,,,,,,,,,,,,,,,,,,,,,,,,,,,,,,,,,,,,,,,,,,,,,,,,,,,,,,,,,,,,,,,,,,,,,,,,,,,,,,,,,,,,,,,,,,,,,,,,,,,,,,,,,,,,,,,,,,1.0,1044217007768,2004-04-27,,21.0,60.10,J,72288060,12300,4210014,16,32731000001,kemerovo,4200,1.0,0.0,87.1657938,53.7528072,house,0.0
4217064670,1.0,none,1.0,0.0,0.0,0.0,,,,,,,,,,,18.0,,,,0.0,,18.0,,18.0,18.0,,,,,,,0.0,,,,,0.0,,0.0,,,,18.0,18.0,22.0,363.0,-341.0,22.0,,,22.0,,,,,,22.0,0.0,-22.0,,,,,,,22.0,,,,,,,,,,,,,,,,,,,,,,,,,,,,,,,,,,,,,,,,,,,,,,,,,,,,,,,,,,,,,,,,,,,,,,,,,,,,,,,,,,,,,,,,,,,,,,,,,,,,,,,,,,,,,,,,,,,,,,,,,,,,,,,,,,,,,,,,0.0,1044217008230,2004-05-06,,21.0,69.10,M,72288610,12300,4210014,16,32731000001,kemerovo,4200,1.0,0.0,87.116556,53.7573107,house,0.0
4217064720,1.0,none,1.0,0.0,1.0,791.0,,,,,,791.0,,,,,12369.0,3037.0,,,,9070.0,262.0,,10247.0,,,,,,,,,,,,,2913.0,,2913.0,,,,13160.0,13160.0,,91438.0,-82920.0,8518.0,,,9510.0,,,,1585.0,-593.0,6286.0,-3224.0,,,,,,,,6286.0,,,,,,,,,,,,,,,,,,,,,,,,,,,,,,,,,,,,,,,,,,,,,,,,,,,,,,,,,,,,,,,,,,,,,,,,,,,,,,,,,,,,,,,,,,,,,,,,,,,,,,,,,,,,,,,,,,,,,,,,,,,,,,,,,,,,,,,,1.0,1044217008417,2004-05-11,,21.0,42.11,F,72289696,12300,4210014,16,32731000001,kemerovo,4200,1.0,0.0,87.1309241,53.792607,house,0.0
4217064857,1.0,none,1.0,0.0,1.0,,,,,,,,,,,,3397.0,,,,,1030.0,2367.0,,,,,,,1351.0,,,,,,,,2046.0,,2046.0,,,,3397.0,3397.0,,,,,,,,,,,,,,,,,,,,,,,,,,,,,,,,,,,,,,,,,,,,,,,,,,,,,,,,,,,,,,,,,,,,,,,,,,,,,,,,,,,,,,,,,,,,,,,,,,,,,,,,,,,,,,,,,,,,,,,,,,,,,,,,,,,,,,,3012.0,105.0,,,,,105.0,,-3326.0,-3326.0,,,,,,,,,,,,,-209.0,1.0,1044217008670,2004-05-17,,21.0,68.32.10,L,72293344,20716,4210014,16,32731000001,kemerovo,4200,0.0,0.0,87.1564003,53.7606102,house,0.0
4217065057,1.0,none,1.0,0.0,1.0,10.0,,,,,,10.0,,,,,1353.0,52.0,,,,744.0,557.0,,1279.0,,,,,,,,,,,,,84.0,,84.0,,,,1363.0,1363.0,,11300.0,-9602.0,1698.0,,,1604.0,,,,,-94.0,1269.0,-335.0,,,,,,,,1269.0,,,,,,,,,,,,,,,,,,,,,,,,,,,,,,,,,,,,,,,,,,,,,,,,,,,,,,,,,,,,,,,,,,,,,,,,,,,,,,,,,,,,,,,,,,,,,,,,,,,,,,,,,,,,,,,,,,,,,,,,,,,,,,,,,,,,,,,,1.0,1044217009385,2004-05-26,,21.0,43.22,F,72292913,12300,4210014,16,32731000001,kemerovo,4200,1.0,0.0,87.1432391,53.7537352,house,0.0
4217065191,1.0,none,1.0,0.0,1.0,7490.0,,,,,,7490.0,,0.0,,,10530.0,4806.0,,,,5615.0,109.0,,15885.0,,,,,,,,,,,,,2135.0,,2135.0,,,0.0,18021.0,18021.0,,11762.0,-12709.0,-947.0,,,-681.0,,,,359.0,-93.0,-859.0,-178.0,,,,,,,,-859.0,,,,,,,,,,,,,,,,,,,,,,,,,,,,,,,,,,,,,,,,,,,,,,,,,,,,,,,,,,,,,,,,,,,,,,,,,,,,,,,,,,,,,,,,,,,,,,,,,,,,,,,,,,,,,,,,,,,,,,,,,,,,,,,,,,,,,,,,1.0,1044217009891,2004-05-31,,21.0,38.32.50,E,72294007,12300,4210014,16,32731000001,kemerovo,4200,1.0,0.0,87.1362831,53.761489,house,0.0
4217065201,1.0,none,1.0,0.0,0.0,0.0,,,,,,,,,,,495.0,95.0,,,,,400.0,,495.0,10.0,,,,,,485.0,0.0,,,,,0.0,,,,,,495.0,495.0,887.0,2855.0,-1968.0,715.0,0.0,-172.0,671.0,,,0.0,,-44.0,500.0,-171.0,-171.0,,,,,,,500.0,,,,,,,,,,,,,,,,,,,,,,,,,,,,,,,,,,,,,,,,,,,,,,,,,,,,,,,,,,,,,,,,,,,,,,,,,,,,,,,,,,,,,,,,,,,,,,,,,,,,,,,,,,,,,,,,,,,,,,,,,,,,,,,,,,,,,,,,0.0,1044217009858,2004-05-31,,21.0,43.22,F,72293982,12300,4210014,16,32731000001,kemerovo,4200,1.0,0.0,87.1233137,53.7643242,house,0.0
4217065314,1.0,none,1.0,0.0,1.0,476.0,,,,,,476.0,,,,,3805.0,0.0,,,,3805.0,0.0,,2221.0,,,,,,,,,,,,,2061.0,936.0,1125.0,,,,4282.0,4282.0,,7323.0,-6879.0,444.0,,,414.0,,,,4.0,-34.0,177.0,-237.0,,,,,,,,177.0,,,,,,,,,,,,,,,,,,,,,,,,,,,,,,,,,,,,,,,,,,,,,,,,,,,,,,,,,,,,,,,,,,,,,,,,,,,,,,,,,,,,,,,,,,,,,,,,,,,,,,,,,,,,,,,,,,,,,,,,,,,,,,,,,,,,,,,,1.0,1044217010309,2004-06-04,,21.0,68.20.20,L,72293522,12300,4210014,16,32731000001,kemerovo,4200,1.0,0.0,87.0951497,53.7644164,house,0.0
4217065402,1.0,none,1.0,0.0,1.0,1950.0,,,,,,1950.0,,,,,589.0,93.0,,,,,496.0,,187.0,,,,,,,,,,,,,2352.0,,2352.0,,,,2539.0,2539.0,,1356.0,-1196.0,160.0,,,160.0,,,0.0,,0.0,64.0,-96.0,,,,,,,,64.0,,,,,,,,,,,,,,,,,,,,,,,,,,,,,,,,,,,,,,,,,,,,,,,,,,,,,,,,,,,,,,,,,,,,,,,,,,,,,,,,,,,,,,,,,,,,,,,,,,,,,,,,,,,,,,,,,,,,,,,,,,,,,,,,,,,,,,,,1.0,1044217010947,2004-06-15,,21.0,86.21,Q,72293217,12300,4210014,16,32731000001,kemerovo,4200,1.0,0.0,87.1576473,53.7566356,house,0.0
4217065515,1.0,none,1.0,0.0,0.0,10649.0,,7858.0,,0.0,0.0,2791.0,,0.0,0.0,0.0,8735.0,17.0,,0.0,2367.0,4000.0,809.0,1542.0,17143.0,10.0,0.0,,,0.0,0.0,17133.0,0.0,0.0,0.0,0.0,0.0,2241.0,0.0,2241.0,0.0,0.0,0.0,19384.0,19384.0,2914.0,52462.0,-49548.0,2914.0,0.0,0.0,2574.0,0.0,460.0,0.0,15.0,-815.0,2308.0,-266.0,-266.0,0.0,,,,,0.0,2308.0,0.0,0.0,0.0,,,,,,,,,,,,,,,,,,,,,,,,,,,,,,,,,,,,,,,,,,,,,,,,,,,,,,,,,,,,,,,,,,,,,,,,,,,,,,,,,,,,,,,,,,,,,,,,,,,,,,,,,,,,,,,,,,,,,,,,,,,,,,,,,,,,,0.0,1044217011200,2004-06-17,,21.0,62.01,J,72293597,12300,4210014,16,32731000001,kemerovo,4200,1.0,0.0,87.1458126,53.7629839,house,0.0
4217065787,1.0,none,1.0,0.0,1.0,,,,,,,,,,,,1347.0,394.0,,,,868.0,85.0,,982.0,,,,,,,,,,,,,365.0,,365.0,,,,1347.0,1347.0,,2104.0,-2074.0,30.0,,,6.0,,,,,-24.0,5.0,-1.0,,,,,,,,5.0,,,,,,,,,,,,,,,,,,,,,,,,,,,,,,,,,,,,,,,,,,,,,,,,,,,,,,,,,,,,,,,,,,,,,,,,,,,,,,,,,,,,,,,,,,,,,,,,,,,,,,,,,,,,,,,,,,,,,,,,,,,,,,,,,,,,,,,,1.0,1044217012014,2004-06-28,,21.0,47.78.10,G,72294579,12300,4210014,16,32731000001,kemerovo,4200,1.0,0.0,87.1547942,53.7498782,street,0.0
4217065924,1.0,none,1.0,0.0,1.0,753.0,,,,,,753.0,,,,,10226.0,6.0,,,,10220.0,0.0,,-378.0,,,,,,,,1796.0,1796.0,,,,9561.0,370.0,9191.0,,,,10979.0,10979.0,,0.0,0.0,,,,0.0,,,0.0,,0.0,0.0,0.0,,,,,,,,0.0,,,,,,,,,,,,,,,,,,,,,,,,,,,,,,,,,,,,,,,,,,,,,,,,,,,,,,,,,,,,,,,,,,,,,,,,,,,,,,,,,,,,,,,,,,,,,,,,,,,,,,,,,,,,,,,,,,,,,,,,,,,,,,,,,,,,,,,,1.0,1044217012454,2004-07-01,,21.0,81.29.90,N,72295900,12300,4210014,16,32731000001,kemerovo,4200,1.0,0.0,87.2550067,53.7363028,house,0.0
4217066156,1.0,none,1.0,0.0,0.0,,,,,,,,,,,,1159.0,1138.0,,,18.0,,,3.0,76.0,50.0,,,,,,26.0,,,,,,1083.0,138.0,945.0,,,,1159.0,1159.0,,,,,,,,,,,,,,,,,,,,,,,,,,,,,,,,,,,,,,,,,,,,,,,,,,,,,,,,,,,,,,,,,,,,,,,,,,,,,,,,,,,,,,,,,,,,,,,,,,,,,,,,,,,,,,,,,,,,,,,,,,,,,,,,,,,,,,,,,,,,,,,,,,,,,,,,,,,,,,0.0,1044217013345,2004-07-14,,21.0,46.49.49,G,72296747,12300,4210014,16,50701000001,novosibirsk,5400,1.0,0.0,82.9148208,55.0403323,house,0.0
4217066340,1.0,none,1.0,0.0,0.0,991.0,,,,,,991.0,,,,,8044.0,60.0,,,76.0,,7908.0,0.0,8730.0,,,8730.0,,,0.0,,0.0,0.0,0.0,0.0,0.0,305.0,,305.0,,,,9035.0,9035.0,0.0,15411.0,-15411.0,0.0,0.0,0.0,0.0,,,0.0,,0.0,0.0,,0.0,,,,,,,0.0,,,,,,,,,,,,,,,,,,,,,,,,,,,,,,,,,,,,,,,,,,,,,,,,,,,,,,,,,,,,,,,,,,,,,,,,,,,,,,,,,,,,,,,,,,,,,,,,,,,,,,,,,,,,,,,,,3438.0,23073.0,0.0,0.0,0.0,0.0,0.0,23073.0,-17781.0,0.0,0.0,0.0,0.0,-17751.0,-17665.0,0.0,-86.0,0.0,0.0,0.0,-30.0,0.0,8730.0,,1044217013741,2004-07-20,,21.0,85.11,P,55606008,75500,4100612,16,32731000001,kemerovo,4200,1.0,0.0,87.1266191,53.7458496,house,0.0
4217066438,1.0,none,1.0,0.0,1.0,3953.0,,,,,,3953.0,,0.0,,,38862.0,19788.0,,,,19068.0,6.0,,4340.0,,,,,,,,838.0,838.0,,,,37637.0,,37637.0,,,,42815.0,42815.0,,49737.0,-49318.0,419.0,,,672.0,,,,611.0,-358.0,103.0,-569.0,,,,,,,,103.0,,,,,,,,,,,,,,,,,,,,,,,,,,,,,,,,,,,,,,,,,,,,,,,,,,,,,,,,,,,,,,,,,,,,,,,,,,,,,,,,,,,,,,,,,,,,,,,,,,,,,,,,,,,,,,,,,,,,,,,,,,,,,,,,,,,,,,,,1.0,1044217014082,2004-07-26,,21.0,68.20.20,L,72298270,12300,4210014,16,32731000001,kemerovo,4200,1.0,0.0,87.1336435,53.7862656,house,0.0
4217066710,1.0,none,1.0,0.0,0.0,2192370.0,,2109.0,,,,1907018.0,,5000.0,278242.0,,676721.0,137590.0,,277.0,523920.0,10001.0,690.0,4244.0,120858.0,24780.0,,,,,0.0,96078.0,1306563.0,818550.0,348927.0,,139086.0,1441669.0,0.0,1074623.0,,105363.0,,2869091.0,2869091.0,1191161.0,4303312.0,-3112151.0,948646.0,,-242515.0,484257.0,,2588.0,-342765.0,11153.0,-135365.0,413572.0,-70685.0,,-70685.0,,,,,0.0,413572.0,,,,,,112043.0,112043.0,,,-292714.0,-292714.0,,-404757.0,,,,,,,,,,,,,,,,,,-292714.0,120858.0,,413572.0,,,,,,,,,,,,,,,,,,,,,,,,,,,,,,,252820.0,4597673.0,4473357.0,,,,124316.0,,-4344853.0,-2592405.0,-1628131.0,0.0,,-124317.0,,,,,,,,,,,,,,,,,-253718.0,0.0,0.0,,,,,,-253718.0,,,-243717.0,-10001.0,,-898.0,1588.0,,690.0,,,,,,,,,,,,,,,,,,,,,,,,,1044217015468,2004-08-12,,21.0,49.40,H,74285449,12300,4210014,16,32519000706,kemerovo,4200,0.0,0.0,87.0984275,53.7030949,city,0.0
4217066903,1.0,none,1.0,0.0,0.0,0.0,,,,,,0.0,,,,,0.0,0.0,,,0.0,0.0,0.0,,0.0,10.0,,,,,,-10.0,0.0,0.0,,,,0.0,0.0,0.0,,,,0.0,0.0,0.0,0.0,0.0,0.0,0.0,0.0,-1568.0,0.0,0.0,0.0,1001.0,-2569.0,-1568.0,0.0,0.0,0.0,,,,,0.0,-1568.0,0.0,0.0,0.0,,,,,,,,,,,,,,,,,,,,,,,,,,,,,,,,,,,,,,,,,,,,,,,,,,,,,,,,,,,,,,,,,,,,,,,,,,,,,,,,,,,,,,,,,,,,,,,,,,,,,,,,,,,,,,,,,,,,,,,,,,,,,,,,,,,,,0.0,1044217015996,2004-08-20,,21.0,68.20,L,74286288,12300,4210014,16,32731000001,kemerovo,4200,1.0,0.0,87.1457302,53.761759,house,0.0
4217067135,1.0,none,1.0,0.0,1.0,0.0,,,,,,,,0.0,,,4694.0,3595.0,,,,1055.0,44.0,,70.0,,,,,,,,,,,,,4624.0,,4624.0,,,,4694.0,4694.0,,4037.0,-3535.0,502.0,,,291.0,,,,,-211.0,60.0,-231.0,,,,,,,,60.0,,,,,,,,,,,,,,,,,,,,,,,,,,,,,,,,,,,,,,,,,,,,,,,,,,,,,,,,,,,,,,,,,,,,,,,,,,,,,,,,,,,,,,,,,,,,,,,,,,,,,,,,,,,,,,,,,,,,,,,,,,,,,,,,,,,,,,,,1.0,1044217017250,2004-09-03,,21.0,71.11.10,M,74288881,12300,4210014,16,32731000001,kemerovo,4200,1.0,0.0,87.1121085,53.7623257,house,0.0
4217067167,1.0,none,1.0,0.0,0.0,2155.0,,237.0,,,,1918.0,,,,,56497.0,224.0,,,53663.0,,2610.0,,8771.0,10.0,,,,,,8761.0,,,,,,49881.0,41097.0,8784.0,,,,58652.0,58652.0,7354.0,136489.0,-129135.0,7354.0,,,-2882.0,,1073.0,-12538.0,1849.0,-620.0,-2882.0,,,,,,,,,-2882.0,,,,,,,,,,,,,,,,,,,,,,,,,,,,,,,,,,,,,,,,,,,,,,,,,,,,,,,,,,,,,,,,,,,,,,,,,,,,,,,,,,,,,,,,,,,,,,,,,,,,,,,,,,,,,,,,,,,,,,,,,,,,,,,,,,,,,,,,0.0,1044217017151,2004-09-03,,21.0,33.12,C,74288784,12300,4210014,16,32731000001,kemerovo,4200,1.0,0.0,87.1236426,53.7604986,house,0.0
4217067255,1.0,none,1.0,0.0,0.0,,,,,,,,,,,,189.0,90.0,,,,,14.0,85.0,0.0,,,,,,,,0.0,0.0,,,,189.0,,188.0,,,1.0,189.0,189.0,,,,,,,,,,,,,,,,,,,,,,0.0,,,,,,,,,,,,,,,,,,,,,,,,,,,,,,,,,,,,,,,,,,,,,,,,,,,,,,,,,,,,,,,,,-3.0,1894.0,,,,,1894.0,,-1897.0,-1501.0,-396.0,,,,,,,,,,,,,,,,,,,,,,,,,,,,,,,,,,-3.0,17.0,,14.0,17.0,1894.0,,1894.0,,,,,-1897.0,0.0,,,,-409.0,-396.0,,,-13.0,,,-1376.0,-112.0,14.0,0.0,1044217017998,2004-09-10,,21.0,64.99,K,76894224,70400,4210014,16,32731000001,kemerovo,4200,1.0,0.0,87.1364623,53.7631347,house,0.0
4217067583,1.0,none,1.0,0.0,1.0,,,,,,,,,,,,7646.0,,,,,7588.0,58.0,,1632.0,,,,,,,,,,,,,6014.0,0.0,6014.0,,,,7646.0,7646.0,,15975.0,-14354.0,1621.0,,,1523.0,,,,,-98.0,564.0,-959.0,,,,,,,,564.0,,,,,,,,,,,,,,,,,,,,,,,,,,,,,,,,,,,,,,,,,,,,,,,,,,,,,,,,,,,,,,,,,,,,,,,,,,,,,,,,,,,,,,,,,,,,,,,,,,,,,,,,,,,,,,,,,,,,,,,,,,,,,,,,,,,,,,,,1.0,1044217019439,2004-09-24,,21.0,08.12,B,74291102,12300,4210014,16,32716000001,kemerovo,4200,1.0,0.0,86.6981529,53.9571206,street,0.0
4217067618,1.0,none,1.0,0.0,1.0,2553.0,,,,,,2553.0,,,,,1018.0,,,,,940.0,78.0,,-560.0,,,,,,,,,,,,,4131.0,,4131.0,,,,3571.0,3571.0,,1116.0,-663.0,453.0,,,425.0,,,,,-28.0,384.0,-41.0,,,,,,,,384.0,,,,,,,,,,,,,,,,,,,,,,,,,,,,,,,,,,,,,,,,,,,,,,,,,,,,,,,,,,,,,,,,,,,,,,,,,,,,,,,,,,,,,,,,,,,,,,,,,,,,,,,,,,,,,,,,,,,,,,,,,,,,,,,,,,,,,,,,1.0,1044217019660,2004-09-27,,21.0,68.20.20,L,74291190,12300,4210014,16,32731000001,kemerovo,4200,1.0,0.0,87.111884,53.7525007,house,0.0
4217067720,1.0,none,1.0,0.0,0.0,4633.0,,0.0,,,,4633.0,0.0,0.0,,0.0,106.0,4.0,,0.0,97.0,0.0,5.0,0.0,4715.0,1287.0,,,0.0,,0.0,3428.0,0.0,0.0,,,0.0,24.0,0.0,24.0,,,,4739.0,4739.0,-876.0,266.0,-1142.0,-876.0,,,-924.0,,0.0,0.0,0.0,-48.0,-931.0,-7.0,,,,,,,,-931.0,0.0,,,,,,,,,,,,,,,,,,,,,,,,,,,,,,,,,,,,,,,,,,,,,,,,,,,,,,,,,,,,,,,,,,,,,,,,,,,,,,,,,,,,,,,,,,,,,,,,,,,,,,,,,,,,,,,,,,,,,,,,,,,,,,,,,,,,,,,0.0,1044217020275,2004-10-04,,21.0,68.20,L,74291869,12300,4210014,16,32731000001,kemerovo,4200,1.0,0.0,87.1199715,53.7669765,house,0.0
4217067738,1.0,none,1.0,0.0,1.0,,,,,,,,,,,,7365.0,,,,,3998.0,3367.0,,7239.0,,,,,,,,17.0,17.0,,,,109.0,,109.0,,,,7365.0,7365.0,,2495.0,-4039.0,-1544.0,,,-1874.0,,,,366.0,-696.0,-2171.0,-297.0,,,,,,,,-2171.0,,,,,,,,,,,,,,,,,,,,,,,,,,,,,,,,,,,,,,,,,,,,,,,,,,,,,,,,,,,,,,,,,,,,,,,,,,,,,,,,,,,,,,,,,,,,,,,,,,,,,,,,,,,,,,,,,,,,,,,,,,,,,,,,,,,,,,,,1.0,1044217020352,2004-10-04,,21.0,33.12,C,74291817,12300,4210014,16,32731000001,kemerovo,4200,1.0,0.0,87.1233109,53.7622433,house,0.0
4217068072,1.0,none,1.0,0.0,0.0,2360706.0,,1881.0,,,,2051828.0,163762.0,33750.0,109486.0,,3694756.0,959679.0,,0.0,2639210.0,,95552.0,315.0,3479681.0,10.0,,,,,,3479671.0,413794.0,,336604.0,,77190.0,2161987.0,0.0,1866752.0,,21136.0,,6055462.0,6055462.0,818441.0,12614091.0,-11795650.0,460824.0,,-357617.0,425948.0,,21917.0,-85451.0,127128.0,-98470.0,307816.0,-118132.0,-57976.0,-60157.0,,,,,,307816.0,,,,,,2663091.0,2663091.0,,,3171865.0,3171865.0,,626774.0,,,,,,,,,,,,,,-118000.0,,,,3171865.0,3479681.0,,307816.0,,,,,,,,,,,,,,,,,,,,,,,,,,,,,,,1256067.0,12062642.0,12003764.0,,,,58878.0,,-10806575.0,-9756896.0,-1007897.0,-8348.0,0.0,-33434.0,,-134532.0,38407.0,23620.0,,14787.0,,,,-172939.0,-127500.0,-2.0,-45437.0,,,,-1230587.0,0.0,0.0,,,,0.0,,-1230587.0,,0.0,-300000.0,-930587.0,,-109052.0,204396.0,208.0,95552.0,,,,,,,,,,,,,,,,,,,,,,,,,1044217021969,2004-10-14,,21.0,05.10.13,B,74293207,12300,4210014,16,32731000001,kemerovo,4200,0.0,0.0,87.127977,53.7686214,house,0.0
4217068153,1.0,none,1.0,0.0,1.0,11104.0,,,,,,11104.0,,,,,1255.0,,,,,753.0,502.0,,11465.0,,,,,,,,,,,,,894.0,,894.0,,,,12359.0,12359.0,,12853.0,-8925.0,3928.0,,,3867.0,,,,,-61.0,3487.0,-380.0,,,,,,,,3487.0,,,,,,,,,,,,,,,,,,,,,,,,,,,,,,,,,,,,,,,,,,,,,,,,,,,,,,,,,,,,,,,,,,,,,,,,,,,,,,,,,,,,,,,,,,,,,,,,,,,,,,,,,,,,,,,,,,,,,,,,,,,,,,,,,,,,,,,,1.0,1044217022431,2004-10-18,,21.0,68.20.20,L,74294170,12300,4210014,16,32731000001,kemerovo,4200,1.0,0.0,,,,0.0
4217068361,1.0,none,1.0,0.0,1.0,4345.0,,,,,,4345.0,,,,,16830.0,3429.0,,,,12625.0,776.0,,7186.0,,,,,,,,6483.0,6483.0,,,,7505.0,410.0,7095.0,,,,21174.0,21174.0,,47127.0,-42671.0,4456.0,,,2687.0,,,,,-1769.0,1282.0,-1405.0,,,,,,,,1282.0,,,,,,,,,,,,,,,,,,,,,,,,,,,,,,,,,,,,,,,,,,,,,,,,,,,,,,,,,,,,,,,,,,,,,,,,,,,,,,,,,,,,,,,,,,,,,,,,,,,,,,,,,,,,,,,,,,,,,,,,,,,,,,,,,,,,,,,,1.0,1044217023575,2004-10-28,,21.0,86.23,Q,74295229,12300,4210014,16,32731000001,kemerovo,4200,1.0,0.0,87.1317504,53.7633025,house,0.0
4217068450,1.0,none,1.0,0.0,1.0,0.0,,,,,,0.0,,0.0,,,10.0,0.0,,,,0.0,10.0,,10.0,,,,,,,,,,,,,0.0,0.0,0.0,,,0.0,10.0,10.0,,0.0,0.0,,,,0.0,,,,0.0,0.0,0.0,,,,,,,,,0.0,,,,,,,,,,,,,,,,,,,,,,,,,,,,,,,,,,,,,,,,,,,,,,,,,,,,,,,,,,,,,,,,,,,,,,,,,,,,,,,,,,,,,,,,,,,,,,,,,,,,,,,,,,,,,,,,,,,,,,,,,,,,,,,,,,,,,,,,1.0,1044217023608,2004-10-28,,21.0,46.72.21,G,74295264,12300,4210014,16,03726000001,krasnodar,2300,1.0,0.0,39.7826288,43.5493441,house,0.0
4217068523,1.0,none,1.0,0.0,0.0,,,,,,,,,,,,10.0,,,,,,10.0,,10.0,10.0,,,,,,,,,,,,,,,,,,10.0,10.0,,,,-10.0,,-10.0,-10.0,,,,,,-10.0,,,,,,,,,-10.0,,,,,,,,,,,,,,,,,,,,,,,,,,,,,,,,,,,,,,,,,,,,,,,,,,,,,,,,,,,,,,,,,,,,,,,,,,,,,,,,,,,,,,,,,,,,,,,,,,,,,,,,,,,,,,,,,,,,,,,,,,,,,,,,,,,,,,,,0.0,1044217023839,2004-10-29,2025-11-13,21.0,96.09,S,74295695,12300,4210014,16,32731000001,kemerovo,4200,1.0,0.0,87.1409097,53.7596745,house,0.0
4217068756,1.0,none,1.0,0.0,1.0,4850.0,,,,,,4850.0,,,,,1800.0,1749.0,,,,39.0,12.0,,2117.0,,,,,,,,2671.0,2671.0,,,,1862.0,,1862.0,,,,6650.0,6650.0,,6950.0,-6422.0,528.0,,,469.0,,,,,-59.0,399.0,-70.0,,,,,,,,399.0,,,,,,,,,,,,,,,,,,,,,,,,,,,,,,,,,,,,,,,,,,,,,,,,,,,,,,,,,,,,,,,,,,,,,,,,,,,,,,,,,,,,,,,,,,,,,,,,,,,,,,,,,,,,,,,,,,,,,,,,,,,,,,,,,,,,,,,,1.0,1044217025005,2004-11-09,,21.0,10.71.10,C,74296803,12300,4210014,16,32731000001,kemerovo,4200,1.0,0.0,87.3244925,53.7844799,house,0.0
4217068770,1.0,none,1.0,0.0,1.0,,,,,,,,,,,,9323.0,2330.0,,,,6978.0,15.0,,1922.0,,,,,,,,,,,,,7401.0,,7401.0,,,,9323.0,9323.0,,10731.0,-11186.0,-455.0,,,-505.0,,,,0.0,-50.0,-517.0,-12.0,,,,,,,,-517.0,,,,,,,,,,,,,,,,,,,,,,,,,,,,,,,,,,,,,,,,,,,,,,,,,,,,,,,,,,,,,,,,,,,,,,,,,,,,,,,,,,,,,,,,,,,,,,,,,,,,,,,,,,,,,,,,,,,,,,,,,,,,,,,,,,,,,,,,1.0,1044217024983,2004-11-09,,21.0,46.69.90,G,74296817,12300,4210014,16,32731000001,kemerovo,4200,1.0,0.0,87.1279505,53.7455679,house,0.0
4217068837,1.0,none,1.0,0.0,1.0,0.0,,,,,,0.0,,,,,484.0,174.0,,,,300.0,10.0,,444.0,,,,,,,,,,,,,40.0,,40.0,,,,484.0,484.0,,1285.0,-1200.0,85.0,,,36.0,,,,,-49.0,21.0,-15.0,,,,,,,,21.0,,,,,,,,,,,,,,,,,,,,,,,,,,,,,,,,,,,,,,,,,,,,,,,,,,,,,,,,,,,,,,,,,,,,,,,,,,,,,,,,,,,,,,,,,,,,,,,,,,,,,,,,,,,,,,,,,,,,,,,,,,,,,,,,,,,,,,,,1.0,1044217025368,2004-11-10,,21.0,86.21,Q,76894230,12300,4210014,16,32731000001,kemerovo,4200,1.0,0.0,87.1287653,53.7660382,house,0.0
4217068890,1.0,none,1.0,0.0,0.0,,,,,,,,,,,,109.0,,,,109.0,,0.0,,11.0,10.0,,,,,,1.0,109.0,,109.0,,,,,,,,,109.0,120.0,5142.0,5142.0,,55.0,,-5087.0,55.0,,,,,,1.0,0.0,0.0,0.0,,,,,-54.0,1.0,,,,,,,,,,,,,,,,,,,,,,,,,,,,,,,,,,,,,,,,,,,,,,,,,,,,,,,,,,,,,,,,,,,,,,,,,,,,,,,,,,,,,,,,,,,,,,,,,,,,,,,,,,,,,,,,,,,,,,,,,,,,,,,,,,,,,,,,0.0,1044217025566,2004-11-12,,21.0,85.23,P,74297398,75500,4210014,16,32731000001,kemerovo,4200,0.0,0.0,87.1253992,53.7638788,house,0.0
4217068925,1.0,none,1.0,0.0,1.0,,,,,,,,,,,,19.0,,,,,18.0,1.0,,19.0,,,,,,,,,,,,,0.0,,0.0,,,,19.0,19.0,,,-200.0,-200.0,,,-200.0,,,0.0,,0.0,-200.0,,,,,,,,,-200.0,,,,,,,,,,,,,,,,,,,,,,,,,,,,,,,,,,,,,,,,,,,,,,,,,,,,,,,,,,,,,,,,,,,,,,,,,,,,,,,,,,,,,,,,,,,,,,,,,,,,,,,,,,,,,,,,,,,,,,,,,,,,,,,,,,,,,,,,1.0,1044217025951,2004-11-15,,21.0,41.20,F,74297955,12300,4210014,16,32731000001,kemerovo,4200,1.0,0.0,87.1253992,53.7638788,house,0.0
4217069171,1.0,none,1.0,0.0,1.0,0.0,,,,,,0.0,,0.0,,,1381.0,689.0,,,,202.0,490.0,,1319.0,,,,,,,,,,,,,62.0,0.0,62.0,,,,1381.0,1381.0,,4465.0,-3486.0,979.0,,,851.0,,,0.0,203.0,-331.0,683.0,-168.0,,,,,,,,683.0,,,,,,,,,,,,,,,,,,,,,,,,,,,,,,,,,,,,,,,,,,,,,,,,,,,,,,,,,,,,,,,,,,,,,,,,,,,,,,,,,,,,,,,,,,,,,,,,,,,,,,,,,,,,,,,,,,,,,,,,,,,,,,,,,,,,,,,,1.0,1044217027580,2004-11-26,,21.0,69.20,M,74311744,12300,4210014,16,32731000001,kemerovo,4200,1.0,0.0,87.0970817,53.7568294,house,0.0
4217069284,1.0,none,1.0,0.0,0.0,80523.0,,0.0,,,,80513.0,0.0,10.0,0.0,0.0,72991.0,0.0,,0.0,28675.0,0.0,44316.0,0.0,152995.0,10.0,0.0,,0.0,0.0,0.0,152985.0,0.0,0.0,0.0,0.0,0.0,519.0,0.0,519.0,0.0,0.0,0.0,153514.0,153514.0,-14115.0,27100.0,-41215.0,-14115.0,0.0,0.0,-13070.0,0.0,1380.0,0.0,0.0,-335.0,-14350.0,-1280.0,-1280.0,0.0,,,,,0.0,-14350.0,,,,,,,,,,,,,,,,,,,,,,,,,,,,,,,,,,,,,,,,,,,,,,,,,,,,,,,,,,,,,,,,,,,,,,,,,,,,,,,,,,,,,,,,,,,,,,,,,,,,,,,,,,,,,,,,,,,,,,,,,,,,,,,,,,,,,,,,0.0,1044217028030,2004-12-01,,21.0,68.20.20,L,74300060,12300,4210014,16,32731000001,kemerovo,4200,1.0,0.0,87.1104134,53.7674095,house,0.0
4217069340,1.0,none,1.0,0.0,1.0,0.0,,,,,,0.0,,,,,3615.0,1764.0,,,,1850.0,1.0,,328.0,,,,,,,,,,,,,3287.0,56.0,3231.0,,,,3615.0,3615.0,,1441.0,-1556.0,-115.0,,,0.0,,,-2.0,132.0,-15.0,0.0,0.0,,,,,,,,0.0,,,,,,,,,,,,,,,,,,,,,,,,,,,,,,,,,,,,,,,,,,,,,,,,,,,,,,,,,,,,,,,,,,,,,,,,,,,,,,,,,,,,,,,,,,,,,,,,,,,,,,,,,,,,,,,,,,,,,,,,,,,,,,,,,,,,,,,,1.0,1044217028470,2004-12-03,,21.0,46.65,G,74300679,12300,4210014,16,32731000001,kemerovo,4200,1.0,0.0,87.1459848,53.7604492,house,0.0
4217069478,1.0,none,1.0,0.0,0.0,11421.0,,,,,,11421.0,,,,,62628.0,568.0,,1073.0,58217.0,,2770.0,,17438.0,10.0,,,,,,17428.0,10684.0,10684.0,,,,45927.0,3100.0,42827.0,,,,74049.0,74049.0,7355.0,176656.0,-169301.0,7355.0,,,4430.0,,2.0,,4200.0,-7127.0,2875.0,-1555.0,-1555.0,,,,,,,744.0,,-2131.0,,,,,,,,,,,,,,,,,,,,,,,,,,,,,,,,,,,,,,,,,,,,,,,,,,,,,,,,,,,,,,,,,,,,,,,,,,,,,,,,,,,,,,,,,,,,,,,,,,,,,,,,,,,,,,,,,,,,,,,,,,,,,,,,,,,,,,0.0,1044217029042,2004-12-07,,21.0,49.41,H,74300901,12300,4210014,16,50701000001,novosibirsk,5400,1.0,0.0,82.9830158,54.998736,house,0.0
4217069527,1.0,none,1.0,0.0,1.0,0.0,,,,,,0.0,,,,,5723.0,521.0,,,,5081.0,121.0,,-2344.0,,,,,,,,,,,,,8067.0,,8067.0,,,,5723.0,5723.0,,27629.0,-19220.0,8409.0,,,7509.0,,,,,-900.0,6248.0,-1261.0,,,,,,,,6248.0,,,,,,,,,,,,,,,,,,,,,,,,,,,,,,,,,,,,,,,,,,,,,,,,,,,,,,,,,,,,,,,,,,,,,,,,,,,,,,,,,,,,,,,,,,,,,,,,,,,,,,,,,,,,,,,,,,,,,,,,,,,,,,,,,,,,,,,,1.0,1044217029757,2004-12-09,,21.0,86.21,Q,74301579,12300,4210014,16,32731000001,kemerovo,4200,1.0,0.0,87.1333963,53.7834848,house,0.0
4217069647,1.0,none,1.0,0.0,1.0,10538.0,,,,,,10538.0,,,,,19072.0,17518.0,,,,985.0,569.0,,27333.0,,,,,,,,0.0,0.0,,,,2277.0,,2277.0,,,,29610.0,29610.0,,62995.0,-57417.0,5578.0,,,3552.0,,,,58.0,-2084.0,1660.0,-1892.0,,,,,,,,1660.0,,,,,,26023.0,26023.0,,,25674.0,25674.0,-349.0,-349.0,,,,,,,,,,,,,,,,,,25674.0,27333.0,1659.0,1659.0,,,,,,,,,,,,,,,,,,,,,,,,,,,,,,,,,,,,,,,,,,,,,,,,,,,,,,,,,,,,,,,,,,,,,,,,,,,,,,,,,,,,,,,,,,,,,,,,,,,,,,1.0,1044217030362,2004-12-16,,21.0,47.19,G,74301912,12300,4210014,16,32731000001,kemerovo,4200,1.0,0.0,87.1104919,53.7674103,house,0.0
4217069750,1.0,none,1.0,0.0,1.0,14.0,,,,,,,,14.0,,,1.0,0.0,,,,,1.0,,10.0,,,,,,,,,,,,,5.0,,5.0,,,,15.0,15.0,,864.0,-255.0,609.0,,,609.0,,,,0.0,0.0,609.0,,,,,,,,,609.0,,,,,,,,,,,,,,,,,,,,,,,,,,,,,,,,,,,,,,,,,,,,,,,,,,,,,,,,,,,,,,,,,,,,,,,,,,,,,,,,,,,,,,,,,,,,,,,,,,,,,,,,,,,,,,,,,,,,,,,,,,,,,,,,,,,,,,,,1.0,1044217030725,2004-12-20,,21.0,41.20,F,74302395,12300,4210014,16,32731000001,kemerovo,4200,1.0,0.0,87.1356795,53.7548235,house,0.0
4217069767,1.0,none,1.0,0.0,0.0,12492.0,,0.0,,,,12492.0,0.0,0.0,,0.0,18274.0,0.0,,0.0,6053.0,0.0,12221.0,0.0,30422.0,10.0,,,0.0,,0.0,30412.0,0.0,0.0,,,0.0,344.0,0.0,344.0,,,,30766.0,30766.0,3414.0,4269.0,-855.0,-1070.0,,-4484.0,-1154.0,,0.0,0.0,10.0,-94.0,-1354.0,-200.0,,,,,,,,-1354.0,0.0,,,,,28025.0,28025.0,0.0,0.0,36375.0,36375.0,8350.0,8350.0,0.0,,,,0.0,,0.0,,,,,,,0.0,,0.0,0.0,36375.0,30422.0,-1353.0,-1353.0,0.0,,,,0.0,,-4600.0,,,,,,,-4600.0,,0.0,0.0,,,,,,,,,,,,,,,,,,,,,,,,,,,,,,,,,,,,,,,,,,,,,,,,,,,,,,,,,,,,,,,,,,,,,,,,,,,,,,,,,,,,,1.0,1044217030736,2004-12-20,,21.0,68.20,L,74302353,12300,4210014,16,32731000001,kemerovo,4200,1.0,0.0,87.1026024,53.7641756,house,0.0
4217069774,1.0,none,1.0,0.0,0.0,79633.0,,0.0,,,,38180.0,0.0,41453.0,,0.0,91895.0,21737.0,,434.0,4265.0,50000.0,15051.0,408.0,156786.0,10.0,,,0.0,,0.0,156776.0,0.0,0.0,,,0.0,14742.0,0.0,14742.0,,,,171528.0,171528.0,22975.0,132110.0,-109135.0,-9683.0,,-32658.0,4392.0,,14457.0,0.0,5930.0,-6312.0,3372.0,-1020.0,-1020.0,,,,,,,3372.0,0.0,,,,,,,,,,,,,,,,,,,,,,,,,,,,,,,,,,,,,,,,,,,,,,,,,,,,,,,,,,,,,,,,,,,,,,,,,,,,,,,,,,,,,,,,,,,,,,,,,,,,,,,,,,,,,,,,,,,,,,,,,,,,,,,,,,,,,,,0.0,1044217030769,2004-12-20,,21.0,33.14,C,74302337,12300,4210014,16,32731000001,kemerovo,4200,1.0,0.0,87.1026024,53.7641756,house,0.0
4217069781,1.0,none,1.0,0.0,0.0,17092.0,,0.0,,,,17092.0,0.0,0.0,,0.0,46565.0,4396.0,,0.0,7708.0,15000.0,19367.0,94.0,58244.0,10.0,,,0.0,,0.0,58234.0,2020.0,2020.0,,,0.0,3393.0,0.0,3393.0,,,,63657.0,63657.0,16245.0,37982.0,-21737.0,722.0,,-15523.0,-589.0,,268.0,0.0,530.0,-2109.0,-1717.0,-1128.0,-1128.0,,,,,,,-1717.0,0.0,,,,,,,,,,,,,,,,,,,,,,,,,,,,,,,,,,,,,,,,,,,,,,,,,,,,,,,,,,,,,,,,,,,,,,,,,,,,,,,,,,,,,,,,,,,,,,,,,,,,,,,,,,,,,,,,,,,,,,,,,,,,,,,,,,,,,,,0.0,1044217030747,2004-12-20,,21.0,33.14,C,74302283,12300,4210014,16,32731000001,kemerovo,4200,1.0,0.0,87.1026024,53.7641756,house,0.0
4217069848,1.0,none,1.0,0.0,0.0,,,,,,,,,,,,25.0,,,,1.0,,24.0,,0.0,,,,,,,,,,,,,25.0,,25.0,,,,25.0,25.0,,,,,,,,,,,,,,,,,,,,,,0.0,,,,,,,,,,,,,,,,,,,,,,,,,,,,,,,,,,,,,,,,,,,,,,,,,,,,,,,,,,,,,,,,,,,,,,,,,,,,,,,,,,,,,,,,,,,,,,,,,,,,,,,,,,,,,,,,,,,,,,,,,,,,,,,,,,,,,,,,0.0,1044217031473,2004-12-23,,21.0,52.21.24,H,74311856,20101,4210014,16,32731000001,kemerovo,4200,1.0,0.0,87.1724396,53.7569495,house,0.0
4217070106,1.0,none,1.0,0.0,1.0,,,,,,,,,,,,683.0,0.0,,,,290.0,393.0,,652.0,,,,,,,,24.0,24.0,,,,7.0,,7.0,,,,683.0,683.0,,475.0,-332.0,143.0,,,130.0,,,,,-13.0,116.0,-14.0,,,,,,,,116.0,,,,,,,,,,,,,,,,,,,,,,,,,,,,,,,,,,,,,,,,,,,,,,,,,,,,,,,,,,,,,,,,,,,,,,,,,,,,,,,,,,,,,,,,,,,,,,,,,,,,,,,,,,,,,,,,,,,,,,,,,,,,,,,,,,,,,,,,1.0,1054217000188,2005-01-12,,20.0,68.31,L,74305181,12300,4210014,16,32731000001,kemerovo,4200,1.0,0.0,87.1361654,53.7797655,house,0.0
4217070201,1.0,none,1.0,0.0,1.0,17.0,,,,,,,,17.0,,,237.0,,,,,26.0,211.0,,-861.0,,,,,,,,0.0,0.0,,,,1115.0,0.0,1115.0,,,0.0,254.0,254.0,,4116.0,-4042.0,74.0,,,68.0,,,,,-6.0,27.0,-41.0,,,,,,,,27.0,,,,,,,,,,,,,,,,,,,,,,,,,,,,,,,,,,,,,,,,,,,,,,,,,,,,,,,,,,,,,,,,,,,,,,,,,,,,,,,,,,,,,,,,,,,,,,,,,,,,,,,,,,,,,,,,,,,,,,,,,,,,,,,,,,,,,,,,1.0,1054217000969,2005-01-19,,20.0,86.21,Q,74305360,12300,4210014,16,32731000001,kemerovo,4200,0.0,0.0,87.1347417,53.7614942,house,0.0
4217070321,1.0,none,1.0,0.0,1.0,,,,,,,,,,,,7342.0,7234.0,,,,63.0,45.0,,7325.0,,,,,,,,,,,,,17.0,,17.0,,,,7342.0,7342.0,,849.0,-309.0,540.0,,,6538.0,,,,6010.0,-12.0,4903.0,-1635.0,,,,,,,,4903.0,,,,,,,,,,,,,,,,,,,,,,,,,,,,,,,,,,,,,,,,,,,,,,,,,,,,,,,,,,,,,,,,,,,,,,,,,,,,,,,,,,,,,,,,,,,,,,,,,,,,,,,,,,,,,,,,,,,,,,,,,,,,,,,,,,,,,,,,1.0,1054217001222,2005-01-19,,20.0,46.73.30,G,74305560,12300,4210014,16,32731000001,kemerovo,4200,1.0,0.0,87.1694178,53.7574185,house,0.0
4217070473,1.0,none,1.0,0.0,1.0,456.0,,,,,,456.0,,,,,5546.0,,,,,5270.0,276.0,,5856.0,,,,,,,,,,,,,147.0,,147.0,,,,6002.0,6002.0,,16689.0,-14429.0,2260.0,,,2164.0,,,,78.0,-174.0,1912.0,-252.0,,,,,,,,1912.0,,,,,,,,,,,,,,,,,,,,,,,,,,,,,,,,,,,,,,,,,,,,,,,,,,,,,,,,,,,,,,,,,,,,,,,,,,,,,,,,,,,,,,,,,,,,,,,,,,,,,,,,,,,,,,,,,,,,,,,,,,,,,,,,,,,,,,,,1.0,1054217001761,2005-01-25,,20.0,38.22,E,74307381,12300,4210014,16,32731000001,kemerovo,4200,1.0,0.0,87.1108373,53.7553741,house,0.0
4217070586,1.0,none,1.0,0.0,1.0,,,,,,,,,,,,936.0,,,,,446.0,490.0,,,,,,,224.0,,,,,,,,712.0,,712.0,,,,936.0,936.0,,3555.0,-3292.0,263.0,,,263.0,,,,,,224.0,-39.0,,,,,,,,224.0,,,,,,,,,,,,,,,,,,,,,,,,,,,,,,,,,,,,,,,,,,,,,,,,,,,,,,,,,,,,,,,,,,,,,,,,,,,,,,,,,,,,,,,,,,,,,,,,,,,,,,,,,,,,,,,,,,,,,,,,,,,,,,,,,,,,,,,,1.0,1054217001827,2005-01-25,,20.0,68.32.10,L,74307568,20700,4210014,16,32731000001,kemerovo,4200,0.0,0.0,87.1226062,53.7578929,house,0.0
4217070762,1.0,none,1.0,0.0,0.0,,,,,,,,,,,,203.0,,,,,,203.0,0.0,103.0,10.0,,,,,,93.0,,,,,,100.0,,100.0,,,,203.0,203.0,1186.0,1186.0,,98.0,-1088.0,,98.0,,,,,,98.0,,,,,,,,,98.0,,,,,,,,,,,,,,,,,,,,,,,,,,,,,,,,,,,,,,,,,,,,,,,,,,,,,,,,,,,,,,,,,,,,,,,,,,,,,,,,,,,,,,,,,,,,,,,,,,,,,,,,,,,,,,,,,,,,,,,,,,,,,,,,,,,,,,,,0.0,1054217002784,2005-01-31,,20.0,71.20.20,M,74307731,12300,4210014,16,32731000001,kemerovo,4200,1.0,0.0,87.1199854,53.7678287,house,0.0
4217070970,1.0,none,1.0,0.0,1.0,3190.0,,,,,,3190.0,,,,,102067.0,98791.0,,,,2489.0,787.0,,32301.0,,,,,,,,20927.0,20927.0,,,,52029.0,90.0,51939.0,,,,105257.0,105257.0,,256269.0,-246172.0,10097.0,,,9452.0,,,-7.0,4458.0,-5096.0,6550.0,-2902.0,,,,,,,,6550.0,,,,,,,,,,,,,,,,,,,,,,,,,,,,,,,,,,,,,,,,,,,,,,,,,,,,,,,,,,,,,,,,,,,,,,,,,,,,,,,,,,,,,,,,,,,,,,,,,,,,,,,,,,,,,,,,,,,,,,,,,,,,,,,,,,,,,,,,1.0,1054217003664,2005-02-03,,20.0,47.74,G,74308541,12300,4210014,16,32731000001,kemerovo,4200,1.0,0.0,87.1419382,53.7545194,house,0.0
4217071029,1.0,none,1.0,0.0,1.0,,,,,,,,,,,,423.0,,,,,394.0,29.0,,423.0,,,,,,,,,,,,,0.0,,0.0,,,,423.0,423.0,,306.0,-302.0,4.0,,,4.0,,,,,,-5.0,-9.0,,,,,,,,-5.0,,,,,,,,,,,,,,,,,,,,,,,,,,,,,,,,,,,,,,,,,,,,,,,,,,,,,,,,,,,,,,,,,,,,,,,,,,,,,,,,,,,,,,,,,,,,,,,,,,,,,,,,,,,,,,,,,,,,,,,,,,,,,,,,,,,,,,,,1.0,1054217003840,2005-02-07,,20.0,68.20.20,L,74308825,12300,4210014,16,32731000001,kemerovo,4200,1.0,0.0,87.1232804,53.7908043,house,0.0
4217071318,1.0,none,1.0,0.0,1.0,,,,,,,,,,,,91.0,,,,,0.0,91.0,,,,,,,91.0,,,,,,,,0.0,,0.0,,,,91.0,91.0,,,,,,,,,,,,,,,,,,,,,,,,,,,,,,,,,,,,,,,,,,,,,,,,,,,,,,,,,,,,,,,,,,,,,,,,,,,,,,,,,,,,,,,,,,,,,,,,,,,,,,,,,,,,,,,,,,,,,,,,,,,,,,,,,,,,,,,91.0,2281.0,,,,,,,-2280.0,,,,,,,,,,,,,,91.0,1.0,1054217005831,2005-02-16,,20.0,96.09,S,74310532,20700,4210014,16,32731000001,kemerovo,4200,0.0,0.0,87.1633099,53.837753,house,0.0
4217071558,1.0,none,1.0,0.0,1.0,7295.0,,,,,,7295.0,,,,,2010.0,,,,,1434.0,576.0,,9235.0,,,,,,,,,,,,,70.0,,70.0,,,,9305.0,9305.0,,4823.0,-4487.0,336.0,,,-420.0,,,,782.0,-1538.0,-570.0,-150.0,,,,,,,,-570.0,,,,,,,,,,,,,,,,,,,,,,,,,,,,,,,,,,,,,,,,,,,,,,,,,,,,,,,,,,,,,,,,,,,,,,,,,,,,,,,,,,,,,,,,,,,,,,,,,,,,,,,,,,,,,,,,,,,,,,,,,,,,,,,,,,,,,,,,1.0,1054217007338,2005-02-28,,20.0,68.20.20,L,74311939,12300,4210014,16,32731000001,kemerovo,4200,1.0,0.0,87.1254226,53.7604776,house,0.0
4217071974,1.0,none,1.0,0.0,1.0,9845.0,,,,,,5845.0,,4000.0,,,45987.0,138.0,,,,44191.0,1658.0,,48070.0,,,,,,,,,,,,,7762.0,,7762.0,,,0.0,55832.0,55832.0,,16190.0,-10398.0,5792.0,,,6906.0,,,,1233.0,-119.0,6401.0,-505.0,,,,,,,,6401.0,,,,,,,,,,,,,,,,,,,,,,,,,,,,,,,,,,,,,,,,,,,,,,,,,,,,,,,,,,,,,,,,,,,,,,,,,,,,,,,,,,,,,,,,,,,,,,,,,,,,,,,,,,,,,,,,,,,,,,,,,,,,,,,,,,,,,,,,1.0,1054217010726,2005-03-16,,20.0,82.99,N,76910377,12300,4210014,16,32731000001,kemerovo,4200,1.0,0.0,87.1209546,53.7899971,house,0.0
4217072022,1.0,none,1.0,0.0,0.0,9117.0,,,,,,9117.0,,,,,3862.0,1724.0,,,1872.0,,172.0,94.0,3304.0,,,3304.0,,,,,,,,,,9674.0,,4314.0,5360.0,,,12978.0,12978.0,271.0,271.0,,-2832.0,,-3103.0,1225.0,,2.0,,4223.0,-168.0,1099.0,-126.0,,,,,,,0.0,1099.0,,,,,,,,,,,,,,,,,,,,,,,,,,,,,,,,,,,,,,,,,,,,,,,,,,,,,,,,,,,,,,,,,,,,,,,,,,,,,,,,,,,,,,,,,,,,,,,,,,,,,,,,,,,,,,,,,,,,,,,,,,,,,,,,,,,,,,,,0.0,1054200001020,2005-03-11,,20.0,94.99,S,14795374,20200,4220003,53,32519000426,kemerovo,4200,1.0,0.0,87.5628996,54.2131594,street,0.0
4217072103,1.0,none,1.0,0.0,1.0,,,,,,,,,,,,685.0,134.0,,,,513.0,38.0,,-1319.0,,,,,,,,,,,,,2004.0,,2004.0,,,,685.0,685.0,,3976.0,-4643.0,-667.0,,,-591.0,,,,85.0,-9.0,-710.0,-119.0,,,,,,,,-710.0,,,,,,,,,,,,,,,,,,,,,,,,,,,,,,,,,,,,,,,,,,,,,,,,,,,,,,,,,,,,,,,,,,,,,,,,,,,,,,,,,,,,,,,,,,,,,,,,,,,,,,,,,,,,,,,,,,,,,,,,,,,,,,,,,,,,,,,,1.0,1054217011420,2005-03-21,,20.0,55.10,I,74314949,12300,4210014,16,32731000001,kemerovo,4200,1.0,0.0,87.1674858,53.7580367,house,0.0
4217072135,1.0,none,1.0,0.0,0.0,0.0,,,,,,0.0,,,,,1337.0,972.0,,,303.0,,62.0,,,,,,,,,,0.0,,,,,641.0,,641.0,,,,1337.0,1337.0,-498.0,1207.0,-1705.0,-498.0,,,-425.0,,,,214.0,-141.0,-468.0,-43.0,,,,,,,,-468.0,,,,,,,,,,,,,,,,,,,,,,,,,,,,,,,,,,,,,,,,,,,,,,,,,,,,,,,,,,,,,,,,,,,,,,,,,,,,,,,,,,,,,,,,,,,,,,,,,,,,,,,,,,,,,,,,,,,,,,,,,,,,,,,,,,,,,,,,,1054217011507,2005-03-21,,20.0,73.20.10,M,74314990,20600,4210014,16,32731000001,kemerovo,4200,0.0,0.0,87.1607807,53.7392584,house,0.0
4217072167,1.0,none,1.0,0.0,0.0,0.0,,,,,,,,,,,10.0,,,,10.0,,,,10.0,10.0,,,,,,,0.0,,,,,0.0,,,,,,10.0,10.0,0.0,0.0,,0.0,,,0.0,0.0,,,0.0,,0.0,,,,,,,,,0.0,,,,,,,,,,,,,,,,,,,,,,,,,,,,,,,,,,,,,,,,,,,,,,,,,,,,,,,,,,,,,,,,,,,,,,,,,,,,,,,,,,,,,,,,,,,,,,,,,,,,,,,,,,,,,,,,,,,,,,,,,,,,,,,,,,,,,,,,1.0,1054217011716,2005-03-22,,20.0,41.20,F,14797203,12300,4210014,16,32731000001,kemerovo,4200,1.0,0.0,87.1186949,53.7490886,house,0.0
4217072181,1.0,none,1.0,0.0,1.0,,,,,,,,,,,,10.0,10.0,,,,,,,10.0,,,,,,,,,,,,,,,,,,,10.0,10.0,,,,,,,,,,,,,,,,,,,,,,,,,,,,,,,,,,,,,,,,,,,,,,,,,,,,,,,,,,,,,,,,,,,,,,,,,,,,,,,,,,,,,,,,,,,,,,,,,,,,,,,,,,,,,,,,,,,,,,,,,,,,,,,,,,,,,,,,,,,,,,,,,,,,,,,,,,,,,,1.0,1054217011760,2005-03-22,,20.0,47.51,G,14797226,12300,4210014,16,32731000001,kemerovo,4200,1.0,0.0,87.1317212,53.7642406,house,0.0
4217072199,1.0,none,1.0,0.0,1.0,10.0,,,,,,,,10.0,,,50.0,,,,,,50.0,,10.0,,,,,,,,,,,,,50.0,,,,,50.0,60.0,60.0,,50.0,-58.0,-8.0,,,-8.0,,,,,,-9.0,-1.0,,,,,,,,-9.0,,,,,,,,,,,,,,,,,,,,,,,,,,,,,,,,,,,,,,,,,,,,,,,,,,,,,,,,,,,,,,,,,,,,,,,,,,,,,,,,,,,,,,,,,,,,,,,,,,,,,,,,,,,,,,,,,,,,,,,,,,,,,,,,,,,,,,,,1.0,1054217011771,2005-03-22,,20.0,71.11.10,M,14797232,12300,4210014,16,32731000001,kemerovo,4200,1.0,0.0,87.1433605,53.7453334,house,0.0
4217072223,1.0,none,1.0,0.0,1.0,10844.0,,,,,,9944.0,,900.0,,,2161.0,,,,,2125.0,36.0,,11260.0,,,,,,,,,,,,,1745.0,,1745.0,,,,13005.0,13005.0,,17846.0,-20243.0,-2397.0,,,-2585.0,,,,15.0,-203.0,-3121.0,-536.0,,,,,,,,-3121.0,,,,,,,,,,,,,,,,,,,,,,,,,,,,,,,,,,,,,,,,,,,,,,,,,,,,,,,,,,,,,,,,,,,,,,,,,,,,,,,,,,,,,,,,,,,,,,,,,,,,,,,,,,,,,,,,,,,,,,,,,,,,,,,,,,,,,,,,1.0,1054217011793,2005-03-22,,20.0,93.11,R,14797249,12300,4210014,16,32731000001,kemerovo,4200,1.0,0.0,87.2175126,53.7834399,house,0.0
4217072375,1.0,none,1.0,0.0,1.0,13824.0,,,,,,,,13824.0,,,136311.0,616.0,,,,134613.0,1082.0,,76335.0,,,,,,,,56017.0,56017.0,,,,17784.0,1111.0,16673.0,,,,150136.0,150136.0,,127523.0,-104799.0,22724.0,,,15165.0,,,-6658.0,1.0,-902.0,13714.0,-1451.0,,,,,,,,13714.0,,,,,,,,,,,,,,,,,,,,,,,,,,,,,,,,,,,,,,,,,,,,,,,,,,,,,,,,,,,,,,,,,,,,,,,,,,,,,,,,,,,,,,,,,,,,,,,,,,,,,,,,,,,,,,,,,,,,,,,,,,,,,,,,,,,,,,,,1.0,1054217013290,2005-03-28,,20.0,62.09,J,70604107,12300,4210014,16,32731000001,kemerovo,4200,1.0,0.0,87.1104134,53.7674095,house,0.0
4217072512,1.0,none,1.0,0.0,1.0,,,,,,,,,,,,4150.0,376.0,,,,2020.0,1754.0,,3296.0,,,,,,,,,,,,,854.0,,854.0,,,,4150.0,4150.0,,38619.0,-38106.0,513.0,,,299.0,,,,0.0,-214.0,-972.0,-1271.0,,,,,,,,-972.0,,,,,,,,,,,,,,,,,,,,,,,,,,,,,,,,,,,,,,,,,,,,,,,,,,,,,,,,,,,,,,,,,,,,,,,,,,,,,,,,,,,,,,,,,,,,,,,,,,,,,,,,,,,,,,,,,,,,,,,,,,,,,,,,,,,,,,,,1.0,1054217014675,2005-04-05,,20.0,80.10,N,70621888,12300,4210014,16,32731000001,kemerovo,4200,1.0,0.0,87.1579891,53.7488211,house,0.0
4217072618,1.0,none,1.0,0.0,0.0,904.0,,,,,,,,,,904.0,163.0,,,,0.0,,163.0,,1066.0,10.0,,,,,,1056.0,,,,,,1.0,,1.0,,,,1067.0,1067.0,21.0,21.0,,8.0,-13.0,,8.0,,,,,,9.0,0.0,0.0,,,,,,1.0,9.0,,,,,,,,,,,,,,,,,,,,,,,,,,,,,,,,,,,,,,,,,,,,,,,,,,,,,,,,,,,,,,,,,,,,,,,,,,,,,,,,,,,,,,,,,,,,,,,,,,,,,,,,,,,,,,,,,,,,,,,,,,,,,,,,,,,,,,,,1.0,1054217015434,2005-04-08,,20.0,46.73.60,G,72271791,12300,4210014,16,32731000001,kemerovo,4200,0.0,0.0,87.1503194,53.7626286,house,0.0
4217072858,1.0,none,1.0,0.0,1.0,,,,,,,,,,,,4.0,,,,,,4.0,,,,,,,4.0,,,,,,,,,,,,,,4.0,4.0,,,,,,,,,,,,,,,,,,,,,,,,,,,,,,,,,,,,,,,,,,,,,,,,,,,,,,,,,,,,,,,,,,,,,,,,,,,,,,,,,,,,,,,,,,,,,,,,,,,,,,,,,,,,,,,,,,,,,,,,,,,,,,,,,,,,,,,1.0,672.0,,,,,,,-562.0,-514.0,,,,,,,,,,,,-48.0,111.0,1.0,1054217031450,2005-04-15,,20.0,93.19,R,72276848,71400,4210014,16,32731000001,kemerovo,4200,1.0,0.0,87.1600196,53.748971,house,0.0
4217072921,1.0,none,1.0,0.0,0.0,51799.0,,458.0,,,,51341.0,0.0,0.0,,0.0,77825.0,32877.0,,0.0,44566.0,0.0,144.0,238.0,19203.0,5.0,,,,,16230.0,,0.0,0.0,,,0.0,110421.0,0.0,110421.0,,,,129624.0,129624.0,133745.0,594740.0,-460995.0,-4366.0,-553.0,-137558.0,-4300.0,,185.0,0.0,4926.0,-5045.0,-4324.0,-24.0,-24.0,,,,,,,-4324.0,0.0,,,,,,,,,,,,,,,,,,,,,,,,,,,,,,,,,,,,,,,,,,,,,,,,,,,,,,,,,,,,,,,,-504.0,605711.0,595961.0,,,,9750.0,,-606215.0,-263736.0,-271739.0,,,-70740.0,,,,,,,,,,,,,,,,,,,,,,,,,,,,,,,-504.0,649.0,,145.0,,,,,,,,,,,,,,,,,,,,,,,,,1054217032100,2005-04-18,,20.0,93.10,R,72276937,20600,4210014,16,32731000001,kemerovo,4200,0.0,0.0,87.1160161,53.7678242,house,0.0
4217073033,1.0,none,1.0,0.0,1.0,,,,,,,,,,,,10.0,10.0,,,,,,,10.0,,,,,,,,,,,,,,,,,,,10.0,10.0,,112.0,-104.0,8.0,,,1.0,,,,,-7.0,0.0,-1.0,,,,,,,,0.0,,,,,,,,,,,,,,,,,,,,,,,,,,,,,,,,,,,,,,,,,,,,,,,,,,,,,,,,,,,,,,,,,,,,,,,,,,,,,,,,,,,,,,,,,,,,,,,,,,,,,,,,,,,,,,,,,,,,,,,,,,,,,,,,,,,,,,,,1.0,1054217038138,2005-04-20,,20.0,69.20.20,M,72279344,12300,4210014,16,32731000001,kemerovo,4200,1.0,0.0,87.1195481,53.7708322,house,0.0
4217073153,1.0,none,1.0,0.0,1.0,15861.0,,,,,,375.0,,15486.0,,,1593.0,0.0,,,,1485.0,108.0,,13559.0,,,,,,,,428.0,428.0,,,,3468.0,,3468.0,,,,17455.0,17455.0,,8632.0,-9473.0,-841.0,,,-2263.0,,,,,-1422.0,-3424.0,-1161.0,,,,,,,,-3424.0,,,,,,,,,,,,,,,,,,,,,,,,,,,,,,,,,,,,,,,,,,,,,,,,,,,,,,,,,,,,,,,,,,,,,,,,,,,,,,,,,,,,,,,,,,,,,,,,,,,,,,,,,,,,,,,,,,,,,,,,,,,,,,,,,,,,,,,,1.0,1054217041405,2005-04-21,,20.0,46.69.50,G,72280494,12300,4210014,16,32731000001,kemerovo,4200,1.0,0.0,87.14653,53.7582436,city,0.0
4217073160,1.0,none,1.0,0.0,1.0,0.0,,,,,,0.0,,0.0,,,3467.0,28.0,,,,3365.0,74.0,,728.0,,,,,,,,0.0,0.0,,,0.0,2739.0,0.0,2739.0,,,0.0,3467.0,3467.0,,2652.0,-3564.0,-912.0,,,-7395.0,,,,957.0,-7440.0,-7401.0,-6.0,,,,,,,,-7401.0,,,,,,,,,,,,,,,,,,,,,,,,,,,,,,,,,,,,,,,,,,,,,,,,,,,,,,,,,,,,,,,,,,,,,,,,,,,,,,,,,,,,,,,,,,,,,,,,,,,,,,,,,,,,,,,,,,,,,,,,,,,,,,,,,,,,,,,,1.0,1054217043055,2005-04-22,,20.0,49.41.20,H,72283452,12300,4210014,16,50701000001,novosibirsk,5400,1.0,0.0,82.9022733,54.9905649,house,0.0
4217073259,1.0,none,1.0,0.0,1.0,717.0,,,,,,717.0,,0.0,,,4592.0,5.0,,,,4521.0,66.0,,4799.0,,,,,,,,,,,,,510.0,,510.0,,,,5309.0,5309.0,,936.0,-952.0,-16.0,,,-36.0,,,,,-20.0,-65.0,-29.0,,,,,,,,-65.0,,,,,,,,,,,,,,,,,,,,,,,,,,,,,,,,,,,,,,,,,,,,,,,,,,,,,,,,,,,,,,,,,,,,,,,,,,,,,,,,,,,,,,,,,,,,,,,,,,,,,,,,,,,,,,,,,,,,,,,,,,,,,,,,,,,,,,,,1.0,1054217045475,2005-04-26,,20.0,68.20.20,L,72283788,12300,4210014,16,32731000001,kemerovo,4200,1.0,0.0,87.2216499,53.8494508,house,0.0
4217073650,1.0,none,1.0,0.0,1.0,,,,,,,,,,,,1722.0,,,,,1719.0,3.0,,1704.0,,,,,,,,,,,,,18.0,,18.0,,,,1722.0,1722.0,,1200.0,-1064.0,136.0,,,122.0,,,,,-14.0,122.0,,,,,,,,,122.0,,,,,,,,,,,,,,,,,,,,,,,,,,,,,,,,,,,,,,,,,,,,,,,,,,,,,,,,,,,,,,,,,,,,,,,,,,,,,,,,,,,,,,,,,,,,,,,,,,,,,,,,,,,,,,,,,,,,,,,,,,,,,,,,,,,,,,,,1.0,1054217053296,2005-05-03,,20.0,43.30,F,72282665,12300,4210014,16,32731000001,kemerovo,4200,1.0,0.0,87.3301169,53.7886768,street,0.0
4217073668,1.0,none,1.0,0.0,1.0,,,,,,,,,,,,83.0,19.0,,,,0.0,64.0,,71.0,,,,,,,,,,,,,12.0,,,,,12.0,83.0,83.0,,1572.0,-1499.0,73.0,,,26.0,,,0.0,,-47.0,26.0,0.0,,,,,,,,26.0,,,,,,,,,,,,,,,,,,,,,,,,,,,,,,,,,,,,,,,,,,,,,,,,,,,,,,,,,,,,,,,,,,,,,,,,,,,,,,,,,,,,,,,,,,,,,,,,,,,,,,,,,,,,,,,,,,,,,,,,,,,,,,,,,,,,,,,,1.0,1054217053538,2005-05-04,,20.0,86.21,Q,72283127,12300,4210014,16,32731000001,kemerovo,4200,1.0,0.0,87.1252207,53.7627693,house,0.0
4217073805,1.0,none,1.0,0.0,1.0,,,,,,,,,,,,26781.0,546.0,,,,26145.0,90.0,,12059.0,,,,,,,,5602.0,5602.0,,,,9120.0,143.0,8977.0,,,,26781.0,26781.0,,608.0,-714.0,-106.0,,,32.0,,,,171.0,-33.0,24.0,-8.0,,,,,,,,24.0,,,,,,,,,,,,,,,,,,,,,,,,,,,,,,,,,,,,,,,,,,,,,,,,,,,,,,,,,,,,,,,,,,,,,,,,,,,,,,,,,,,,,,,,,,,,,,,,,,,,,,,,,,,,,,,,,,,,,,,,,,,,,,,,,,,,,,,,1.0,1054217054836,2005-05-11,,20.0,68.31.20,L,72283989,12300,4210014,16,32731000001,kemerovo,4200,1.0,0.0,87.1583951,53.7454528,house,0.0
4217073918,1.0,none,1.0,0.0,1.0,435.0,,,,,,435.0,,,,,2742.0,2481.0,,,,,261.0,,3089.0,,,,,,,,,,,,,88.0,,88.0,,,,3177.0,3177.0,,24391.0,-23944.0,447.0,,,447.0,,,,,,181.0,-266.0,,,,,,,,181.0,,,,,,,,,,,,,,,,,,,,,,,,,,,,,,,,,,,,,,,,,,,,,,,,,,,,,,,,,,,,,,,,,,,,,,,,,,,,,,,,,,,,,,,,,,,,,,,,,,,,,,,,,,,,,,,,,,,,,,,,,,,,,,,,,,,,,,,,1.0,1054217056288,2005-05-17,,20.0,46.44.10,G,76890019,12300,4210014,16,32731000001,kemerovo,4200,1.0,0.0,,,,0.0
4217074037,1.0,none,1.0,0.0,1.0,,,,,,,,,,,,3364.0,24.0,,,,2506.0,834.0,,2642.0,,,,,,,,,,,,,722.0,,722.0,,,,3364.0,3364.0,,34227.0,-32468.0,1759.0,,,1753.0,,,,19.0,-25.0,1401.0,-352.0,,,,,,,,1401.0,,,,,,,,,,,,,,,,,,,,,,,,,,,,,,,,,,,,,,,,,,,,,,,,,,,,,,,,,,,,,,,,,,,,,,,,,,,,,,,,,,,,,,,,,,,,,,,,,,,,,,,,,,,,,,,,,,,,,,,,,,,,,,,,,,,,,,,,1.0,1054217057696,2005-05-23,,20.0,80.10,N,76890829,12300,4210014,16,32731000001,kemerovo,4200,1.0,0.0,87.1528673,53.7629097,house,0.0
4217074140,1.0,none,1.0,0.0,1.0,6390.0,,,,,,6390.0,,,,,5628.0,,,,,1023.0,4605.0,,10471.0,,,,,,,,,,,,,1547.0,,1547.0,,,,12018.0,12018.0,,4354.0,-2160.0,2194.0,,,2176.0,,,,,-18.0,1898.0,-278.0,,,,,,,,1898.0,,,,,,,,,,,,,,,,,,,,,,,,,,,,,,,,,,,,,,,,,,,,,,,,,,,,,,,,,,,,,,,,,,,,,,,,,,,,,,,,,,,,,,,,,,,,,,,,,,,,,,,,,,,,,,,,,,,,,,,,,,,,,,,,,,,,,,,,1.0,1054217057993,2005-05-24,,20.0,47.61,G,76891071,12300,4210014,16,32731000001,kemerovo,4200,1.0,0.0,87.1654964,53.75687,house,0.0
4217074196,1.0,none,1.0,0.0,1.0,10.0,,,,,,0.0,,10.0,,,427.0,0.0,,,,140.0,287.0,,416.0,,,,,,,,0.0,0.0,,,0.0,21.0,0.0,21.0,,,0.0,437.0,437.0,,1660.0,-1399.0,261.0,,,229.0,,,0.0,0.0,-32.0,148.0,-81.0,,,,,,,,148.0,,,,,,,,,,,,,,,,,,,,,,,,,,,,,,,,,,,,,,,,,,,,,,,,,,,,,,,,,,,,,,,,,,,,,,,,,,,,,,,,,,,,,,,,,,,,,,,,,,,,,,,,,,,,,,,,,,,,,,,,,,,,,,,,,,,,,,,,1.0,1054217057950,2005-05-24,,20.0,41.20,F,76891036,12300,4210014,16,32731000001,kemerovo,4200,1.0,0.0,87.1510239,53.7444651,house,0.0
4217074365,1.0,none,1.0,0.0,0.0,0.0,,,,,,,,,,,4160.0,3041.0,,,1111.0,,8.0,,855.0,10.0,0.0,,,,,845.0,0.0,,,,,3305.0,,3305.0,,,,4160.0,4160.0,1110.0,1127.0,-17.0,53.0,-1057.0,,14.0,,,,9.0,-48.0,11.0,-3.0,-3.0,,,,,,,11.0,,,,,,,,,,,,,,,,,,,,,,,,,,,,,,,,,,,,,,,,,,,,,,,,,,,,,,,,,,,,,,,,,,,,,,,,,,,,,,,,,,,,,,,,,,,,,,,,,,,,,,,,,,,,,,,,,,,,,,,,,,,,,,,,,,,,,,,,0.0,1054217060490,2005-05-31,,20.0,47.41,G,76892001,12300,4210014,16,32731000001,kemerovo,4200,1.0,0.0,87.1244209,53.7645581,house,0.0
4217074510,1.0,none,1.0,0.0,1.0,257.0,,,,,,257.0,,,,,20554.0,2.0,,,,2888.0,17664.0,,,,,,,17429.0,,,,,,,,3382.0,,3382.0,,,,20811.0,20811.0,,11614.0,-7801.0,3813.0,,,5882.0,,,,2114.0,-45.0,5776.0,-106.0,,,,,,,,5776.0,,,,,,,,,,,,,,,,,,,,,,,,,,,,,,,,,,,,,,,,,,,,,,,,,,,,,,,,,,,,,,,,,,,,,,,,,,,,,,,,,,,,,,,,,,,,,,,,,,,,,,,,,,,,,,,,,,,,,,,,,,,,,,,,,,,,,,,,1.0,1054217062624,2005-06-08,,20.0,68.32.10,L,76892892,20716,4210014,16,32731000001,kemerovo,4200,0.0,0.0,87.1555183,53.7628246,house,0.0
4217074647,1.0,none,1.0,0.0,1.0,0.0,,,,,,0.0,,0.0,,,43246.0,1930.0,,,,37060.0,4256.0,,42847.0,,,,,,,,0.0,,,,0.0,399.0,,399.0,,,,43246.0,43246.0,,15810.0,-12434.0,3376.0,,,25383.0,,,0.0,23343.0,-1336.0,24159.0,-1224.0,,,,,,,,24159.0,,,,,,,,,,,,,,,,,,,,,,,,,,,,,,,,,,,,,,,,,,,,,,,,,,,,,,,,,,,,,,,,,,,,,,,,,,,,,,,,,,,,,,,,,,,,,,,,,,,,,,,,,,,,,,,,,,,,,,,,,,,,,,,,,,,,,,,,1.0,1054217068950,2005-06-15,,20.0,33.13,C,76893727,12300,4210014,16,32731000001,kemerovo,4200,1.0,0.0,87.1704981,53.7548565,house,0.0
4217074816,1.0,none,1.0,0.0,0.0,0.0,,0.0,,0.0,0.0,0.0,,0.0,0.0,0.0,1319.0,1301.0,,0.0,0.0,0.0,18.0,0.0,994.0,10.0,0.0,,,0.0,0.0,984.0,0.0,0.0,0.0,0.0,0.0,325.0,0.0,325.0,0.0,0.0,0.0,1319.0,1319.0,1989.0,4419.0,-2430.0,41.0,-1948.0,0.0,41.0,0.0,0.0,0.0,0.0,0.0,-91.0,-132.0,-132.0,0.0,,,,,0.0,-91.0,0.0,0.0,0.0,0.0,0.0,1411.0,0.0,0.0,0.0,1085.0,0.0,0.0,0.0,0.0,,,,0.0,,0.0,,,,,,,0.0,,0.0,0.0,0.0,994.0,0.0,0.0,0.0,,,,0.0,,0.0,,,,,,,0.0,,0.0,0.0,,,,,,,,,,,,,,-91.0,4419.0,4419.0,,,,,,-4510.0,-2430.0,-845.0,,-132.0,-1103.0,,0.0,,,,,,,,0.0,,,,,0.0,,0.0,,,,,,,,0.0,,,,0.0,,-91.0,0.0,,-91.0,0.0,0.0,,,,,,0.0,0.0,,,,,0.0,0.0,,,,,,,,0.0,1.0,1054217071160,2005-06-22,,20.0,45.32,G,76894614,12300,4210014,16,32731000001,kemerovo,4200,1.0,0.0,87.1548694,53.7465262,house,0.0
4217074823,1.0,none,1.0,0.0,1.0,963.0,,,,,,963.0,,0.0,,,7681.0,181.0,,,,3793.0,3707.0,,7472.0,,,,,,,,,,,,,1172.0,,1172.0,,,,8644.0,8644.0,,28875.0,-25610.0,3265.0,,,3327.0,,,0.0,135.0,-73.0,2533.0,-794.0,,,,,,,,2533.0,,,,,,,,,,,,,,,,,,,,,,,,,,,,,,,,,,,,,,,,,,,,,,,,,,,,,,,,,,,,,,,,,,,,,,,,,,,,,,,,,,,,,,,,,,,,,,,,,,,,,,,,,,,,,,,,,,,,,,,,,,,,,,,,,,,,,,,,1.0,1054217071435,2005-06-22,,20.0,62.01,J,76894626,12300,4210014,16,32731000001,kemerovo,4200,1.0,0.0,87.1253992,53.7638788,house,0.0
4217075048,1.0,none,1.0,0.0,1.0,0.0,,,,,,0.0,,0.0,,,158.0,,,,,158.0,0.0,,158.0,,,,,,,,,,,,,0.0,,0.0,,,,158.0,158.0,,175.0,0.0,175.0,,,159.0,,,,,-16.0,148.0,-11.0,,,,,,,,148.0,,,,,,,,,,,,,,,,,,,,,,,,,,,,,,,,,,,,,,,,,,,,,,,,,,,,,,,,,,,,,,,,,,,,,,,,,,,,,,,,,,,,,,,,,,,,,,,,,,,,,,,,,,,,,,,,,,,,,,,,,,,,,,,,,,,,,,,,1.0,1054217077090,2005-06-29,,20.0,93.29.90,R,76895778,12300,4210014,16,32731000001,kemerovo,4200,1.0,0.0,87.1055888,53.7605876,house,0.0
4217075312,1.0,none,1.0,0.0,0.0,0.0,,,,,,,,,,,1857.0,647.0,,107.0,627.0,0.0,476.0,,1170.0,20.0,0.0,,,,,1150.0,0.0,0.0,,,,687.0,685.0,2.0,,,,1857.0,1857.0,525.0,5336.0,-4811.0,525.0,0.0,0.0,181.0,,,0.0,,-344.0,136.0,-45.0,-45.0,,,,,,,136.0,,,,,,,,,,,,,,,,,,,,,,,,,,,,,,,,,,,,,,,,,,,,,,,,,,,,,,,,,,,,,,,,,,,,,,,,,,,,,,,,,,,,,,,,,,,,,,,,,,,,,,,,,,,,,,,,,,,,,,,,,,,,,,,,,,,,,,,,0.0,1054217079839,2005-07-11,,20.0,46.60,G,76897501,12300,4210014,16,32731000001,kemerovo,4200,1.0,0.0,87.1516485,53.7429159,house,0.0
4217075376,1.0,none,1.0,0.0,0.0,,,,,,,,,,,,683.0,10.0,,,,,673.0,,683.0,10.0,,,,,,673.0,,,,,,,,,,,,683.0,683.0,673.0,13548.0,-12875.0,673.0,,,673.0,,,,,,673.0,,,,,,,,,673.0,,,,,,,,,,,,,,,,,,,,,,,,,,,,,,,,,,,,,,,,,,,,,,,,,,,,,,,,,,,,,,,,,,,,,,,,,,,,,,,,,,,,,,,,,,,,,,,,,,,,,,,,,,,,,,,,,,,,,,,,,,,,,,,,,,,,,,,,0.0,1054217080037,2005-07-12,,20.0,62.02,J,76897567,12300,4210014,16,32731000001,kemerovo,4200,1.0,0.0,87.1345123,53.7455676,house,0.0
4217075545,1.0,none,1.0,0.0,0.0,25220.0,,0.0,,,,25220.0,0.0,0.0,,0.0,113411.0,36117.0,,0.0,32997.0,35000.0,8483.0,814.0,122649.0,10.0,,,0.0,,0.0,122639.0,985.0,985.0,,,0.0,14997.0,0.0,14997.0,,,,138631.0,138631.0,21036.0,69027.0,-47991.0,10587.0,,-10449.0,18118.0,,3745.0,,10911.0,-7125.0,13727.0,-4391.0,-4391.0,,,,,,,13727.0,0.0,,,,,114366.0,114366.0,0.0,0.0,118922.0,118922.0,20556.0,20556.0,0.0,,,,0.0,,-16000.0,,,,,,,-16000.0,,0.0,0.0,118922.0,122649.0,13727.0,13727.0,0.0,,,,0.0,,-10000.0,,,,,,,-10000.0,,0.0,0.0,,,,,,,,,,,,,,,,,,,,,,,,,,,,,,,,,,,,,,,,,,,,,,,,,,,,,,,,,,,,,,,,,,,,,,,,,,,,,,,,,,,,,1.0,1054217080961,2005-07-20,,20.0,43.21,F,76910822,12300,4210014,16,50701000001,novosibirsk,5400,1.0,0.0,82.9940003,55.0441514,house,0.0
4217075721,1.0,none,1.0,0.0,1.0,,,,,,,,,,,,105.0,,,,,2.0,103.0,,20.0,,,,,,,,,,,,,85.0,,85.0,,,,105.0,105.0,,,,,,,,,,,,,,,,,,,,,,,,,,,,,,,,,,,,,,,,,,,,,,,,,,,,,,,,,,,,,,,,,,,,,,,,,,,,,,,,,,,,,,,,,,,,,,,,,,,,,,,,,,,,,,,,,,,,,,,,,,,,,,,,,,,,,,,,,,,,,,,,,,,,,,,,,,,,,,1.0,1054217086802,2005-07-27,,20.0,18.12,C,76900516,12300,4210014,16,32731000001,kemerovo,4200,1.0,0.0,87.1156857,53.721884,house,0.0
4217075760,1.0,none,1.0,0.0,1.0,1356.0,,,,,,1356.0,,,,,10534.0,796.0,,,,2398.0,7340.0,,11589.0,,,,,,,,,,,,,301.0,,301.0,,,,11890.0,11890.0,,26704.0,-23830.0,2874.0,,,2790.0,,,,,-84.0,2060.0,-730.0,,,,,,,,2060.0,,,,,,,,,,,,,,,,,,,,,,,,,,,,,,,,,,,,,,,,,,,,,,,,,,,,,,,,,,,,,,,,,,,,,,,,,,,,,,,,,,,,,,,,,,,,,,,,,,,,,,,,,,,,,,,,,,,,,,,,,,,,,,,,,,,,,,,,1.0,1054217087154,2005-07-29,,20.0,41.20,F,76900769,12300,4210014,16,32731000001,kemerovo,4200,1.0,0.0,87.0951497,53.7644164,house,0.0
4217075873,1.0,none,1.0,0.0,1.0,10859.0,,,,,,10853.0,,6.0,,,64530.0,3212.0,,,,57427.0,3891.0,,62651.0,,,,,,,,3060.0,3060.0,,,0.0,9678.0,,9678.0,,,,75389.0,75389.0,,158444.0,-145647.0,12797.0,,,10611.0,,,-950.0,100.0,-1336.0,6830.0,-3781.0,,,,,,,,6830.0,,,,,,,,,,,,,,,,,,,,,,,,,,,,,,,,,,,,,,,,,,,,,,,,,,,,,,,,,,,,,,,,,,,,,,,,,,,,,,,,,,,,,,,,,,,,,,,,,,,,,,,,,,,,,,,,,,,,,,,,,,,,,,,,,,,,,,,,1.0,1054217088420,2005-08-03,,20.0,25.10,C,76902917,12300,4210014,16,32731000001,kemerovo,4200,1.0,0.0,87.3165154,53.7647435,house,0.0
4217076130,1.0,none,1.0,0.0,1.0,,,,,,,,,,,,776.0,,,,,264.0,512.0,,696.0,,,,,,,,,,,,,80.0,,80.0,,,,776.0,776.0,,22203.0,-21953.0,250.0,,,250.0,,,0.0,,0.0,-416.0,-666.0,,,,,,,,-416.0,,,,,,,,,,,,,,,,,,,,,,,,,,,,,,,,,,,,,,,,,,,,,,,,,,,,,,,,,,,,,,,,,,,,,,,,,,,,,,,,,,,,,,,,,,,,,,,,,,,,,,,,,,,,,,,,,,,,,,,,,,,,,,,,,,,,,,,,1.0,1054217090861,2005-08-15,,20.0,86.23,Q,76902886,12300,4210014,16,32731000001,kemerovo,4200,1.0,0.0,87.1419382,53.7545194,house,0.0
4217076210,1.0,none,1.0,0.0,1.0,382.0,,,,,,382.0,,,,,8442.0,38.0,,,,3681.0,4723.0,,,,,,,7176.0,,,,,,,,1648.0,,1648.0,,,,8824.0,8824.0,,0.0,0.0,,,,0.0,,,0.0,360.0,-360.0,0.0,0.0,,,,,,,,0.0,,,,,,0.0,,,,0.0,,,,,,,,,,,,,,,,,,,,,,,,,,,,,,,,,,,,,,,,,,,,,,,,,,,,,,,,,,,,,,,,,,,,,,,,,,,,,,,,,,,,,,,,,,,,,,,,,,,,,,,1897.0,360.0,,,,,360.0,,-14694.0,0.0,,,,,,,,,,,-38.0,-14656.0,-12437.0,1.0,1054217091235,2005-08-17,,20.0,68.32.10,L,76903130,20700,4210014,16,32731000001,kemerovo,4200,0.0,0.0,87.1516508,53.7585167,street,0.0
4217076387,1.0,none,1.0,0.0,1.0,,,,,,,,,,,,0.0,0.0,,,,0.0,,,-109.0,,,,,,,,,,,,,109.0,18.0,91.0,,,0.0,0.0,0.0,,,0.0,0.0,,,-150.0,,,,,-150.0,-150.0,0.0,,,,,,,,-150.0,,,,,,,,,,,,,,,,,,,,,,,,,,,,,,,,,,,,,,,,,,,,,,,,,,,,,,,,,,,,,,,,,,,,,,,,,,,,,,,,,,,,,,,,,,,,,,,,,,,,,,,,,,,,,,,,,,,,,,,,,,,,,,,,,,,,,,,,1.0,1054217093347,2005-08-23,,20.0,49.41.10,H,76903638,12300,4210014,16,32731000001,kemerovo,4200,1.0,0.0,87.1294022,53.7619567,house,0.0
4217076411,1.0,none,1.0,0.0,1.0,1180.0,,,,,,1180.0,,,,,2161.0,0.0,,,,2159.0,2.0,,500.0,,,,,,,,0.0,0.0,,,,2841.0,,2841.0,,,,3341.0,3341.0,,30263.0,0.0,30263.0,,,30263.0,,,,,0.0,30263.0,,,,,,,,,30263.0,,,,,,,,,,,,,,,,,,,,,,,,,,,,,,,,,,,,,,,,,,,,,,,,,,,,,,,,,,,,,,,,,,,,,,,,,,,,,,,,,,,,,,,,,,,,,,,,,,,,,,,,,,,,,,,,,,,,,,,,,,,,,,,,,,,,,,,,1.0,1054217093512,2005-08-24,,20.0,52.10.90,H,16372620,12300,4210014,16,32731000001,kemerovo,4200,1.0,0.0,87.1188932,53.78807,house,0.0
4217076482,1.0,none,1.0,0.0,1.0,0.0,,,,,,0.0,,,,,461.0,0.0,,,,455.0,6.0,,460.0,,,,,,,,,,,,,1.0,,1.0,,,,461.0,461.0,,6.0,-724.0,-718.0,,,-756.0,,,,55.0,-93.0,-760.0,-4.0,,,,,,,,-760.0,,,,,,,,,,,,,,,,,,,,,,,,,,,,,,,,,,,,,,,,,,,,,,,,,,,,,,,,,,,,,,,,,,,,,,,,,,,,,,,,,,,,,,,,,,,,,,,,,,,,,,,,,,,,,,,,,,,,,,,,,,,,,,,,,,,,,,,,1.0,1054217095790,2005-08-30,,20.0,45.11.20,G,76904431,12300,4210014,16,32731000001,kemerovo,4200,1.0,0.0,87.1299336,53.7892276,house,0.0
4217076771,1.0,none,1.0,0.0,1.0,5996.0,,,,,,5016.0,,980.0,,,4043.0,278.0,,,,3594.0,171.0,,9742.0,,,,,,,,,,,,,297.0,,297.0,,,,10039.0,10039.0,,8132.0,-6056.0,2076.0,,,2262.0,,,,206.0,-20.0,2034.0,-228.0,,,,,,,,2034.0,,,,,,,,,,,,,,,,,,,,,,,,,,,,,,,,,,,,,,,,,,,,,,,,,,,,,,,,,,,,,,,,,,,,,,,,,,,,,,,,,,,,,,,,,,,,,,,,,,,,,,,,,,,,,,,,,,,,,,,,,,,,,,,,,,,,,,,,1.0,1054217098891,2005-09-13,,20.0,35.11,D,76909397,12300,4210014,16,32731000001,kemerovo,4200,1.0,0.0,87.2267682,53.7807777,house,0.0
4217076796,1.0,none,1.0,0.0,1.0,,,,,,,,,,,,8.0,,,,,7.0,1.0,,-87.0,,,,,,,,,,,,,94.0,58.0,36.0,,,,7.0,7.0,,,,,,,,,,,,,,,,,,,,,,,,,,,,,,,,,,,,,,,,,,,,,,,,,,,,,,,,,,,,,,,,,,,,,,,,,,,,,,,,,,,,,,,,,,,,,,,,,,,,,,,,,,,,,,,,,,,,,,,,,,,,,,,,,,,,,,,,,,,,,,,,,,,,,,,,,,,,,,1.0,1054217099364,2005-09-15,2025-12-17,20.0,08.12,B,76906878,12300,4210014,16,32731000001,kemerovo,4200,1.0,0.0,87.1328244,53.8926159,house,0.0
4217077140,1.0,none,1.0,0.0,1.0,10457.0,,,,,,10457.0,,0.0,,,5530.0,,,,,5369.0,161.0,,9396.0,,,,,,,,1001.0,1001.0,,,,5589.0,544.0,5045.0,,,,15986.0,15986.0,,4063.0,-900.0,3163.0,,,2921.0,,,-70.0,0.0,-172.0,2798.0,-123.0,,,,,,,,2798.0,,,,,,,,,,,,,,,,,,,,,,,,,,,,,,,,,,,,,,,,,,,,,,,,,,,,,,,,,,,,,,,,,,,,,,,,,,,,,,,,,,,,,,,,,,,,,,,,,,,,,,,,,,,,,,,,,,,,,,,,,,,,,,,,,,,,,,,,1.0,1054217102906,2005-09-27,2025-11-19,20.0,68.20,L,76908860,12300,4210014,16,32731000001,kemerovo,4200,1.0,0.0,87.1154293,53.755423,house,0.0
4217077493,1.0,none,1.0,0.0,0.0,0.0,,,,,,,,,,,0.0,,,,0.0,,0.0,0.0,0.0,,,0.0,,,,,0.0,,,,,0.0,,0.0,,,,0.0,0.0,,,,,,,,,,,,,,,,,,,,,,,,,,,,,,,,,,,,,,,,,,,,,,,,,,,,,,,,,,,,,,,,,,,,,,,,,,,,,,,,,,,,,,,-84.0,177.0,,,,,177.0,,-261.0,-213.0,-48.0,0.0,0.0,0.0,,0.0,,,,,,,,0.0,0.0,0.0,0.0,0.0,0.0,,0.0,,,,,,,,0.0,0.0,0.0,0.0,0.0,,-84.0,0.0,,-84.0,84.0,177.0,,,,177.0,,0.0,-261.0,-213.0,-213.0,0.0,0.0,-48.0,-48.0,0.0,0.0,0.0,0.0,0.0,0.0,0.0,0.0,0.0,1054217107450,2005-10-14,,20.0,66.19,K,76911129,70412,4210014,50,32731000001,kemerovo,4200,1.0,0.0,87.1224579,53.7500539,house,0.0
4217077510,1.0,none,1.0,0.0,1.0,,,,,,,,,,,,16451.0,34.0,,,,16388.0,29.0,,144.0,,,,,,,,,,,,,16307.0,,16307.0,,,,16451.0,16451.0,,22746.0,-24583.0,-1837.0,,,191.0,,,,2124.0,-96.0,143.0,-48.0,,,,,,,,143.0,,,,,,,,,,,,,,,,,,,,,,,,,,,,,,,,,,,,,,,,,,,,,,,,,,,,,,,,,,,,,,,,,,,,,,,,,,,,,,,,,,,,,,,,,,,,,,,,,,,,,,,,,,,,,,,,,,,,,,,,,,,,,,,,,,,,,,,,1.0,1054217107559,2005-10-17,,20.0,45.31.10,G,76911158,12300,4210014,16,32731000001,kemerovo,4200,1.0,0.0,87.1059524,53.7652156,house,0.0
4217077550,1.0,none,1.0,0.0,0.0,159.0,,0.0,,,,159.0,0.0,0.0,,0.0,218047.0,209880.0,,4.0,5719.0,0.0,1494.0,950.0,194456.0,200.0,,,0.0,,0.0,194256.0,6500.0,6500.0,,,0.0,17250.0,94.0,17156.0,,,,218206.0,218206.0,46597.0,77974.0,-31377.0,-5947.0,-52370.0,-174.0,3464.0,,0.0,0.0,11780.0,-2369.0,2038.0,-1426.0,-1426.0,,,,,,,2038.0,0.0,,,,,189825.0,189825.0,,,193824.0,193824.0,4149.0,4149.0,,,,,,,,,,,,,,,,,-150.0,193824.0,194456.0,2039.0,2039.0,,,,,,,-1408.0,,,,,,,-1408.0,,,,,,,,,,,,,,,,,,,,,,,,,,,,,,,,,,,,,,,,,,,,,,,,,,,,,,,,,,,,,,,,,,,,,,,,,,,,,,,,,,,,,,,,1.0,1054217107614,2005-10-17,,20.0,47.77,G,76911218,12300,4210014,16,32731000001,kemerovo,4200,1.0,0.0,87.2156518,53.7807402,house,0.0
4217077687,1.0,none,1.0,0.0,0.0,0.0,,0.0,,,,0.0,0.0,0.0,,0.0,11438.0,10523.0,,0.0,604.0,0.0,311.0,0.0,11066.0,15.0,,,0.0,,0.0,11051.0,0.0,0.0,,,0.0,372.0,0.0,372.0,,,,11438.0,11438.0,19223.0,23940.0,-4717.0,3607.0,-3089.0,-12527.0,3192.0,,0.0,0.0,0.0,-415.0,2736.0,-456.0,,,,,,,,2736.0,0.0,,,,,,,,,,,,,,,,,,,,,,,,,,,,,,,,,,,,,,,,,,,,,,,,,,,,,,,,,,,,,,,,,,,,,,,,,,,,,,,,,,,,,,,,,,,,,,,,,,,,,,,,,,,,,,,,,,,,,,,,,,,,,,,,,,,,,,,0.0,1054217108901,2005-10-21,,20.0,47.51.10,G,76912620,12300,4210014,16,32731000001,kemerovo,4200,1.0,0.0,87.1187483,53.7513551,house,0.0
4217078183,1.0,none,1.0,0.0,1.0,1546.0,,,,,,1546.0,,0.0,,,863.0,0.0,,,,355.0,508.0,,2328.0,,,,,,,,0.0,0.0,,,0.0,81.0,0.0,81.0,,,0.0,2409.0,2409.0,,25564.0,-23902.0,1662.0,,,649.0,,,0.0,0.0,-1013.0,386.0,-263.0,,,,,,,,386.0,,,,,,,,,,,,,,,,,,,,,,,,,,,,,,,,,,,,,,,,,,,,,,,,,,,,,,,,,,,,,,,,,,,,,,,,,,,,,,,,,,,,,,,,,,,,,,,,,,,,,,,,,,,,,,,,,,,,,,,,,,,,,,,,,,,,,,,,1.0,1054217112707,2005-11-08,,20.0,86.23,Q,76914659,12300,4210014,16,32731000001,kemerovo,4200,1.0,0.0,87.1718538,53.756632,house,0.0
4217078200,1.0,none,1.0,0.0,1.0,,,,,,,,,,,,21.0,,,,,0.0,21.0,,21.0,,,,,,,,0.0,0.0,,,,,,,,,,21.0,21.0,,,,,,,,,,,,,,,,,,,,,,,,,,,,,,,,,,,,,,,,,,,,,,,,,,,,,,,,,,,,,,,,,,,,,,,,,,,,,,,,,,,,,,,,,,,,,,,,,,,,,,,,,,,,,,,,,,,,,,,,,,,,,,,,,,,,,,,,,,,,,,,,,,,,,,,,,,,,,,1.0,1054217113565,2005-11-10,,20.0,46.90,G,76915311,12300,4210014,16,50701000001,novosibirsk,5400,1.0,0.0,83.0882399,54.8704425,house,0.0
4217078426,1.0,none,1.0,0.0,0.0,6.0,,,,,,,,6.0,,,446.0,,,,446.0,,0.0,,74.0,74.0,,,,,,,,,,,,378.0,,378.0,,,,452.0,452.0,,,,,,,,,,,,,,,,,,,,,,,,,,,,,,,,,,,,,,,,,,,,,,,,,,,,,,,,,,,,,,,,,,,,,,,,,,,,,,,,,,,,,,,,,,,,,,,,,,,,,,,,,,,,,,,,,,,,,,,,,,,,,,,,,,,,,,,,,,,,,,,,,,,,,,,,,,,,,,0.0,1054220030710,2005-11-11,,20.0,74.90.22,M,39651630,12300,4210014,16,32731000001,kemerovo,4200,1.0,0.0,87.1157517,53.7494948,house,0.0
4217078472,1.0,none,1.0,0.0,1.0,,,,,,,,,,,,198.0,156.0,,,,42.0,,,-22.0,,,,,,,,,,,,,220.0,,220.0,,,,198.0,198.0,,,,,,,,,,,,,,,,,,,,,,,,,,,,,,,,,,,,,,,,,,,,,,,,,,,,,,,,,,,,,,,,,,,,,,,,,,,,,,,,,,,,,,,,,,,,,,,,,,,,,,,,,,,,,,,,,,,,,,,,,,,,,,,,,,,,,,,,,,,,,,,,,,,,,,,,,,,,,,1.0,1054217115358,2005-11-17,,20.0,79.11,N,76916397,12300,4210014,16,32731000001,kemerovo,4200,1.0,0.0,87.1760107,53.7542958,house,0.0
4217078553,1.0,none,1.0,0.0,1.0,,,,,,,,,,,,334.0,123.0,,,,206.0,5.0,,334.0,,,,,,,,,,,,,,,,,,,334.0,334.0,,1201.0,-1165.0,36.0,,,8.0,,,0.0,,-28.0,-3.0,-11.0,,,,,,,,-3.0,,,,,,,,,,,,,,,,,,,,,,,,,,,,,,,,,,,,,,,,,,,,,,,,,,,,,,,,,,,,,,,,,,,,,,,,,,,,,,,,,,,,,,,,,,,,,,,,,,,,,,,,,,,,,,,,,,,,,,,,,,,,,,,,,,,,,,,,1.0,1054217115435,2005-11-17,,20.0,47.52.70,G,76916537,12300,4210014,16,32731000001,kemerovo,4200,1.0,0.0,87.1352393,53.7584203,street,0.0
4217078560,1.0,none,1.0,0.0,1.0,,,,,,,,,,,,83.0,0.0,,,,78.0,5.0,,47.0,,,,,,,,,,,,,36.0,,36.0,,,,83.0,83.0,,580.0,-535.0,45.0,,,29.0,,,,,-16.0,7.0,-22.0,,,,,,,,7.0,,,,,,,,,,,,,,,,,,,,,,,,,,,,,,,,,,,,,,,,,,,,,,,,,,,,,,,,,,,,,,,,,,,,,,,,,,,,,,,,,,,,,,,,,,,,,,,,,,,,,,,,,,,,,,,,,,,,,,,,,,,,,,,,,,,,,,,,1.0,1054217115446,2005-11-17,,20.0,69.20.20,M,76916546,12300,4210014,16,32731000001,kemerovo,4200,1.0,0.0,87.1172379,53.7600653,house,0.0
4217078634,1.0,none,1.0,0.0,1.0,,,,,,,,,,,,2355.0,,,,,1054.0,1301.0,,2147.0,,,,,,,,,,,,,208.0,,208.0,,,,2355.0,2355.0,,1280.0,-973.0,307.0,,,20.0,,,,,-287.0,20.0,,,,,,,,,20.0,,,,,,,,,,,,,,,,,,,,,,,,,,,,,,,,,,,,,,,,,,,,,,,,,,,,,,,,,,,,,,,,,,,,,,,,,,,,,,,,,,,,,,,,,,,,,,,,,,,,,,,,,,,,,,,,,,,,,,,,,,,,,,,,,,,,,,,,1.0,1054217116535,2005-11-21,,20.0,68.20,L,76916902,12300,4210014,16,32731000001,kemerovo,4200,1.0,0.0,87.16569,53.755727,house,0.0
4217078698,1.0,none,1.0,0.0,1.0,,,,,,,,,,,,160.0,126.0,,,,34.0,0.0,,10.0,,,,,,,,,,,,,150.0,113.0,37.0,,,,160.0,160.0,,864.0,-759.0,105.0,,,61.0,,,-24.0,,-20.0,52.0,-9.0,,,,,,,,52.0,,,,,,,,,,,,,,,,,,,,,,,,,,,,,,,,,,,,,,,,,,,,,,,,,,,,,,,,,,,,,,,,,,,,,,,,,,,,,,,,,,,,,,,,,,,,,,,,,,,,,,,,,,,,,,,,,,,,,,,,,,,,,,,,,,,,,,,,1.0,1054217117129,2005-11-23,,20.0,73.11,M,76917630,12300,4210014,16,32731000001,kemerovo,4200,1.0,0.0,87.1078593,53.7644573,house,0.0
4217078899,1.0,none,1.0,0.0,0.0,,,,,,,,,,,,1667.0,,,,,,1667.0,,1667.0,,,,,,,1667.0,,,,,,,,,,,,1667.0,1667.0,,,,,,,,,,,,,,,,,,,,,,,,,,,,809.0,809.0,,,788.0,788.0,,,,,,,,,,,,,,,,,,,,788.0,1667.0,879.0,879.0,,,,,,,,,,,,,,,,,,,,,,,,,,,,,,,,,,,,,,,,,,,,,,,,,,,,,,,,,,,,,,,,,,,,,,,,,,,,,,,263.0,1667.0,,,,1667.0,,,-1870.0,-1682.0,,,-1682.0,-188.0,-188.0,,,,,,,,60.0,1.0,1054217119131,2005-12-05,,20.0,94.99,S,93120889,70412,4210014,50,32731000001,kemerovo,4200,1.0,0.0,87.15909,53.7553424,house,0.0
4217079290,1.0,none,1.0,0.0,0.0,7952.0,,,,,,7952.0,,,,,20424.0,2483.0,,,6575.0,,11283.0,83.0,4082.0,10000.0,0.0,,,,,-5918.0,0.0,,,,0.0,24294.0,20270.0,4024.0,0.0,,0.0,28376.0,28376.0,30076.0,61576.0,-31500.0,75.0,0.0,-30001.0,711.0,,1299.0,0.0,0.0,-663.0,623.0,,0.0,,,,,,-88.0,623.0,,,,,,3347.0,0.0,0.0,0.0,3456.0,0.0,0.0,0.0,0.0,,,,0.0,,0.0,,,,,,,0.0,,0.0,0.0,0.0,4082.0,0.0,0.0,0.0,,,,0.0,,0.0,,,,,,,0.0,,0.0,0.0,,,,,,,,,,,,,,1384.0,61855.0,61855.0,,,,0.0,,-60471.0,-25800.0,-33913.0,0.0,0.0,-758.0,,0.0,,,,,,,,0.0,0.0,0.0,0.0,0.0,0.0,,0.0,,,,,,,,0.0,0.0,0.0,0.0,0.0,,1384.0,9900.0,,11284.0,,,,,,,,,,,,,,,,,,,,,,,,1.0,1054217125192,2005-12-23,,20.0,86.10,Q,93124999,12300,4210014,16,32517000001,kemerovo,4200,1.0,0.0,88.0499355,53.6960919,house,0.0
4217079300,1.0,none,1.0,0.0,1.0,,,,,,,,,,,,12.0,,,,,,12.0,,,,,,,12.0,,,,,,,,,,,,,,12.0,12.0,,,,,,,,,,,,,,,,,,,,,,,,,,,,,,,,,,,,,,,,,,,,,,,,,,,,,,,,,,,,,,,,,,,,,,,,,,,,,,,,,,,,,,,,,,,,,,,,,,,,,,,,,,,,,,,,,,,,,,,,,,,,,,,,,,,,,,,85.0,109.0,,,,,,,-109.0,-109.0,,,,,,,,,,,,,85.0,1.0,1054217125225,2005-12-23,,20.0,88.10,Q,93125007,70412,4210014,50,32731000001,kemerovo,4200,0.0,0.0,,,,0.0
4217079363,1.0,none,1.0,0.0,1.0,,,,,,,,,,,,-800.0,217.0,,,,3515.0,-4532.0,,-3931.0,,,,,,,,,,,,,3944.0,,3944.0,,,,-800.0,13.0,,,-3518.0,-3518.0,,,-3423.0,,,,128.0,-33.0,-3893.0,-470.0,,,,,,,,-3893.0,,,,,,,,,,,,,,,,,,,,,,,,,,,,,,,,,,,,,,,,,,,,,,,,,,,,,,,,,,,,,,,,,,,,,,,,,,,,,,,,,,,,,,,,,,,,,,,,,,,,,,,,,,,,,,,,,,,,,,,,,,,,,,,,,,,,,,,,1.0,1054217124983,2005-12-22,,20.0,68.32.10,L,39651475,20700,4210014,16,32731000001,kemerovo,4200,0.0,0.0,87.1605403,53.7623842,house,0.0
4217079388,1.0,none,1.0,0.0,0.0,0.0,,,,,,0.0,,,,,273.0,41.0,,,0.0,,232.0,,265.0,,,265.0,,,,,,,,,,8.0,,8.0,,,,273.0,273.0,233.0,233.0,0.0,0.0,-233.0,,0.0,,,,,,0.0,,,,,,,,,0.0,,,,,,,,,,,,,,,,,,,,,,,,,,,,,,,,,,,,,,,,,,,,,,,,,,,,,,,,,,,,,,,,,,,,,,,,,,,,,,,,,,,,,,,,,,,,,,,,,,,,,,,,,,,,,,,,,222.0,1423.0,,40.0,1150.0,,233.0,,-1380.0,,,,,-1351.0,-1258.0,,,,,-93.0,,-29.0,265.0,0.0,1054200010160,2005-12-14,,20.0,94.99,S,93128773,20200,4220003,53,32731000001,kemerovo,4200,1.0,0.0,87.1069199,53.7511867,house,0.0
4217079395,1.0,none,1.0,0.0,0.0,3473.0,,,,,,3473.0,,,,,185529.0,123612.0,,0.0,41848.0,0.0,20069.0,,182628.0,10.0,0.0,,,,,182618.0,0.0,0.0,,,,6374.0,,6374.0,,,,189002.0,189002.0,68282.0,253811.0,-185529.0,30897.0,-2513.0,-34872.0,23170.0,,16.0,0.0,0.0,-7743.0,13345.0,-4470.0,-4470.0,,,,,,-5355.0,13345.0,,,,,,,,,,,,,,,,,,,,,,,,,,,,,,,,,,,,,,,,,,,,,,,,,,,,,,,,,,,,,,,,,,,,,,,,,,,,,,,,,,,,,,,,,,,,,,,,,,,,,,,,,,,,,,,,,,,,,,,,,,,,,,,,,,,,,,,,0.0,1054217125599,2005-12-26,,20.0,46.69.50,G,93125527,12300,4210014,16,32731000001,kemerovo,4200,1.0,0.0,87.2767774,53.782111,house,0.0
4217079444,1.0,none,1.0,0.0,1.0,,,,,,,,,,,,1618.0,,,,,1448.0,170.0,,,,,,,1164.0,,,,,,,,454.0,,454.0,,,,1618.0,1618.0,,,,,,,,,,,,,,,,,,,,,,,,,,,,,,,,,,,,,,,,,,,,,,,,,,,,,,,,,,,,,,,,,,,,,,,,,,,,,,,,,,,,,,,,,,,,,,,,,,,,,,,,,,,,,,,,,,,,,,,,,,,,,,,,,,,,,,,131.0,5458.0,,,,,,,-3821.0,-3821.0,,,,,,,,,,,,,1768.0,1.0,1054217127359,2005-12-26,,20.0,68.32.10,L,41857801,20716,4210014,16,32731000001,kemerovo,4200,0.0,0.0,87.1310898,53.7485317,house,0.0
4217079469,1.0,none,1.0,0.0,0.0,4352.0,,0.0,,,,954.0,0.0,0.0,3398.0,0.0,17792.0,71.0,,0.0,17496.0,0.0,225.0,1.0,18916.0,313.0,,,0.0,,0.0,18604.0,238.0,0.0,238.0,,0.0,2990.0,0.0,2769.0,,221.0,,22144.0,22144.0,1894.0,160023.0,-158129.0,-5103.0,-1766.0,-5231.0,-1361.0,,0.0,0.0,5926.0,-2184.0,-1586.0,-225.0,0.0,-225.0,,,,,,-1586.0,0.0,,,,,15011.0,15011.0,,,18566.0,18566.0,3556.0,3556.0,,,,,,,,,,,,,,,,,,18566.0,18917.0,-1586.0,-1586.0,,,,,,,,,,,,,,,,,1936.0,,,,,,,,,,,,,,42.0,174804.0,169257.0,,,,5547.0,,-174762.0,-156072.0,-10922.0,,,-7768.0,,,,,,,,,,,,,,,,,,,,,,,,,,,,,,,42.0,184.0,,226.0,,,,,,,,,,,,,,,,,,,,,,,,1.0,1054217127568,2005-12-27,,20.0,38.32.30,E,93128945,12300,4210014,16,32731000001,kemerovo,4200,1.0,0.0,87.1279603,53.7684083,house,0.0
4217079483,1.0,none,1.0,0.0,0.0,,,,,,,,,,,,3368.0,,,,393.0,,2975.0,,3292.0,,,3292.0,,,,,,,,,,76.0,,76.0,,,,3368.0,3368.0,,,,,,,,,,,,,,,,,,,,,,,,,,,,,,,,,,,,,,,,,,,,,,,,,,,,,,,,,,,,,,,,,,,,,,,,,,,,,,,,,,,,,,,632.0,2019.0,,,,,2019.0,,-1387.0,-626.0,-558.0,,,-203.0,,,,,,,,,,,,,,,,,,,,,,,,,,,,,,,632.0,2343.0,,2975.0,2762.0,1935.0,,,1935.0,,,,-1405.0,,,,,-1405.0,-741.0,,,-664.0,,,,,3292.0,0.0,1054217127821,2005-12-27,,20.0,68.32.10,L,39670857,20716,4210014,16,32731000001,kemerovo,4200,1.0,0.0,87.1400964,53.7531395,house,0.0
4217079613,1.0,none,1.0,0.0,1.0,22769.0,,,,,,14758.0,,8011.0,,,67422.0,1304.0,,,,65744.0,374.0,,51458.0,,,,,,,,0.0,0.0,,,0.0,38734.0,3046.0,35688.0,,,,90193.0,90193.0,,159276.0,-132490.0,26786.0,,,24438.0,,,-2847.0,1222.0,-723.0,20204.0,-4234.0,,,,,,,,20204.0,,,,,,,,,,,,,,,,,,,,,,,,,,,,,,,,,,,,,,,,,,,,,,,,,,,,,,,,,,,,,,,,,,,,,,,,,,,,,,,,,,,,,,,,,,,,,,,,,,,,,,,,,,,,,,,,,,,,,,,,,,,,,,,,,,,,,,,,1.0,1064217000968,2006-01-18,,19.0,43.31,F,93127940,12300,4210014,16,32731000001,kemerovo,4200,1.0,0.0,87.112144,53.7549448,house,0.0
4217079758,1.0,none,1.0,0.0,1.0,,,,,,,,,,,,59019.0,0.0,,,,57685.0,1334.0,,27153.0,,,,,,,,0.0,,,,0.0,31866.0,,31866.0,,,,59018.0,59018.0,,130582.0,-126575.0,4007.0,,,3595.0,,,,76.0,-488.0,2268.0,-1327.0,,,,,,,,2268.0,,,,,,,,,,,,,,,,,,,,,,,,,,,,,,,,,,,,,,,,,,,,,,,,,,,,,,,,,,,,,,,,,,,,,,,,,,,,,,,,,,,,,,,,,,,,,,,,,,,,,,,,,,,,,,,,,,,,,,,,,,,,,,,,,,,,,,,,1.0,1064217000540,2006-01-17,,19.0,69,M,93129494,12300,4210014,16,32731000001,kemerovo,4200,1.0,0.0,87.1134613,53.7641815,house,0.0
4217079807,1.0,none,1.0,0.0,1.0,,,,,,,,,,,,981.0,0.0,,,,934.0,47.0,,10.0,,,,,,,,,,,,,971.0,,971.0,,,,981.0,981.0,,834.0,-364.0,470.0,,,452.0,,,0.0,,-18.0,393.0,-59.0,,,,,,,,393.0,,,,,,,,,,,,,,,,,,,,,,,,,,,,,,,,,,,,,,,,,,,,,,,,,,,,,,,,,,,,,,,,,,,,,,,,,,,,,,,,,,,,,,,,,,,,,,,,,,,,,,,,,,,,,,,,,,,,,,,,,,,,,,,,,,,,,,,,1.0,1064217000682,2006-01-17,,19.0,47.29.30,G,93129560,12300,4210014,16,32731000001,kemerovo,4200,1.0,0.0,87.1302873,53.7588571,house,0.0
4217080224,1.0,none,1.0,0.0,0.0,,,,,,,,,,,,3057.0,,,,3006.0,,51.0,,3057.0,10.0,,,,,,3047.0,,,,,,,,,,,,3057.0,3057.0,557.0,8322.0,-7765.0,557.0,,,557.0,,,,,,557.0,,,,,,,,,557.0,,,,,,,,,,,,,,,,,,,,,,,,,,,,,,,,,,,,,,,,,,,,,,,,,,,,,,,,,,,,,,,,,,,,,,,,,,,,,,,,,,,,,,,,,,,,,,,,,,,,,,,,,,,,,,,,,,,,,,,,,,,,,,,,,,,,,,,,0.0,1064217004433,2006-02-06,,19.0,93.29.90,R,93120961,12300,4210014,16,32731000001,kemerovo,4200,1.0,0.0,87.1253992,53.7638788,house,0.0
4217080489,1.0,none,1.0,0.0,1.0,850.0,,,,,,850.0,,,,,284.0,,,,,219.0,65.0,,106.0,,,,,,,,884.0,,,,884.0,144.0,,144.0,,,,1134.0,1134.0,,2226.0,-2220.0,6.0,,,6.0,,,,,,6.0,,,,,,,,,6.0,,,,,,,,,,,,,,,,,,,,,,,,,,,,,,,,,,,,,,,,,,,,,,,,,,,,,,,,,,,,,,,,,,,,,,,,,,,,,,,,,,,,,,,,,,,,,,,,,,,,,,,,,,,,,,,,,,,,,,,,,,,,,,,,,,,,,,,,1.0,1064217006083,2006-02-14,,19.0,68.20.20,L,93133610,12300,4210014,16,32731000001,kemerovo,4200,0.0,0.0,87.1510832,53.7489614,house,0.0
4217080672,1.0,none,1.0,0.0,0.0,,,,,,,,,,,,129.0,,,,17.0,,112.0,,,,,,,,,,,,,,,129.0,,129.0,,,,129.0,129.0,,,,,,,,,,,,,,,,,,,,,,0.0,,,,,,,,,,,,,,,,,,,,,,,,,,,,,,,,,,,,,,,,,,,,,,,,,,,,,,,,,,,,,,,,,,,,,,,,,,,,,,,,,,,,,,,,,,,,,,,,,,,,,,,,,,,,,,,,,28.0,814.0,,814.0,,,,,-730.0,,,,,-730.0,,,,-730.0,,,,,112.0,0.0,1064217006765,2006-02-16,,19.0,52.21.24,H,93134851,20101,4210014,16,32731000001,kemerovo,4200,1.0,0.0,87.1063524,53.7700476,street,0.0
4217080979,1.0,none,1.0,0.0,1.0,0.0,,,,,,,,0.0,,,2128.0,0.0,,,,57.0,2071.0,,1077.0,,,,,,,,,,,,,1051.0,883.0,168.0,,,,2128.0,2128.0,,10595.0,-9215.0,1380.0,,,1333.0,,,,,-47.0,1067.0,-266.0,,,,,,,,1067.0,,,,,,,,,,,,,,,,,,,,,,,,,,,,,,,,,,,,,,,,,,,,,,,,,,,,,,,,,,,,,,,,,,,,,,,,,,,,,,,,,,,,,,,,,,,,,,,,,,,,,,,,,,,,,,,,,,,,,,,,,,,,,,,,,,,,,,,,1.0,1064217012848,2006-03-03,,19.0,41.20,F,93136991,12300,4210014,16,32731000001,kemerovo,4200,1.0,0.0,,,,0.0
4217081059,1.0,none,1.0,0.0,0.0,2665.0,,,,,,2665.0,,,,,13839.0,9523.0,,,4309.0,,7.0,,5230.0,2954.0,0.0,,,351.0,337.0,1588.0,0.0,0.0,,,,11274.0,0.0,11274.0,,,,16504.0,16504.0,2737.0,26290.0,-23553.0,2737.0,0.0,0.0,2902.0,,,0.0,233.0,-68.0,1588.0,-725.0,-725.0,,,,,,-589.0,1588.0,,,,,,4518.0,0.0,0.0,0.0,5094.0,0.0,0.0,0.0,0.0,,,,0.0,,0.0,,,,,,,0.0,,0.0,0.0,0.0,5230.0,0.0,0.0,0.0,,,,0.0,,0.0,,,,,,,0.0,,0.0,0.0,,,,,,,,,,,,,,-819.0,23210.0,22912.0,,,,298.0,,-24029.0,-5041.0,-14669.0,0.0,-863.0,-3456.0,,0.0,0.0,,,,,0.0,,0.0,0.0,0.0,0.0,0.0,0.0,,-698.0,,,,,,,,-698.0,0.0,-698.0,0.0,0.0,,-1517.0,1524.0,,7.0,,,,,,,,,,,,,,,,,,,,,,,,1.0,1064217012947,2006-03-02,,19.0,71.12.13,M,02494584,12267,4210008,16,32731000001,kemerovo,4200,1.0,0.0,87.120327,53.7613229,house,0.0
4217081115,1.0,none,1.0,0.0,1.0,,,,,,,,,,,,10.0,,,,,,10.0,,10.0,,,,,,,,,,,,,,,,,,,10.0,10.0,,,,,,,,,,,,,,,,,,,,,,,,,,,,,,,,,,,,,,,,,,,,,,,,,,,,,,,,,,,,,,,,,,,,,,,,,,,,,,,,,,,,,,,,,,,,,,,,,,,,,,,,,,,,,,,,,,,,,,,,,,,,,,,,,,,,,,,,,,,,,,,,,,,,,,,,,,,,,,1.0,1064217013937,2006-03-09,2025-12-30,19.0,45.10,G,93137849,12300,4210014,16,41612104236,leningrad,4700,1.0,0.0,30.6442144,59.9526397,street,0.0
4217081210,1.0,none,1.0,0.0,1.0,10.0,,,,,,10.0,,,,,,,,,,,,,10.0,,,,,,,,,,,,,,,,,,,10.0,10.0,,9528.0,-8722.0,806.0,,,806.0,,,0.0,,0.0,806.0,,,,,,,,,806.0,,,,,,,,,,,,,,,,,,,,,,,,,,,,,,,,,,,,,,,,,,,,,,,,,,,,,,,,,,,,,,,,,806.0,9528.0,,9528.0,,,,,-8722.0,-8722.0,0.0,0.0,0.0,0.0,,0.0,0.0,,,,,0.0,,0.0,,,,,,,0.0,0.0,,,,,,,0.0,,,,,,806.0,0.0,,806.0,,,,,,,,,,,,,,,,,,,,,,,,1.0,1064217014190,2006-03-10,,19.0,41.20,F,93137921,12300,4210014,16,32731000001,kemerovo,4200,1.0,0.0,87.1225229,53.7681399,house,0.0
4217081436,1.0,none,1.0,0.0,0.0,,,,,,,,,,,,2726.0,954.0,,,758.0,,164.0,850.0,2670.0,15.0,,,,,,2655.0,,,,,,56.0,,56.0,,,,2726.0,2726.0,3540.0,8493.0,-4953.0,764.0,-2776.0,0.0,254.0,,,,,-510.0,254.0,,,,,,,,,254.0,,,,,,2103.0,2103.0,,,2416.0,2416.0,313.0,313.0,,,,,,,,,,,,,,,,,,2416.0,2670.0,254.0,254.0,,,,,,,,,,,,,,,,,,,,,,,,,,,,,,,,,,,,,,,,,,,,,,,,,,,,,,,,,,,,,,,,,,,,,,,,,,,,,,,,,,,,,,,,,,,,,,,,,,,,,,1.0,1064217015840,2006-03-20,,19.0,45.20,G,93139297,12300,4210014,16,32731000001,kemerovo,4200,1.0,0.0,87.1309369,53.7740838,house,0.0
4217081531,1.0,none,1.0,0.0,1.0,,,,,,,,,,,,948.0,,,,,872.0,76.0,,86.0,,,,,,,,,,,,,862.0,,862.0,,,,948.0,948.0,,21996.0,-18214.0,3782.0,,,3782.0,,,,,,3215.0,-567.0,,,,,,,,3215.0,,,,,,,,,,,,,,,,,,,,,,,,,,,,,,,,,,,,,,,,,,,,,,,,,,,,,,,,,,,,,,,,,,,,,,,,,,,,,,,,,,,,,,,,,,,,,,,,,,,,,,,,,,,,,,,,,,,,,,,,,,,,,,,,,,,,,,,,1.0,1064217016995,2006-03-23,,19.0,73.11,M,93140455,12300,4210014,16,32731000001,kemerovo,4200,1.0,0.0,87.1428891,53.7501751,house,0.0
4217081838,1.0,none,1.0,0.0,0.0,276.0,,0.0,,,,0.0,0.0,0.0,276.0,0.0,112115.0,32145.0,,179.0,48521.0,31270.0,0.0,0.0,4046.0,10.0,,,0.0,,0.0,4036.0,0.0,0.0,,,0.0,108345.0,126.0,108219.0,,,,112391.0,112391.0,,,,,,,0.0,,0.0,0.0,0.0,0.0,0.0,,,,,,,,,0.0,0.0,,,,,,,,,,,,,,,,,,,,,,,,,,,,,,,,,,,,,,,,,,,,,,,,,,,,,,,,,,,,,,,,,,,,,,,,,,,,,,,,,,,,,,,,,,,,,,,,,,,,,,,,,,,,,,,,,,,,,,,,,,,,,,,,,,,,,,,1.0,1064217040128,2006-04-03,,19.0,46.90,G,93143488,12300,4210014,16,50701000001,novosibirsk,5400,1.0,0.0,82.9128409,54.9890057,house,0.0
4217081877,1.0,none,1.0,0.0,0.0,,,,,,,,,,,,1990.0,1003.0,,,966.0,,21.0,,1163.0,10.0,,,,,,1153.0,,,,,,827.0,795.0,32.0,,,,1990.0,1990.0,4360.0,4360.0,,44.0,-4316.0,,1.0,,,,,-43.0,-42.0,-43.0,,,,,,,,-42.0,,,,,,,,,,,,,,,,,,,,,,,,,,,,,,,,,,,,,,,,,,,,,,,,,,,,,,,,,,,,,,,,,,,,,,,,,,,,,,,,,,,,,,,,,,,,,,,,,,,,,,,,,,,,,,,,,,,,,,,,,,,,,,,,,,,,,,,,0.0,1064217040227,2006-04-03,,19.0,25.10,C,93143554,12300,4210014,16,32731000001,kemerovo,4200,1.0,0.0,87.1055113,53.7650193,house,0.0
4217081919,1.0,none,1.0,0.0,1.0,,,,,,,,,,,,18941.0,121.0,,,,3524.0,15296.0,,,,,,,18293.0,,,,,,,,648.0,,648.0,,,,18941.0,18941.0,,,,,,,,,,,,,,,,,,,,,,,,,,,,,,,,,,,,,,,,,,,,,,,,,,,,,,,,,,,,,,,,,,,,,,,,,,,,,,,,,,,,,,,,,,,,,,,,,,,,,,,,,,,,,,,,,,,,,,,,,,,,,,,,,,,,,,,11288.0,12788.0,,,,,,,-6722.0,-6451.0,,,,,,,,,,,-271.0,,17354.0,1.0,1064217040458,2006-04-04,,19.0,68.32.10,L,93143591,20716,4210014,16,32731000001,kemerovo,4200,0.0,0.0,87.1647927,53.7577732,house,0.0
4217081972,1.0,none,1.0,0.0,1.0,,,,,,,,,,,,49.0,48.0,,,,,1.0,,10.0,,,,,,,,,,,,,39.0,0.0,39.0,,,,49.0,49.0,,6710.0,-6237.0,473.0,,,341.0,,,,,-132.0,256.0,-85.0,,,,,,,,256.0,,,,,,,,,,,,,,,,,,,,,,,,,,,,,,,,,,,,,,,,,,,,,,,,,,,,,,,,,,,,,,,,,,,,,,,,,,,,,,,,,,,,,,,,,,,,,,,,,,,,,,,,,,,,,,,,,,,,,,,,,,,,,,,,,,,,,,,,1.0,1064217043582,2006-04-10,,19.0,45.32,G,93144695,12300,4210014,16,32731000001,kemerovo,4200,0.0,0.0,87.0860737,53.7561858,house,0.0
4217082197,1.0,none,1.0,0.0,1.0,138267.0,,,,,,131667.0,,6600.0,,,59815.0,9842.0,,,,23375.0,26598.0,,98935.0,,,,,,,,545.0,545.0,,,,98602.0,,98602.0,,,,198082.0,198082.0,,419887.0,-418853.0,1034.0,,,6696.0,,,,19313.0,-13651.0,817.0,-5879.0,,,,,,,,817.0,,,,,,,,,,,,,,,,,,,,,,,,,,,,,,,,,,,,,,,,,,,,,,,,,,,,,,,,,,,,,,,,,,,,,,,,,,,,,,,,,,,,,,,,,,,,,,,,,,,,,,,,,,,,,,,,,,,,,,,,,,,,,,,,,,,,,,,,1.0,1064217047201,2006-04-13,,19.0,61.10,J,93145843,12300,4210014,16,32731000001,kemerovo,4200,1.0,0.0,87.0932723,53.7627875,house,0.0
4217082221,1.0,none,1.0,0.0,1.0,114.0,,,,,,114.0,,0.0,,,371.0,133.0,,,,11.0,227.0,,460.0,,,,,,,,0.0,0.0,,,0.0,25.0,0.0,25.0,,,0.0,485.0,485.0,,1028.0,-961.0,67.0,,,56.0,,,,,-11.0,25.0,-31.0,,,,,,,,25.0,,,,,,,,,,,,,,,,,,,,,,,,,,,,,,,,,,,,,,,,,,,,,,,,,,,,,,,,,,,,,,,,,,,,,,,,,,,,,,,,,,,,,,,,,,,,,,,,,,,,,,,,,,,,,,,,,,,,,,,,,,,,,,,,,,,,,,,,1.0,1064217048774,2006-04-14,,19.0,86.23,Q,93146015,12300,4210014,16,32731000001,kemerovo,4200,1.0,0.0,87.1458126,53.7629839,house,0.0
4217082260,1.0,none,1.0,0.0,1.0,,,,,,,,,,,,3147.0,0.0,,,,3140.0,7.0,,915.0,,,,,,,,,,,,,2232.0,,2232.0,,,,3147.0,3147.0,,63673.0,-63441.0,232.0,,,266.0,,,,46.0,-12.0,199.0,-67.0,,,,,,,,199.0,,,,,,,,,,,,,,,,,,,,,,,,,,,,,,,,,,,,,,,,,,,,,,,,,,,,,,,,,,,,,,,,,,,,,,,,,,,,,,,,,,,,,,,,,,,,,,,,,,,,,,,,,,,,,,,,,,,,,,,,,,,,,,,,,,,,,,,,1.0,1064217048785,2006-04-14,,19.0,46.71.20,G,93146021,12300,4210014,16,32731000001,kemerovo,4200,1.0,0.0,87.1316802,53.7617432,house,0.0
4217082278,1.0,none,1.0,0.0,0.0,0.0,,0.0,,0.0,0.0,0.0,,0.0,0.0,0.0,1261.0,1131.0,,0.0,0.0,0.0,130.0,0.0,505.0,250.0,0.0,,,0.0,0.0,255.0,0.0,0.0,0.0,0.0,0.0,756.0,0.0,756.0,0.0,0.0,0.0,1261.0,1261.0,2272.0,11362.0,-9090.0,-2643.0,-4915.0,0.0,159.0,0.0,0.0,0.0,2802.0,0.0,11.0,-148.0,-148.0,0.0,,,,,0.0,11.0,0.0,0.0,0.0,0.0,0.0,473.0,0.0,0.0,0.0,494.0,0.0,0.0,0.0,0.0,,,,0.0,,0.0,,,,,,,0.0,,0.0,0.0,0.0,505.0,0.0,0.0,0.0,,,,0.0,,0.0,,,,,,,0.0,,0.0,0.0,,,,,,,,,,,,,,130.0,14164.0,11362.0,,,,2802.0,,-14034.0,-11974.0,-1954.0,,-106.0,,,0.0,,,,,,,,0.0,,,,,0.0,,0.0,,,,,,,,0.0,,,,0.0,,130.0,0.0,,130.0,0.0,0.0,0.0,0.0,0.0,0.0,0.0,0.0,0.0,,,,,0.0,,,,,,,,,0.0,1.0,1064217048818,2006-04-14,,19.0,47.20,G,93146044,12300,4210014,16,32731000001,kemerovo,4200,1.0,0.0,87.1510832,53.7489614,house,0.0
4217082302,1.0,none,1.0,0.0,1.0,,,,,,,,,,,,5041.0,,,,,1.0,5040.0,,40.0,,,,,,,,5000.0,5000.0,,,,1.0,,1.0,,,,5041.0,5041.0,,,,,,,,,,,,,,,,,,,,,,,,,,,,,,,,,,,,,,,,,,,,,,,,,,,,,,,,,,,,,,,,,,,,,,,,,,,,,,,,,,,,,,,,,,,,,,,,,,,,,,,,,,,,,,,,,,,,,,,,,,,,,,,,,,,,,,,,,,,,,,,,,,,,,,,,,,,,,,1.0,1064217048961,2006-04-17,,19.0,69.10,M,93146328,12300,4210014,16,69701000001,tomsk,7000,1.0,0.0,84.9547654,56.491208,house,0.0
4217082486,1.0,none,1.0,0.0,1.0,12746.0,,,,,,1828.0,,10918.0,,,268298.0,58486.0,,,,195715.0,14097.0,,151480.0,,,,,,,,11893.0,,,,11893.0,117671.0,,85235.0,,,32436.0,281044.0,281044.0,,127158.0,-133244.0,-6086.0,,,584.0,,,,16727.0,-10057.0,511.0,-73.0,,,,,,,,511.0,,,,,,,,,,,,,,,,,,,,,,,,,,,,,,,,,,,,,,,,,,,,,,,,,,,,,,,,,,,,,,,,,,,,,,,,,,,,,,,,,,,,,,,,,,,,,,,,,,,,,,,,,,,,,,,,,,,,,,,,,,,,,,,,,,,,,,,,1.0,1064217053042,2006-04-20,,19.0,62.09,J,93147173,12300,4210014,16,32731000001,kemerovo,4200,1.0,0.0,87.1100351,53.7539938,house,0.0
4217082493,1.0,none,1.0,0.0,1.0,168.0,,,,,,,,168.0,,,,,,,,,,,168.0,,,,,,,,,,,,,,,,,,,168.0,168.0,,0.0,0.0,,,,0.0,,,0.0,0.0,0.0,,0.0,,,,,,,,,,,,,,,,,,,,,,,,,,,,,,,,,,,,,,,,,,,,,,,,,,,,,,,,,,,,,,,,,,,,,,,,,,,,,,,,,,,,,,,,,,,,,,,,,,,,,,,,,,,,,,,,,,,,,,,,,,,,,,,,,,,,,,,,,,,,,,,,1.0,1064217053053,2006-04-20,,19.0,62.09,J,93147180,12300,4210014,16,32731000001,kemerovo,4200,1.0,0.0,87.1100351,53.7539938,house,0.0
4217082736,1.0,none,1.0,0.0,1.0,10.0,,,,,,,,10.0,,,,,,,,,,,10.0,,,,,,,,,,,,,,,,,,,10.0,10.0,,,,,,,-2070.0,,,,,-2070.0,-2070.0,,,,,,,,,-2070.0,,,,,,,,,,,,,,,,,,,,,,,,,,,,,,,,,,,,,,,,,,,,,,,,,,,,,,,,,,,,,,,,,,,,,,,,,,,,,,,,,,,,,,,,,,,,,,,,,,,,,,,,,,,,,,,,,,,,,,,,,,,,,,,,,,,,,,,,1.0,1064217058069,2006-05-04,,19.0,68.20.20,L,43852676,12300,4210014,16,32701000001,kemerovo,4200,0.0,0.0,86.0782006,55.3549224,house,0.0
4217082790,1.0,none,1.0,0.0,1.0,,,,,,,,,,,,912.0,345.0,,,,563.0,4.0,,376.0,,,,,,,,500.0,500.0,,,,36.0,,36.0,,,,912.0,912.0,,2599.0,-2558.0,41.0,,,23.0,,,,,-18.0,17.0,-6.0,,,,,,,,17.0,,,,,,,,,,,,,,,,,,,,,,,,,,,,,,,,,,,,,,,,,,,,,,,,,,,,,,,,,,,,,,,,,,,,,,,,,,,,,,,,,,,,,,,,,,,,,,,,,,,,,,,,,,,,,,,,,,,,,,,,,,,,,,,,,,,,,,,,1.0,1064217058179,2006-05-06,,19.0,46.69,G,95360698,12300,4210014,16,32731000001,kemerovo,4200,1.0,0.0,87.1694178,53.7574185,house,0.0
4217082905,1.0,none,1.0,0.0,1.0,3557.0,,,,,,3557.0,,0.0,,,131610.0,9688.0,,,,121120.0,802.0,,27571.0,,,,,,,,76937.0,76937.0,,,,30660.0,,30660.0,,,,135168.0,135168.0,,391569.0,-391150.0,419.0,,,29.0,,,,122.0,-512.0,22.0,-7.0,,,,,,,,22.0,,,,,,,,,,,,,,,,,,,,,,,,,,,,,,,,,,,,,,,,,,,,,,,,,,,,,,,,,,,,,,,,,,,,,,,,,,,,,,,,,,,,,,,,,,,,,,,,,,,,,,,,,,,,,,,,,,,,,,,,,,,,,,,,,,,,,,,,1.0,1064217058290,2006-05-11,,19.0,46.73.60,G,95360971,12300,4210014,16,32731000001,kemerovo,4200,1.0,0.0,87.0836917,53.75867,house,0.0
4217082983,1.0,none,1.0,0.0,1.0,,,,,,,,,,,,3058.0,,,,,2966.0,92.0,,1667.0,,,,,,,,,,,,,1391.0,18.0,1373.0,,,,3058.0,3058.0,,2240.0,-1478.0,762.0,,,732.0,,,,,-30.0,613.0,-119.0,,,,,,,,613.0,,,,,,,,,,,,,,,,,,,,,,,,,,,,,,,,,,,,,,,,,,,,,,,,,,,,,,,,,,,,,,,,,,,,,,,,,,,,,,,,,,,,,,,,,,,,,,,,,,,,,,,,,,,,,,,,,,,,,,,,,,,,,,,,,,,,,,,,1.0,1064217058388,2006-05-15,,19.0,46.73.10,G,95361338,12300,4210014,16,32519000351,kemerovo,4200,1.0,0.0,87.1607911,53.3307709,house,0.0
4217083031,1.0,none,1.0,0.0,1.0,,,,,,,,,,,,132.0,,,,,132.0,,,,,,,,22.0,,,,,,,,110.0,,,,,110.0,132.0,132.0,,0.0,0.0,,,,,,,,,,0.0,0.0,,,,,,,,0.0,,,,,,,,,,,,,,,,,,,,,,,,,,,,,,,,,,,,,,,,,,,,,,,,,,,,,,,,,,,,,,,,,,,,,,,,,,,,,,,,,,,,,,,,,,,,,,,,,,,,,,,,,,,,,,,,,,,,,,,,,,,,,,,,,,,,,,,,1.0,1064217058410,2006-05-17,,19.0,52.21.24,H,95362102,20101,4210014,16,32731000001,kemerovo,4200,0.0,0.0,87.1174049,53.7121096,house,0.0
4217083137,1.0,none,1.0,0.0,1.0,95.0,,,,,,95.0,,,,,0.0,,,,,0.0,,,95.0,,,,,,,,,,,,,,,,,,,95.0,95.0,,,,,,,,,,,,,0.0,,,,,,,,,0.0,,,,,,,,,,,,,,,,,,,,,,,,,,,,,,,,,,,,,,,,,,,,,,,,,,,,,,,,,,,,,,,,,,,,,,,,,,,,,,,,,,,,,,,,,,,,,,,,,,,,,,,,,,,,,,,,,,,,,,,,,,,,,,,,,,,,,,,,1.0,1064217058586,2006-05-23,,19.0,68.32,L,95363171,12300,4210014,16,32731000001,kemerovo,4200,1.0,0.0,87.1450766,53.7620998,street,0.0
4217083151,1.0,none,1.0,0.0,1.0,96058.0,,,,,,96058.0,,0.0,,,4647.0,,,,,1949.0,2698.0,,98199.0,,,,,,,,0.0,0.0,,,,2506.0,0.0,2506.0,,,,100705.0,100705.0,,28875.0,-14118.0,14757.0,,,8254.0,,,0.0,638.0,-7141.0,7390.0,-864.0,,,,,,,,7390.0,,,,,,,,,,,,,,,,,,,,,,,,,,,,,,,,,,,,,,,,,,,,,,,,,,,,,,,,,,,,,,,,,,,,,,,,,,,,,,,,,,,,,,,,,,,,,,,,,,,,,,,,,,,,,,,,,,,,,,,,,,,,,,,,,,,,,,,,1.0,1064217058619,2006-05-24,,19.0,68.20.20,L,95363515,12300,4210014,16,41612158051,leningrad,4700,1.0,0.0,30.4925228,60.1097594,city,0.0
4217083169,1.0,none,1.0,0.0,1.0,,,,,,,,,,,,1082.0,,,,,938.0,144.0,,370.0,,,,,,,,,,,,,711.0,,711.0,,,,1081.0,1081.0,,2308.0,-2077.0,231.0,,,250.0,,,0.0,120.0,-101.0,214.0,-36.0,,,,,,,,214.0,,,,,,,,,,,,,,,,,,,,,,,,,,,,,,,,,,,,,,,,,,,,,,,,,,,,,,,,,,,,,,,,,,,,,,,,,,,,,,,,,,,,,,,,,,,,,,,,,,,,,,,,,,,,,,,,,,,,,,,,,,,,,,,,,,,,,,,,1.0,1064217058608,2006-05-24,,19.0,79.10,N,95363509,12300,4210014,16,32731000001,kemerovo,4200,1.0,0.0,87.1067462,53.7650635,house,0.0
4217083176,1.0,none,1.0,0.0,1.0,0.0,,,,,,0.0,,,,,103.0,,,,,41.0,62.0,,32.0,,,,,,,,0.0,0.0,,,,71.0,0.0,71.0,,,,103.0,103.0,,140.0,-2640.0,-2500.0,,,-93253.0,,,,2699.0,-93452.0,-93253.0,0.0,,,,,,,,-93253.0,,,,,,,,,,,,,,,,,,,,,,,,,,,,,,,,,,,,,,,,,,,,,,,,,,,,,,,,,,,,,,,,,,,,,,,,,,,,,,,,,,,,,,,,,,,,,,,,,,,,,,,,,,,,,,,,,,,,,,,,,,,,,,,,,,,,,,,,1.0,1064217058620,2006-05-24,2025-12-03,19.0,68.32.20,L,95363490,12300,4210014,16,50701000001,novosibirsk,5400,1.0,0.0,82.8386914,54.9691421,house,0.0
4217083539,1.0,none,1.0,0.0,1.0,,,,,,,,,,,,2477.0,304.0,,,,2150.0,23.0,,123.0,,,,,,,,774.0,774.0,,,,1580.0,,1580.0,,,,2477.0,2477.0,,4639.0,-4375.0,264.0,,,223.0,,,,,-41.0,103.0,-120.0,,,,,,,,103.0,,,,,,,,,,,,,,,,,,,,,,,,,,,,,,,,,,,,,,,,,,,,,,,,,,,,,,,,,,,,,,,,,,,,,,,,,,,,,,,,,,,,,,,,,,,,,,,,,,,,,,,,,,,,,,,,,,,,,,,,,,,,,,,,,,,,,,,,1.0,1064217060478,2006-06-06,,19.0,41.20,F,95367602,12300,4210014,16,50701000001,novosibirsk,5400,1.0,0.0,82.9328543,55.060172,house,0.0
4217083585,1.0,none,1.0,0.0,1.0,6629.0,,,,,,6629.0,,,,,7751.0,,,,,7089.0,662.0,,12964.0,,,,,,,,,,,,,1415.0,,1415.0,,,,14380.0,14380.0,,64201.0,-61421.0,2780.0,,,2130.0,,,,,-650.0,204.0,-1926.0,,,,,,,,204.0,,,,,,,,,,,,,,,,,,,,,,,,,,,,,,,,,,,,,,,,,,,,,,,,,,,,,,,,,,,,,,,,,,,,,,,,,,,,,,,,,,,,,,,,,,,,,,,,,,,,,,,,,,,,,,,,,,,,,,,,,,,,,,,,,,,,,,,,1.0,1064217060511,2006-06-07,,19.0,86.23,Q,95367654,12300,4210014,16,32731000001,kemerovo,4200,1.0,0.0,87.1601253,53.7513214,house,0.0
4217083948,1.0,none,1.0,0.0,1.0,,,,,,,,,,,,333.0,0.0,,,,330.0,3.0,,67.0,,,,,,,,,,,,,266.0,,266.0,,,0.0,333.0,333.0,,4832.0,-5510.0,-678.0,,,-616.0,,,-2.0,74.0,-10.0,-671.0,-55.0,,,,,,,,-671.0,,,,,,,,,,,,,,,,,,,,,,,,,,,,,,,,,,,,,,,,,,,,,,,,,,,,,,,,,,,,,,,,,,,,,,,,,,,,,,,,,,,,,,,,,,,,,,,,,,,,,,,,,,,,,,,,,,,,,,,,,,,,,,,,,,,,,,,,1.0,1064217061094,2006-06-20,,19.0,69.20,M,95370260,12300,4210014,16,32731000001,kemerovo,4200,0.0,0.0,87.1408113,53.8977057,house,0.0
4217084130,1.0,none,1.0,0.0,0.0,0.0,,0.0,,,,,,,,,43.0,0.0,,,0.0,,43.0,,43.0,,,43.0,,,,,,,,,,0.0,,,,,,43.0,43.0,,,,,,,,,,,,,,,,,,,,,,0.0,,,,,,,,,,,,,,,,,,,,,,,,,,,,,,,,,,,,,,,,,,,,,,,,,,,,,,,,,,,,,,,,,,,,,,,,,,,,,,,,,,,,,,,,,,,,,,,,,,,,,,,,,,,,,,,,,51.0,744.0,,744.0,,,,,-752.0,-719.0,,0.0,-719.0,-33.0,,,-14.0,,,-19.0,,,43.0,0.0,1064200004142,2006-06-08,,19.0,94.20,S,95374016,20202,4220003,52,32731000001,kemerovo,4200,1.0,0.0,87.1319012,53.7469908,house,0.0
4217084250,1.0,none,1.0,0.0,0.0,558.0,,0.0,,,,558.0,,,,,24124.0,12096.0,,,9713.0,,2314.0,,30.0,30.0,,,,,,,0.0,0.0,,,,24651.0,,24651.0,,,,24681.0,24681.0,-228.0,56132.0,-56360.0,-332.0,,-104.0,198.0,,265.0,0.0,463.0,-198.0,235.0,37.0,,,,,,,,235.0,0.0,,,,,,,,,,,,,,,,,,,,,,,,,,,,,,,,,,,,,,,,,,,,,,,,,,,,,,,,,,,,,,,,,,,,,,,,,,,,,,,,,,,,,,,,,,,,,,,,,,,,,,,,,,,,,,,,,,,,,,,,,,,,,,,,,,,,,,,0.0,1064217061578,2006-06-30,,19.0,43.99,F,95372974,12300,4210014,16,32731000001,kemerovo,4200,1.0,0.0,87.1223458,53.7670489,house,0.0
4217084412,1.0,none,1.0,0.0,0.0,0.0,,,,,,,,,,,0.0,,,,,,,,0.0,,,,,,,,0.0,,,,,0.0,,,,,,0.0,0.0,,,,,,,,,,,,,,,,,,,,,,,,,,,,,,,,,,,,,,,,,,,,,,,,,,,,,,,,,,,,,,,,,,,,,,,,,,,,,,,,,,,,,,,,,,,,,,,,,,,,,,,,,,,,,,,,,,,,,,,,,,,,,,,,,,,,,,,215.0,3403.0,2.0,12.0,3388.0,1.0,,,-3493.0,-188.0,0.0,-188.0,0.0,-3305.0,-3273.0,-14.0,0.0,-18.0,0.0,0.0,0.0,0.0,125.0,0.0,1064200004330,2006-06-26,,19.0,94.99,S,95375910,20200,4220003,53,32731000001,kemerovo,4200,1.0,0.0,87.1190248,53.7637572,house,0.0
4217084726,1.0,none,1.0,0.0,0.0,116.0,,,,,,116.0,,,,,11964.0,0.0,,,11729.0,,235.0,0.0,1983.0,10.0,,,,,,1973.0,,,,,,10097.0,,10097.0,,,,12080.0,12080.0,1205.0,11206.0,-10001.0,217.0,,-988.0,220.0,,,,38.0,-35.0,109.0,-111.0,-111.0,,,,,,,109.0,,,,,,,,,,,,,,,,,,,,,,,,,,,,,,,,,,,,,,,,,,,,,,,,,,,,,,,,,,,,,,,,,,,,,,,,,,,,,,,,,,,,,,,,,,,,,,,,,,,,,,,,,,,,,,,,,,,,,,,,,,,,,,,,,,,,,,,,0.0,1064217062238,2006-07-24,,19.0,43.22,F,95376363,12300,4210014,16,32731000001,kemerovo,4200,1.0,0.0,87.1175931,53.7554283,house,0.0
4217085085,1.0,none,1.0,0.0,0.0,,,,,,,,,,,,10.0,8.0,,,2.0,,,,10.0,10.0,,,,,,,,,,,,0.0,,,,,,10.0,10.0,0.0,8.0,-8.0,0.0,,,0.0,,,,,,0.0,,,,,,,,,0.0,,,,,,,,,,,,,,,,,,,,,,,,,,,,,,,,,,,,,,,,,,,,,,,,,,,,,,,,,,,,,,,,,,,,,,,,,,,,,,,,,,,,,,,,,,,,,,,,,,,,,,,,,,,,,,,,,,,,,,,,,,,,,,,,,,,,,,,,0.0,1064217062612,2006-08-09,,19.0,47.19,G,95379901,12300,4210014,16,32731000001,kemerovo,4200,1.0,0.0,87.1427134,53.7448593,house,0.0
4217085180,1.0,none,1.0,0.0,1.0,380.0,,,,,,380.0,,,,,73805.0,815.0,,,,6461.0,66529.0,,71702.0,,,,,,,,,,,,,2483.0,,2483.0,,,,74185.0,74185.0,,109529.0,-94399.0,15130.0,,,11345.0,,,,,-3785.0,9627.0,-1718.0,,,,,,,,9627.0,,,,,,,,,,,,,,,,,,,,,,,,,,,,,,,,,,,,,,,,,,,,,,,,,,,,,,,,,,,,,,,,,,,,,,,,,,,,,,,,,,,,,,,,,,,,,,,,,,,,,,,,,,,,,,,,,,,,,,,,,,,,,,,,,,,,,,,,1.0,1064200004648,2006-07-19,,19.0,93.29.90,R,46324699,71400,4210014,16,32731000001,kemerovo,4200,1.0,0.0,87.1492,53.7566496,house,0.0
4217085864,1.0,none,1.0,0.0,1.0,,,,,,,,,,,,207.0,10.0,,,,160.0,37.0,,207.0,,,,,,,,,,,,,,,,,,,207.0,207.0,,3239.0,-3020.0,219.0,,,232.0,,,,18.0,-5.0,197.0,-35.0,,,,,,,,197.0,,,,,,,,,,,,,,,,,,,,,,,,,,,,,,,,,,,,,,,,,,,,,,,,,,,,,,,,,,,,,,,,,,,,,,,,,,,,,,,,,,,,,,,,,,,,,,,,,,,,,,,,,,,,,,,,,,,,,,,,,,,,,,,,,,,,,,,,1.0,1064217063624,2006-09-04,,19.0,47.71.10,G,95384434,12300,4210014,16,32731000001,kemerovo,4200,1.0,0.0,87.1352597,53.7752575,house,0.0
4217085938,1.0,none,1.0,0.0,1.0,,,,,,,,,,,,859.0,560.0,,,,299.0,0.0,,783.0,,,,,,,,,,,,,76.0,,76.0,,,,859.0,859.0,,6217.0,-6012.0,205.0,,,306.0,,,,111.0,-10.0,3.0,-303.0,,,,,,,,3.0,,,,,,,,,,,,,,,,,,,,,,,,,,,,,,,,,,,,,,,,,,,,,,,,,,,,,,,,,,,,,,,,,,,,,,,,,,,,,,,,,,,,,,,,,,,,,,,,,,,,,,,,,,,,,,,,,,,,,,,,,,,,,,,,,,,,,,,,1.0,1064217063745,2006-09-07,,19.0,46.51,G,95384724,12300,4210014,16,32731000001,kemerovo,4200,1.0,0.0,87.15416,53.7606431,house,0.0
4217085977,1.0,none,1.0,0.0,0.0,206825.0,,,,,,202655.0,,,4170.0,,206220.0,30688.0,,87.0,175070.0,0.0,375.0,,-361764.0,104.0,,,,,,-361868.0,12366.0,,12366.0,,0.0,762443.0,856.0,744865.0,,12775.0,,413045.0,413045.0,16441.0,801805.0,-785364.0,-3719.0,,-20160.0,59369.0,,5574.0,0.0,78048.0,-20534.0,53832.0,-5537.0,-3464.0,-2073.0,,,,,0.0,53832.0,,,,,,-426955.0,-426955.0,,,-415596.0,-415596.0,,11360.0,,,,,,,,,,,,,,,,,,-415596.0,-361764.0,,53832.0,,,,,,,,,,,,,,,,,,,,,,,,,,,,,,,-93151.0,870008.0,833869.0,,,,36139.0,,-963159.0,-528009.0,-264715.0,-1682.0,-1453.0,-54491.0,-112809.0,74602.0,74602.0,,,52971.0,21631.0,,,0.0,,,0.0,,,,0.0,,,,,,,,0.0,,,0.0,,,-18549.0,18924.0,,375.0,,,,,,,,,,,,,,,,,,,,,,,,,1064217063778,2006-09-08,,19.0,35.30.20,D,95384983,12300,4210014,16,50701000001,novosibirsk,5400,0.0,0.0,82.9313676,55.0371915,house,0.0
4217085984,1.0,none,1.0,0.0,0.0,278.0,,21.0,,,,257.0,,,,,10747.0,89.0,,0.0,6933.0,,3725.0,0.0,8145.0,10.0,,,,5000.0,,3135.0,,,,,,2880.0,,2880.0,,,,11025.0,11025.0,23729.0,108795.0,-85066.0,1141.0,,-22588.0,1390.0,,1121.0,,450.0,-1322.0,-17.0,,,,,,,,-1407.0,-17.0,,,,,,15632.0,15486.0,-146.0,,8162.0,8162.0,-3165.0,-3165.0,,,,,,,-4159.0,,,,,,,-4159.0,,,,8162.0,8145.0,-17.0,-17.0,,,,,,,,,,,,,,,,,,,,,,,,,,,,,,,-330.0,111276.0,108518.0,583.0,,,2175.0,,-111606.0,-18075.0,-92061.0,,-1436.0,-34.0,,,,,,,,,,,,,,,,,0.0,,,,,,,,0.0,,0.0,,,,-330.0,4055.0,,3725.0,,,,,,,,,,,,,,,,,,,,,,,,1.0,1064217063789,2006-09-11,,19.0,69.20.20,M,95385132,12300,4210014,16,32731000001,kemerovo,4200,1.0,0.0,87.1253992,53.7638788,house,0.0
4217086064,1.0,none,1.0,0.0,0.0,271.0,,,,,,261.0,,10.0,,0.0,1294.0,39.0,,,,0.0,1255.0,,1101.0,10.0,,,,,,1091.0,0.0,,,,0.0,464.0,,464.0,,,,1565.0,1565.0,519.0,4352.0,-3832.0,520.0,,,520.0,,,,,,442.0,-78.0,-78.0,,,,,,,442.0,,,,,,,,,,,,,,,,,,,,,,,,,,,,,,,,,,,,,,,,,,,,,,,,,,,,,,,,,,,,,,,,,,,,,,,,,,,,,,,,,,,,,,,,,,,,,,,,,,,,,,,,,,,,,,,,,,,,,,,,,,,,,,,,,,,,,,,,0.0,1064217063888,2006-09-13,,19.0,68.30,L,95385787,12300,4210014,16,01701000001,altai terr.,2200,1.0,0.0,83.6834286,53.3531074,house,0.0
4217086071,1.0,none,1.0,0.0,1.0,,,,,,,,,,,,504.0,0.0,,,,,504.0,,504.0,,,,,,,,0.0,0.0,,,,0.0,0.0,0.0,,,,504.0,504.0,,2201.0,-2506.0,-305.0,,,-271.0,,,,71.0,-37.0,-407.0,-136.0,,,,,,,,-407.0,,,,,,,,,,,,,,,,,,,,,,,,,,,,,,,,,,,,,,,,,,,,,,,,,,,,,,,,,,,,,,,,,-407.0,2272.0,2201.0,,,,71.0,,-2679.0,-2341.0,-165.0,,-136.0,-37.0,,0.0,,,,,,,,,,,,,,,0.0,,,,,,,,,,,,,,-407.0,911.0,,504.0,,,,,,,,,,,,,,,,,,,,,,,,1.0,1064217063877,2006-09-13,,19.0,93.29.90,R,95385770,12300,4210014,16,32731000001,kemerovo,4200,1.0,0.0,87.3741901,53.8001467,house,0.0
4217086106,1.0,none,1.0,0.0,1.0,538.0,,,,,,538.0,,,,,278.0,68.0,,,,0.0,210.0,,816.0,,,,,,,,,,,,,0.0,,0.0,,,,816.0,816.0,,18869.0,-17950.0,919.0,,,665.0,,,,,-254.0,99.0,-566.0,,,,,,,,99.0,,,,,,,,,,,,,,,,,,,,,,,,,,,,,,,,,,,,,,,,,,,,,,,,,,,,,,,,,,,,,,,,,,,,,,,,,,,,,,,,,,,,,,,,,,,,,,,,,,,,,,,,,,,,,,,,,,,,,,,,,,,,,,,,,,,,,,,,1.0,1064217063900,2006-09-14,,19.0,86.23,Q,95387680,12300,4210014,16,32731000001,kemerovo,4200,1.0,0.0,87.1483159,53.7458522,house,0.0
4217086152,1.0,none,1.0,0.0,0.0,0.0,0.0,0.0,,0.0,0.0,0.0,0.0,0.0,0.0,0.0,4.0,0.0,0.0,0.0,0.0,0.0,4.0,0.0,-220.0,0.0,0.0,0.0,,,0.0,0.0,0.0,0.0,0.0,0.0,0.0,224.0,0.0,224.0,0.0,0.0,0.0,4.0,4.0,1371.0,1371.0,,-103.0,,-1474.0,-148.0,0.0,,,0.0,-45.0,-189.0,0.0,0.0,0.0,0.0,,,,-41.0,-189.0,0.0,0.0,,0.0,0.0,,,,,,,,,,,,,,,,,,,,,,,,,,,,,,,,,,,,,,,,,,,,,,,,,,,,,,,,,,,,-10.0,1371.0,1371.0,0.0,0.0,0.0,0.0,,-1381.0,-646.0,-694.0,0.0,0.0,-41.0,,0.0,0.0,0.0,0.0,0.0,0.0,0.0,,0.0,0.0,0.0,0.0,0.0,0.0,,0.0,0.0,0.0,0.0,0.0,0.0,0.0,,0.0,0.0,0.0,0.0,0.0,,-10.0,14.0,0.0,4.0,,,,,,,,,,,,,,,,,,,,,,,,,1064200005275,2006-09-12,,19.0,85.30,P,95386114,75500,4210014,16,32731000001,kemerovo,4200,0.0,0.0,87.1078593,53.7644573,house,0.0
4217086280,1.0,none,1.0,0.0,1.0,7810.0,,,,,,7810.0,,,,,89797.0,2540.0,,,,87093.0,164.0,,79757.0,,,,,,,,,,,,,17851.0,,17851.0,,,,97607.0,97607.0,,62559.0,-62708.0,-149.0,,,9045.0,,,,9931.0,-737.0,6242.0,-2803.0,,,,,,,,6242.0,,,,,,,,,,,,,,,,,,,,,,,,,,,,,,,,,,,,,,,,,,,,,,,,,,,,,,,,,,,,,,,,,,,,,,,,,,,,,,,,,,,,,,,,,,,,,,,,,,,,,,,,,,,,,,,,,,,,,,,,,,,,,,,,,,,,,,,,1.0,1064217064757,2006-09-21,,19.0,71.12.45,M,95387272,12300,4210014,16,32731000001,kemerovo,4200,1.0,0.0,87.1116471,53.7682098,house,0.0
4217086392,1.0,none,1.0,0.0,1.0,,,,,,,,,,,,143702.0,16639.0,,,,5343.0,121720.0,,137202.0,,,,,,,,,,,,,6500.0,,6500.0,,,,143702.0,143702.0,,286327.0,-274440.0,11887.0,,,24937.0,,,,13507.0,-457.0,18603.0,-6334.0,,,,,,,,18603.0,,,,,,,,,,,,,,,,,,,,,,,,,,,,,,,,,,,,,,,,,,,,,,,,,,,,,,,,,,,,,,,,,,,,,,,,,,,,,,,,,,,,,,,,,,,,,,,,,,,,,,,,,,,,,,,,,,,,,,,,,,,,,,,,,,,,,,,,1.0,1064217064856,2006-09-26,,19.0,46.75,G,95387591,12300,4210014,16,32731000001,kemerovo,4200,1.0,0.0,,,,0.0
4217086410,1.0,none,1.0,0.0,1.0,,,,,,,,,,,,2066.0,2046.0,,,,16.0,4.0,,1476.0,,,,,,,,,,,,,590.0,590.0,0.0,,,0.0,2066.0,2066.0,,0.0,0.0,,,,0.0,,,,,0.0,0.0,0.0,,,,,,,,0.0,,,,,,,,,,,,,,,,,,,,,,,,,,,,,,,,,,,,,,,,,,,,,,,,,,,,,,,,,,,,,,,,,,,,,,,,,,,,,,,,,,,,,,,,,,,,,,,,,,,,,,,,,,,,,,,,,,,,,,,,,,,,,,,,,,,,,,,,1.0,1064217064834,2006-09-26,2025-12-30,19.0,41.20,F,95387579,12300,4210014,16,32731000001,kemerovo,4200,1.0,0.0,87.1543481,53.7477332,house,0.0
4217086427,1.0,none,1.0,0.0,1.0,113.0,,,,,,113.0,,0.0,,,3137.0,609.0,,,,2528.0,0.0,,314.0,,,,,,,,518.0,518.0,,,,2418.0,,2418.0,,,,3250.0,3250.0,,1558.0,-1548.0,10.0,,,0.0,,,,,-10.0,0.0,0.0,,,,,,,,0.0,,,,,,,,,,,,,,,,,,,,,,,,,,,,,,,,,,,,,,,,,,,,,,,,,,,,,,,,,,,,,,,,,,,,,,,,,,,,,,,,,,,,,,,,,,,,,,,,,,,,,,,,,,,,,,,,,,,,,,,,,,,,,,,,,,,,,,,,1.0,1064217064900,2006-09-27,,19.0,52.29,H,95387800,12300,4210014,16,32731000001,kemerovo,4200,1.0,0.0,87.1397785,53.7592816,house,0.0
4217086434,1.0,none,1.0,0.0,1.0,,,,,,,,,,,,10.0,,,,,,10.0,,10.0,,,,,,,,,,,,,,,,,,,10.0,10.0,,,,,,,,,,,,,,,,,,,,,,,,,,,,,,,,,,,,,,,,,,,,,,,,,,,,,,,,,,,,,,,,,,,,,,,,,,,,,,,,,,,,,,,,,,,,,,,,,,,,,,,,,,,,,,,,,,,,,,,,,,,,,,,,,,,,,,,,,,,,,,,,,,,,,,,,,,,,,,1.0,1064217064911,2006-09-27,,19.0,73.11,M,95387817,12300,4210014,16,32731000001,kemerovo,4200,1.0,0.0,,,,0.0
4217086498,1.0,none,1.0,0.0,1.0,,,,,,,,,,,,11199.0,10942.0,,,,122.0,135.0,,11129.0,,,,,,,,,,,,,70.0,,70.0,,,,11199.0,11199.0,,4813.0,-4564.0,249.0,,,115.0,,,,17.0,-151.0,54.0,-61.0,,,,,,,,54.0,,,,,,,,,,,,,,,,,,,,,,,,,,,,,,,,,,,,,,,,,,,,,,,,,,,,,,,,,,,,,,,,,,,,,,,,,,,,,,,,,,,,,,,,,,,,,,,,,,,,,,,,,,,,,,,,,,,,,,,,,,,,,,,,,,,,,,,,1.0,1064217064933,2006-09-28,,19.0,46.43,G,95388099,12300,4210014,16,32731000001,kemerovo,4200,1.0,0.0,87.1192834,53.7712729,street,0.0
4217086547,1.0,none,1.0,0.0,1.0,,,,,,,,,,,,2736.0,664.0,,,,2041.0,31.0,,1450.0,,,,,,,,,,,,,1286.0,,968.0,,,318.0,2736.0,2736.0,,767.0,-425.0,342.0,,,342.0,,,,,,320.0,-22.0,,,,,,,,320.0,,,,,,,,,,,,,,,,,,,,,,,,,,,,,,,,,,,,,,,,,,,,,,,,,,,,,,,,,,,,,,,,,,,,,,,,,,,,,,,,,,,,,,,,,,,,,,,,,,,,,,,,,,,,,,,,,,,,,,,,,,,,,,,,,,,,,,,,1.0,1064217064999,2006-09-29,,19.0,95.22.10,S,95388797,12300,4210014,16,32731000001,kemerovo,4200,0.0,0.0,87.117588,53.7525765,house,0.0
4217086586,1.0,none,1.0,0.0,0.0,6100.0,,0.0,,,,2475.0,0.0,3625.0,,0.0,92850.0,42170.0,,0.0,49926.0,700.0,54.0,0.0,46624.0,10.0,,,0.0,,0.0,46614.0,21926.0,21926.0,,,0.0,30400.0,0.0,30400.0,,,,98950.0,98950.0,131193.0,216622.0,-85429.0,13191.0,-313.0,-117689.0,5464.0,,1902.0,-2116.0,2106.0,-9619.0,2573.0,-2891.0,-2891.0,,,,,,,2573.0,0.0,,,,,57920.0,57920.0,0.0,0.0,60171.0,60171.0,2251.0,2251.0,0.0,,,,0.0,,0.0,,,,,,,0.0,,0.0,0.0,60158.0,46624.0,2573.0,2573.0,0.0,,,,0.0,,-16120.0,,,,,,,-16120.0,,0.0,0.0,,,,,,,,,,,,,,-31142.0,187947.0,187947.0,,,,0.0,,-219089.0,-136448.0,-1792.0,,,-79113.0,-1736.0,,,,,,,,,,,,,,,,30909.0,44659.0,44659.0,,,,,,-13750.0,,-13750.0,,,,-233.0,288.0,,55.0,,,,,,,,,,,,,,,,,,,,,,,,1.0,1064217065076,2006-10-03,,19.0,46.69.20,G,95389012,12300,4210014,16,32731000001,kemerovo,4200,1.0,0.0,87.1465064,53.7655631,house,0.0
4217086628,1.0,none,1.0,0.0,1.0,,,,,,,,,,,,69.0,,,,,66.0,3.0,,41.0,,,,,,,,,,,,,28.0,28.0,,,,,69.0,69.0,,392.0,-358.0,34.0,,,34.0,,,,,,29.0,-5.0,,,,,,,,29.0,,,,,,,,,,,,,,,,,,,,,,,,,,,,,,,,,,,,,,,,,,,,,,,,,,,,,,,,,,,,,,,,,,,,,,,,,,,,,,,,,,,,,,,,,,,,,,,,,,,,,,,,,,,,,,,,,,,,,,,,,,,,,,,,,,,,,,,,1.0,1064217065109,2006-10-04,,19.0,96.09,S,95389199,12300,4210014,16,32731000001,kemerovo,4200,1.0,0.0,87.1222715,53.7689802,house,0.0
4217086642,1.0,none,1.0,0.0,0.0,,,,,,,,,,,,10.0,,,,,,10.0,,10.0,10.0,,,,,,,,,,,,,,,,,,10.0,10.0,,,,,,,,,,,,,,,,,,,,,,0.0,,,,,,,,,,,,,,,,,,,,,,,,,,,,,,,,,,,,,,,,,,,,,,,,,,,,,,,,,,,,,,,,,,,,,,,,,,,,,,,,,,,,,,,,,,,,,,,,,,,,,,,,,,,,,,,,,,,,,,,,,,,,,,,,,,,,,,,,0.0,1064217065087,2006-10-04,,19.0,46.71.10,G,95389176,12300,4210014,16,45388000000,moscow city,7700,1.0,0.0,37.6868765,55.751664,house,0.0
4217086667,1.0,none,1.0,0.0,0.0,0.0,,0.0,,,,0.0,0.0,0.0,,0.0,18851.0,5691.0,,0.0,1894.0,0.0,11266.0,0.0,15959.0,10.0,,,0.0,,0.0,15949.0,0.0,0.0,,,0.0,2892.0,0.0,2892.0,,,,18851.0,18851.0,8352.0,28900.0,-20548.0,-1838.0,-10190.0,,-5825.0,,,,0.0,-3987.0,-5825.0,0.0,0.0,,,,,,,-5825.0,0.0,,,,,,,,,,,,,,,,,,,,,,,,,,,,,,,,,,,,,,,,,,,,,,,,,,,,,,,,,,,,,,,,,,,,,,,,,,,,,,,,,,,,,,,,,,,,,,,,,,,,,,,,,,,,,,,,,,,,,,,,,,,,,,,,,,,,,,,0.0,1064217065142,2006-10-05,,19.0,47.77.20,G,95389242,12300,4210014,16,32731000001,kemerovo,4200,1.0,0.0,87.141807,53.7581686,house,0.0
4217086804,1.0,none,1.0,0.0,1.0,0.0,,,,,,0.0,,0.0,,,91.0,0.0,,,,91.0,0.0,,91.0,,,,,,,,0.0,0.0,,,0.0,0.0,0.0,0.0,,,0.0,91.0,91.0,,0.0,0.0,,,,0.0,,,0.0,0.0,0.0,0.0,0.0,,,,,,,,0.0,,,,,,,,,,,,,,,,,,,,,,,,,,,,,,,,,,,,,,,,,,,,,,,,,,,,,,,,,,,,,,,,,,,,,,,,,,,,,,,,,,,,,,,,,,,,,,,,,,,,,,,,,,,,,,,,,,,,,,,,,,,,,,,,,,,,,,,,1.0,1064217065263,2006-10-11,,19.0,80,N,97755679,12300,4210014,16,32731000001,kemerovo,4200,1.0,0.0,87.1661438,53.7516851,house,0.0
4217087090,1.0,none,1.0,0.0,1.0,1189.0,,,,,,914.0,,275.0,,,7102.0,4126.0,,,,1041.0,1935.0,,3339.0,,,,,,,,,,,,,4952.0,3500.0,1452.0,,,,8291.0,8291.0,,38280.0,-33782.0,4498.0,,,4584.0,,,,1015.0,-929.0,3402.0,-1182.0,,,,,,,,3402.0,,,,,,,,,,,,,,,,,,,,,,,,,,,,,,,,,,,,,,,,,,,,,,,,,,,,,,,,,,,,,,,,,,,,,,,,,,,,,,,,,,,,,,,,,,,,,,,,,,,,,,,,,,,,,,,,,,,,,,,,,,,,,,,,,,,,,,,,1.0,1064217065912,2006-10-24,,19.0,56.10,I,97757336,12300,4210014,16,32731000001,kemerovo,4200,1.0,0.0,87.14653,53.7582436,city,0.0
4217087156,1.0,none,1.0,0.0,1.0,,,,,,,,,,,,600.0,,,,,560.0,40.0,,,,,,,564.0,,,,,,,,36.0,,36.0,,,,600.0,600.0,,,,,,,-22.0,,,,,-22.0,-22.0,,,,,,,,,-22.0,,,,,,,,,,,,,,,,,,,,,,,,,,,,,,,,,,,,,,,,,,,,,,,,,,,,,,,,,,,,,,,,,,,,,,,,,,,,,,,,,,,,,,,,,,,,,,,,,,,,,,,,,,,,,,,,,,,,,,,,,,,,,,,,,,,,,,,,1.0,1064200005539,2006-10-16,,19.0,85.42,P,97758933,71400,4210014,16,32731000001,kemerovo,4200,0.0,0.0,87.1718538,53.756632,house,0.0
4217087205,1.0,none,1.0,0.0,1.0,12059.0,,,,,,,,12059.0,,,49298.0,3222.0,,,,45152.0,924.0,,21509.0,,,,,,,,1007.0,1007.0,,,,38840.0,,38840.0,,,,61357.0,61357.0,,201741.0,-178680.0,23061.0,,,22199.0,,,,25.0,-887.0,20017.0,-2182.0,,,,,,,,20017.0,,,,,,,,,,,,,,,,,,,,,,,,,,,,,,,,,,,,,,,,,,,,,,,,,,,,,,,,,,,,,,,,,,,,,,,,,,,,,,,,,,,,,,,,,,,,,,,,,,,,,,,,,,,,,,,,,,,,,,,,,,,,,,,,,,,,,,,,1.0,1064217066022,2006-10-27,,19.0,56.10,I,97759275,12300,4210014,16,32731000001,kemerovo,4200,1.0,0.0,87.14653,53.7582436,city,0.0
4217087220,1.0,none,1.0,0.0,0.0,580.0,,0.0,,,,0.0,0.0,580.0,,0.0,178168.0,33210.0,,0.0,143465.0,0.0,1494.0,0.0,77710.0,10.0,,,0.0,3990.0,0.0,73710.0,0.0,0.0,,,0.0,101039.0,33000.0,68039.0,,,,178748.0,178748.0,66968.0,320565.0,-253597.0,19469.0,-47499.0,,5866.0,,0.0,0.0,67.0,-13670.0,4399.0,-1467.0,-1467.0,,,,,,,4399.0,0.0,,,,,69374.0,69374.0,0.0,0.0,73309.0,73309.0,3935.0,3935.0,0.0,,,,0.0,,0.0,,,,,,,0.0,,0.0,0.0,73309.0,77710.0,4400.0,4400.0,0.0,,,,0.0,,0.0,,,,,,,0.0,,0.0,0.0,,,,,,,,,,,,,,16695.0,594779.0,593651.0,,,,1128.0,,-578084.0,-542524.0,-2134.0,,,-33426.0,,,,,,,,,,,,,,,,,-19604.0,-19604.0,-19604.0,,,,,,,,,,,,-2909.0,4336.0,67.0,1494.0,,,,,,,,,,,,,,,,,,,,,,,,1.0,1064217066044,2006-10-30,,19.0,46.90,G,97758590,12300,4210014,16,45338000000,moscow city,7700,1.0,0.0,37.4866584,55.8424992,house,0.0
4217087300,1.0,none,1.0,0.0,0.0,0.0,,0.0,,,,0.0,0.0,0.0,,0.0,40727.0,0.0,,186.0,7116.0,30000.0,3425.0,0.0,36764.0,20000.0,,,0.0,,0.0,16764.0,0.0,0.0,,,0.0,3963.0,0.0,3963.0,,,,40727.0,40727.0,11562.0,100909.0,-89347.0,-8279.0,-19841.0,,35.0,,8405.0,0.0,39.0,-130.0,26.0,-9.0,-9.0,,,,,,,26.0,0.0,,,,,36096.0,36096.0,,,36738.0,36738.0,642.0,642.0,,,,,,,,,,,,,,,,,,36738.0,36764.0,26.0,26.0,,,,,,,,,,,,,,,,,,,,,,,,,,,,,,,-17142.0,105887.0,105887.0,,,,0.0,,-123029.0,-118417.0,-2983.0,0.0,-94.0,-125.0,-1410.0,20505.0,374505.0,,,366000.0,8505.0,,,-354000.0,,,-354000.0,,,,,,,,,,,,,,,,,,3363.0,62.0,,3425.0,,,,,,,,,,,,,,,,,,,,,,,,1.0,1064217066143,2006-11-02,,19.0,46.77,G,97759631,12300,4210014,16,84701000001,altai rep.,0400,1.0,0.0,85.9057969,51.9639118,house,0.0
4217087357,1.0,none,1.0,0.0,1.0,,,,,,,,,,,,16307.0,,,,,10543.0,5764.0,,,,,,,4906.0,,,,,,,,11401.0,,4397.0,,,7004.0,16307.0,16307.0,,22856.0,-21110.0,1746.0,,,1798.0,,,,121.0,-69.0,1582.0,-216.0,,,,,,,,1582.0,,,,,,,,,,,,,,,,,,,,,,,,,,,,,,,,,,,,,,,,,,,,,,,,,,,,,,,,,,,,,,,,,,,,,,,,,,,,,,,,,,,,,,,,,,,,,,,,,,,,,,,,,,,,,,,,,,,,,,,,,,,,,,,,,,,,,,,,1.0,1064200005616,2006-10-27,,19.0,68.32.10,L,97760723,20716,4210014,16,32731000001,kemerovo,4200,0.0,0.0,87.1414349,53.7601086,house,0.0
4217087639,1.0,none,1.0,0.0,1.0,523.0,,,,,,523.0,,,,,4985.0,125.0,,,,4854.0,6.0,,-5811.0,,,,,,,,10597.0,10597.0,,,,721.0,691.0,30.0,,,,5507.0,5507.0,,,,,,,-4.0,,,,,-4.0,-4.0,,,,,,,,,-4.0,,,,,,,,,,,,,,,,,,,,,,,,,,,,,,,,,,,,,,,,,,,,,,,,,,,,,,,,,,,,,,,,,,,,,,,,,,,,,,,,,,,,,,,,,,,,,,,,,,,,,,,,,,,,,,,,,,,,,,,,,,,,,,,,,,,,,,,,1.0,1064217066440,2006-11-14,,19.0,46.49,G,97761540,12300,4210014,16,32731000001,kemerovo,4200,1.0,0.0,87.1134613,53.7641815,house,0.0
4217087646,1.0,none,1.0,0.0,0.0,,,,,,,,,,,,131.0,,,,131.0,,,,131.0,10.0,,,,,,121.0,,,,,,,,,,,,131.0,131.0,0.0,,,0.0,,,0.0,,,,,,0.0,,,,,,,,,0.0,,,,,,,,,,,,,,,,,,,,,,,,,,,,,,,,,,,,,,,,,,,,,,,,,,,,,,,,,,,,,,,,,,,,,,,,,,,,,,,,,,,,,,,,,,,,,,,,,,,,,,,,,,,,,,,,,,,,,,,,,,,,,,,,,,,,,,,,0.0,1064217066451,2006-11-14,,19.0,69.20.20,M,97761556,12300,4210014,16,32731000001,kemerovo,4200,1.0,0.0,87.110372,53.7630563,house,0.0
4217087861,1.0,none,1.0,0.0,1.0,0.0,,,,,,0.0,,,,,11.0,0.0,,,,,11.0,,11.0,,,,,,,,0.0,0.0,,,,0.0,,0.0,,,,11.0,11.0,,2608.0,-1300.0,1308.0,,,1288.0,,,,,-20.0,1210.0,-78.0,,,,,,,,1210.0,,,,,,,,,,,,,,,,,,,,,,,,,,,,,,,,,,,,,,,,,,,,,,,,,,,,,,,,,,,,,,,,,,,,,,,,,,,,,,,,,,,,,,,,,,,,,,,,,,,,,,,,,,,,,,,,,,,,,,,,,,,,,,,,,,,,,,,,1.0,1064217066770,2006-11-22,,19.0,86.23,Q,97762900,12300,4210014,16,32731000001,kemerovo,4200,1.0,0.0,87.16569,53.755727,house,0.0
4217087950,1.0,none,1.0,0.0,0.0,2086.0,,,,,,2086.0,,,,,16.0,0.0,,,5.0,,11.0,0.0,-7875.0,12.0,,,,,,-7887.0,9977.0,9977.0,,,,0.0,,0.0,,,,2102.0,2102.0,0.0,,,-2448.0,-2448.0,,-2456.0,,,,,-8.0,-2456.0,,,,,,,,,-2456.0,,,,,,,,,,,,,,,,,,,,,,,,,,,,,,,,,,,,,,,,,,,,,,,,,,,,,,,,,,,,,,,,,,,,,,,,,,,,,,,,,,,,,,,,,,,,,,,,,,,,,,,,,,,,,,,,,,,,,,,,,,,,,,,,,,,,,,,,0.0,1064217066869,2006-11-23,,19.0,96.02,S,97763437,12300,4210014,16,69701000001,tomsk,7000,1.0,0.0,84.9723982,56.4995525,house,0.0
4217088008,1.0,none,1.0,0.0,1.0,,,,,,,,,,,,10.0,0.0,,,,10.0,,,10.0,,,,,,,,,,,,,,,,,,,10.0,10.0,,,,,,,,,,,,,,,,,,,,,,,,,,,,,,,,,,,,,,,,,,,,,,,,,,,,,,,,,,,,,,,,,,,,,,,,,,,,,,,,,,,,,,,,,,,,,,,,,,,,,,,,,,,,,,,,,,,,,,,,,,,,,,,,,,,,,,,,,,,,,,,,,,,,,,,,,,,,,,1.0,1064217067034,2006-11-27,,19.0,47.41,G,97763911,12300,4210014,16,32731000001,kemerovo,4200,1.0,0.0,87.0860737,53.7561858,house,0.0
4217088135,1.0,none,1.0,0.0,1.0,,,,,,,,,,,,220.0,,,,,28.0,192.0,,215.0,,,,,,,,,,,,,5.0,,5.0,,,,220.0,220.0,,934.0,-270.0,664.0,,,49.0,,,,,-615.0,13.0,-36.0,,,,,,,,13.0,,,,,,,,,,,,,,,,,,,,,,,,,,,,,,,,,,,,,,,,,,,,,,,,,,,,,,,,,,,,,,,,,,,,,,,,,,,,,,,,,,,,,,,,,,,,,,,,,,,,,,,,,,,,,,,,,,,,,,,,,,,,,,,,,,,,,,,,1.0,1064217067155,2006-11-30,,19.0,43.22,F,97764282,12300,4210014,16,32731000001,kemerovo,4200,1.0,0.0,87.1065107,53.7639896,house,0.0
4217088174,1.0,none,1.0,0.0,0.0,115095.0,0.0,0.0,,0.0,0.0,109250.0,0.0,0.0,5845.0,0.0,724139.0,355.0,0.0,0.0,695654.0,26964.0,1166.0,0.0,81560.0,10.0,0.0,,0.0,0.0,0.0,81550.0,53526.0,48760.0,3601.0,,1166.0,704148.0,307150.0,375996.0,0.0,10227.0,0.0,839234.0,839234.0,250889.0,7282665.0,-7031776.0,25622.0,-81436.0,-143831.0,11482.0,,7886.0,-32291.0,21050.0,-10785.0,8335.0,-3147.0,-4781.0,1634.0,,,,,,8335.0,,0.0,,,,81322.0,81322.0,,,84933.0,84933.0,,50210.0,,,,,,,,,,,,,,-47882.0,,,1283.0,84933.0,81560.0,,8335.0,,,,,,,,,,,,,,-11708.0,,,,,,,,,,,,,,,,,-239844.0,7128243.0,7070598.0,,,,57645.0,,-7368087.0,-7055977.0,-212198.0,-29425.0,-2491.0,-67996.0,,400.0,400.0,,,400.0,0.0,,,0.0,,,0.0,,,,240153.0,5268054.0,5268054.0,,,,,,-5027901.0,,-10000.0,-5017901.0,,,709.0,457.0,,1166.0,,,,,,,,,,,,,,,,,,,,,,,,,1064217067210,2006-12-01,,19.0,35.14,D,97764612,12300,4210014,16,45383000000,moscow city,7700,0.0,0.0,37.57242,55.7214997,street,0.0
4217088350,1.0,none,1.0,0.0,0.0,17478.0,0.0,,,,,400.0,17078.0,,,,610.0,150.0,,,,,460.0,,0.0,0.0,,,,,,0.0,,,,,,0.0,,,,,,18088.0,18088.0,1336.0,15905.0,-14569.0,1048.0,-239.0,-49.0,1097.0,,49.0,,,0.0,1097.0,0.0,0.0,0.0,,,,,0.0,1097.0,,,,,,,,,,,,,,,,,,,,,,,,,,,,,,,,,,,,,,,,,,,,,,,,,,,,,,,,,,,,,,,,,,,,,,,,,,,,,,,,,,,,,,,,,,,,,,,,,,,,,,,,,,,,,,,,,,,,,,,,,,,,,,,,,,,,,,,,,1064217067408,2006-12-06,,19.0,73.11,M,97768529,12300,4210014,16,32731000001,kemerovo,4200,0.0,0.0,87.126104,53.7756006,house,0.0
4217088544,1.0,none,1.0,0.0,1.0,,,,,,,,,,,,,,,,,,,,,,,,,,,,,,,,,,,,,,,0.0,0.0,,,,,,,,,,,,,,,,,,,,,,,,,,,,,,,,,,,,,,,,,,,,,,,,,,,,,,,,,,,,,,,,,,,,,,,,,,,,,,,,,,,,,,,,,,,,,,,,,,,,,,,,,,,,,,,,,,,,,,,,,,,,,,,,,,,,,,,0.0,125.0,,,,,,,0.0,,,,,,,,,,,,,0.0,125.0,1.0,1064200005924,2006-12-04,,19.0,68.32.20,L,97767553,20700,4210014,16,32731000001,kemerovo,4200,1.0,0.0,87.1424094,53.7570371,house,0.0
4217088706,1.0,none,1.0,0.0,1.0,,,,,,,,,,,,19.0,19.0,,,,,,,10.0,,,,,,,,,,,,,9.0,,9.0,,,,19.0,19.0,,260.0,-242.0,18.0,,,18.0,,,0.0,,0.0,10.0,-8.0,,,,,,,,10.0,,,,,,,,,,,,,,,,,,,,,,,,,,,,,,,,,,,,,,,,,,,,,,,,,,,,,,,,,,,,,,,,,,,,,,,,,,,,,,,,,,,,,,,,,,,,,,,,,,,,,,,,,,,,,,,,,,,,,,,,,,,,,,,,,,,,,,,,1.0,1064217067892,2006-12-19,,19.0,96.02,S,97768570,12300,4210014,16,32731000001,kemerovo,4200,0.0,0.0,87.1598267,53.7534232,house,0.0
4217088992,1.0,none,1.0,0.0,1.0,,,,,,,,,,,,15.0,0.0,,,,1.0,14.0,,15.0,,,,,,,,,,,,,0.0,,0.0,,,,15.0,15.0,,,,,,,,,,,,,0.0,0.0,,,,,,,,0.0,,,,,,,,,,,,,,,,,,,,,,,,,,,,,,,,,,,,,,,,,,,,,,,,,,,,,,,,,,,,,,,,,,,,,,,,,,,,,,,,,,,,,,,,,,,,,,,,,,,,,,,,,,,,,,,,,,,,,,,,,,,,,,,,,,,,,,,,1.0,1064217068190,2006-12-26,,19.0,46.75.20,G,97769836,12300,4210014,16,32731000001,kemerovo,4200,1.0,0.0,87.1336435,53.7862656,house,0.0
4217089001,1.0,none,1.0,0.0,1.0,0.0,,,,,,0.0,,0.0,,,4583.0,1282.0,,,,2146.0,1155.0,,1808.0,,,,,,,,1334.0,1334.0,,,,1442.0,,1442.0,,,,4583.0,4583.0,,5262.0,-4594.0,668.0,,,846.0,,,,180.0,-2.0,796.0,-50.0,,,,,,,,796.0,,,,,,,,,,,,,,,,,,,,,,,,,,,,,,,,,,,,,,,,,,,,,,,,,,,,,,,,,,,,,,,,,,,,,,,,,,,,,,,,,,,,,,,,,,,,,,,,,,,,,,,,,,,,,,,,,,,,,,,,,,,,,,,,,,,,,,,,1.0,1064217068200,2006-12-26,,19.0,41.20,F,97769842,12300,4210014,16,32731000001,kemerovo,4200,1.0,0.0,87.1239756,53.7700143,house,0.0
4217089065,1.0,none,1.0,0.0,1.0,,,,,,,,,,,,2715.0,771.0,,,,1701.0,243.0,,1869.0,,,,,,,,,,,,,846.0,,846.0,,,,2715.0,2715.0,,2712.0,-2717.0,-5.0,,,-9.0,,,,16.0,-20.0,-82.0,-73.0,,,,,,,,-82.0,,,,,,,,,,,,,,,,,,,,,,,,,,,,,,,,,,,,,,,,,,,,,,,,,,,,,,,,,,,,,,,,,,,,,,,,,,,,,,,,,,,,,,,,,,,,,,,,,,,,,,,,,,,,,,,,,,,,,,,,,,,,,,,,,,,,,,,,1.0,1064217068266,2006-12-27,,19.0,73.11,M,97771187,12300,4210014,16,32731000001,kemerovo,4200,1.0,0.0,87.1075102,53.7558862,house,0.0
4217089153,1.0,none,1.0,0.0,0.0,,,,,,,,,,,,2243.0,50.0,,,638.0,,1555.0,,1750.0,,,,,,0.0,1750.0,,,,,,493.0,,493.0,,,,2243.0,2243.0,235.0,4567.0,-4332.0,235.0,,,235.0,,,,,,189.0,-46.0,-46.0,,,,,,,189.0,,,,,,,,,,,,,,,,,,,,,,,,,,,,,,,,,,,,,,,,,,,,,,,,,,,,,,,,,,,,,,,,,,,,,,,,,,,,,,,,,,,,,,,,,,,,,,,,,,,,,,,,,,,,,,,,,,,,,,,,,,,,,,,,,,,,,,,,1.0,1064200006023,2006-12-19,,19.0,68.32.10,L,41857959,20700,4210014,16,32731000001,kemerovo,4200,1.0,0.0,87.1476268,53.7614077,house,0.0
4217089210,1.0,none,1.0,0.0,1.0,,,,,,,,,,,,125.0,,,,,,125.0,,10.0,,,,,,,,0.0,0.0,,,,115.0,0.0,115.0,,,,125.0,125.0,,1600.0,-1200.0,400.0,,,280.0,,,,,-120.0,232.0,-48.0,,,,,,,,232.0,,,,,,,,,,,,,,,,,,,,,,,,,,,,,,,,,,,,,,,,,,,,,,,,,,,,,,,,,,,,,,,,,,,,,,,,,,,,,,,,,,,,,,,,,,,,,,,,,,,,,,,,,,,,,,,,,,,,,,,,,,,,,,,,,,,,,,,,1.0,1064217068409,2006-12-28,,19.0,86.23,Q,97770495,12300,4210014,16,32731000001,kemerovo,4200,1.0,0.0,87.1383449,53.7632003,house,0.0
4217089548,1.0,none,1.0,0.0,1.0,0.0,,,,,,,,0.0,,,6949.0,,,,,6823.0,126.0,,3901.0,,,,,,,,,,,,,3048.0,,3048.0,,,,6949.0,6949.0,,4913.0,-4102.0,811.0,,,811.0,,,0.0,,0.0,516.0,-295.0,,,,,,,,516.0,,,,,,,,,,,,,,,,,,,,,,,,,,,,,,,,,,,,,,,,,,,,,,,,,,,,,,,,,,,,,,,,,,,,,,,,,,,,,,,,,,,,,,,,,,,,,,,,,,,,,,,,,,,,,,,,,,,,,,,,,,,,,,,,,,,,,,,,1.0,1074217000395,2007-01-19,,18.0,71.11.10,M,97773157,12300,4210014,16,32731000001,kemerovo,4200,1.0,0.0,87.1104919,53.7674103,house,0.0
4217089668,1.0,none,1.0,0.0,1.0,1.0,,,,,,,,1.0,,,163.0,,,,,116.0,47.0,,43.0,,,,,,,,,,,,,121.0,29.0,92.0,,,,164.0,164.0,,1227.0,-1148.0,79.0,,,77.0,,,,,-2.0,65.0,-12.0,,,,,,,,65.0,,,,,,,,,,,,,,,,,,,,,,,,,,,,,,,,,,,,,,,,,,,,,,,,,,,,,,,,,,,,,,,,,,,,,,,,,,,,,,,,,,,,,,,,,,,,,,,,,,,,,,,,,,,,,,,,,,,,,,,,,,,,,,,,,,,,,,,,1.0,1074217000692,2007-01-23,,18.0,68.32.20,L,97773849,12300,4210014,16,32731000001,kemerovo,4200,1.0,0.0,87.1547942,53.7498782,street,0.0
4217089700,1.0,none,1.0,0.0,1.0,27375.0,,,,,,27375.0,,,,,74640.0,,,,,74598.0,42.0,,63880.0,,,,,,,,,,,,,38135.0,,38135.0,,,,102015.0,102015.0,,7080.0,-11115.0,-4035.0,,,-10210.0,,,,172.0,-6347.0,-10232.0,-22.0,,,,,,,,-10232.0,,,,,,,,,,,,,,,,,,,,,,,,,,,,,,,,,,,,,,,,,,,,,,,,,,,,,,,,,,,,,,,,,,,,,,,,,,,,,,,,,,,,,,,,,,,,,,,,,,,,,,,,,,,,,,,,,,,,,,,,,,,,,,,,,,,,,,,,1.0,1074217000736,2007-01-24,,18.0,68.20,L,97773996,12300,4210014,16,32731000001,kemerovo,4200,1.0,0.0,87.1649654,53.7544066,house,0.0
4217089837,1.0,none,1.0,0.0,1.0,1843.0,,,,,,1843.0,,,,,10070.0,,,,,,10070.0,,10.0,,,,,,,,,,,,,11903.0,,11903.0,,,,11913.0,11913.0,,18768.0,-16360.0,2408.0,,,3724.0,,,0.0,1973.0,-657.0,3067.0,-657.0,,,,,,,,3067.0,,,,,,,,,,,,,,,,,,,,,,,,,,,,,,,,,,,,,,,,,,,,,,,,,,,,,,,,,,,,,,,,,,,,,,,,,,,,,,,,,,,,,,,,,,,,,,,,,,,,,,,,,,,,,,,,,,,,,,,,,,,,,,,,,,,,,,,,1.0,1074217000868,2007-01-29,,18.0,74.10,M,97775334,12300,4210014,16,32731000001,kemerovo,4200,0.0,0.0,87.1087933,53.7662457,house,0.0
4217089869,1.0,none,1.0,0.0,0.0,0.0,,0.0,,0.0,0.0,0.0,,0.0,0.0,0.0,148791.0,164.0,,0.0,93892.0,0.0,1470.0,53265.0,142854.0,750.0,0.0,,,0.0,0.0,142104.0,2000.0,2000.0,0.0,0.0,0.0,3937.0,0.0,3937.0,0.0,0.0,0.0,148791.0,148791.0,82447.0,82447.0,0.0,43221.0,-39226.0,0.0,40811.0,0.0,0.0,0.0,14.0,-2424.0,38474.0,-2337.0,0.0,0.0,,,,,0.0,38474.0,0.0,0.0,0.0,0.0,0.0,,,,,,,,,,,,,,,,,,,,,,,,,,,,,,,,,,,,,,,,,,,,,,,,,,,,,,,,,,,,,,,,,,,,,,,,,,,,,,,,,,,,,,,,,,,,,,,,,,,,,,,,,,,,,,,,,,,,,,,,,,,,,,,,,,,0.0,1074217000890,2007-01-30,,18.0,80.10,N,97775498,12300,4210014,16,32731000001,kemerovo,4200,1.0,0.0,87.1112805,53.7629474,house,0.0
4217089996,1.0,none,1.0,0.0,1.0,,,,,,,,,,,,1.0,,,,,1.0,,,,,,,,1.0,,,,,,,,0.0,,0.0,,,0.0,1.0,1.0,,,,,,,,,,,,,,,,,,,,,,,,,,,,,,,,,,,,,,,,,,,,,,,,,,,,,,,,,,,,,,,,,,,,,,,,,,,,,,,,,,,,,,,,,,,,,,,,,,,,,,,,,,,,,,,,,,,,,,,,,,,,,,,,,,,,,,,0.0,21.0,,,,,,,-21.0,,,,,,,,,,,,,,0.0,1.0,1074217001022,2007-02-01,,18.0,52.21.24,H,97777161,20101,4210014,16,32731000001,kemerovo,4200,1.0,0.0,87.1617229,53.755695,house,0.0
4217090303,1.0,none,1.0,0.0,1.0,,,,,,,,,,,,305.0,51.0,,,,82.0,172.0,,293.0,,,,,,,,,,,,,12.0,,12.0,,,,305.0,305.0,,861.0,-1327.0,-466.0,,,-750.0,,,,14.0,-298.0,-759.0,-9.0,,,,,,,,-759.0,,,,,,,,,,,,,,,,,,,,,,,,,,,,,,,,,,,,,,,,,,,,,,,,,,,,,,,,,,,,,,,,,,,,,,,,,,,,,,,,,,,,,,,,,,,,,,,,,,,,,,,,,,,,,,,,,,,,,,,,,,,,,,,,,,,,,,,,1.0,1074217001319,2007-02-14,,18.0,46.90,G,97778290,12300,4210014,16,32731000001,kemerovo,4200,0.0,0.0,87.1262702,53.7740727,house,0.0
4217090430,1.0,none,1.0,0.0,1.0,18184.0,,,,,,18181.0,,3.0,,,459433.0,104736.0,,,,354697.0,0.0,,-82625.0,,,,,,,,250109.0,250109.0,,,,310133.0,3643.0,306490.0,,,,477617.0,477617.0,,55853.0,-52747.0,3106.0,,,1810.0,,,,2459.0,-3755.0,1357.0,-453.0,,,,,,,,1357.0,,,,,,,,,,,,,,,,,,,,,,,,,,,,,,,,,,,,,,,,,,,,,,,,,,,,,,,,,,,,,,,,,,,,,,,,,,,,,,,,,,,,,,,,,,,,,,,,,,,,,,,,,,,,,,,,,,,,,,,,,,,,,,,,,,,,,,,,1.0,1074217001451,2007-02-19,,18.0,02.20,A,97779237,12300,4210014,16,04723000056,krasnoyarsk,2400,1.0,0.0,91.7126959,53.6722439,street,0.0
4217090462,1.0,none,1.0,0.0,1.0,1395.0,,,,,,1395.0,,,,,869.0,683.0,,,,0.0,186.0,,135.0,,,,,,,,0.0,,,,0.0,2129.0,,2129.0,,,,2264.0,2264.0,,2490.0,-2451.0,39.0,,,10.0,,,,,-29.0,1.0,-9.0,,,,,,,,1.0,,,,,,,,,,,,,,,,,,,,,,,,,,,,,,,,,,,,,,,,,,,,,,,,,,,,,,,,,,,,,,,,,,,,,,,,,,,,,,,,,,,,,,,,,,,,,,,,,,,,,,,,,,,,,,,,,,,,,,,,,,,,,,,,,,,,,,,,1.0,1074217001484,2007-02-19,,18.0,93.29.90,R,97779266,12300,4210014,16,32731000001,kemerovo,4200,1.0,0.0,87.159239,53.7507001,house,0.0
4217090487,1.0,none,1.0,0.0,1.0,6091.0,,,,,,6091.0,,,,,2.0,,,,,0.0,2.0,,,,,,,,,,3522.0,0.0,,,3522.0,2571.0,0.0,2571.0,,,,6093.0,6093.0,,17444.0,-17592.0,-148.0,,,-148.0,,,,,,-148.0,,,,,,,,,-148.0,,,,,,,,,,,,,,,,,,,,,,,,,,,,,,,,,,,,,,,,,,,,,,,,,,,,,,,,,,,,,,,,,,,,,,,,,,,,,,,,,,,,,,,,,,,,,,,,,,,,,,,,,,,,,,,,,,,,,,,,,,,,,,,,,,,,,,,,1.0,1074217001506,2007-02-20,,18.0,71.20,M,97779289,12300,4210014,16,32731000001,kemerovo,4200,1.0,0.0,87.1540803,53.7616569,house,0.0
4217090712,1.0,none,1.0,0.0,0.0,1216.0,,,,,,1216.0,,,,,6563.0,,,,947.0,5300.0,316.0,,6523.0,10.0,,,,,,6513.0,185.0,185.0,,,,1071.0,,1071.0,,,,7780.0,7780.0,-5459.0,32942.0,-38401.0,-5459.0,,,-4952.0,,510.0,,213.0,-216.0,-4952.0,,,,,,,,,-6252.0,,,-1300.0,,,,,,,,,,,,,,,,,,,,,,,,,,,,,,,,,,,,,,,,,,,,,,,,,,,,,,,,,,,,,,,,,,,,,,,,,,,,,,,,,,,,,,,,,,,,,,,,,,,,,,,,,,,,,,,,,,,,,,,,,,,,,,,,,,,,,0.0,1074217001737,2007-02-27,,18.0,74.90.90,M,97780559,12300,4210014,16,32731000001,kemerovo,4200,1.0,0.0,87.1104134,53.7674095,house,0.0
4217090769,1.0,none,1.0,0.0,1.0,,,,,,,,,,,,1526.0,,,,,23.0,1503.0,,965.0,,,,,,,,,,,,,561.0,,561.0,,,,1526.0,1526.0,,2206.0,-1622.0,584.0,,,726.0,,,0.0,207.0,-65.0,601.0,-125.0,,,,,,,,601.0,,,,,,,,,,,,,,,,,,,,,,,,,,,,,,,,,,,,,,,,,,,,,,,,,,,,,,,,,,,,,,,,,,,,,,,,,,,,,,,,,,,,,,,,,,,,,,,,,,,,,,,,,,,,,,,,,,,,,,,,,,,,,,,,,,,,,,,,1.0,1074217001770,2007-02-28,,18.0,43.21,F,97780743,12300,4210014,16,32731000001,kemerovo,4200,0.0,0.0,87.1204462,53.7691647,house,0.0
4217090945,1.0,none,1.0,0.0,0.0,858.0,,,,,,778.0,0.0,,80.0,,327983.0,15141.0,,15.0,267548.0,45077.0,44.0,157.0,22104.0,10.0,,,,,,22094.0,195000.0,195000.0,,,,111737.0,22234.0,89503.0,,,,328841.0,328841.0,80530.0,575892.0,-495362.0,60420.0,-12973.0,-7137.0,3361.0,,0.0,-36475.0,60.0,-20644.0,2012.0,-1349.0,-1349.0,0.0,,,,,,2012.0,,,,,,,,,,,,,,,,,,,,,,,,,,,,,,,,,,,,,,,,,,,,,,,,,,,,,,,,,,,,,,,,,,,,,,,,,,,,,,,,,,,,,,,,,,,,,,,,,,,,,,,,,,,,,,,,,,,,,,,,,,,,,,,,,,,,,,,,0.0,1074217001980,2007-03-02,,18.0,46.60,G,97781493,12267,4210014,16,32731000001,kemerovo,4200,1.0,0.0,87.1164066,53.7864725,house,0.0
4217091138,1.0,none,1.0,0.0,1.0,,,,,,,,,,,,48.0,,,,,48.0,0.0,,-1372.0,,,,,,,,1420.0,1340.0,,,80.0,,,,,,,48.0,48.0,,0.0,0.0,,,,,,,,,,0.0,,,,,,,,,0.0,,,,,,,,,,,,,,,,,,,,,,,,,,,,,,,,,,,,,,,,,,,,,,,,,,,,,,,,,,,,,,,,,,,,,,,,,,,,,,,,,,,,,,,,,,,,,,,,,,,,,,,,,,,,,,,,,,,,,,,,,,,,,,,,,,,,,,,,1.0,1074217002155,2007-03-09,,18.0,26.51.70,C,97782587,12300,4210014,16,32731000001,kemerovo,4200,1.0,0.0,87.1451283,53.756044,house,0.0
4217091145,1.0,none,1.0,0.0,1.0,10.0,,,,,,10.0,,,,,15.0,,,,,13.0,2.0,,10.0,,,,,,,,,,,,,15.0,0.0,15.0,,,,25.0,25.0,,1520.0,-1356.0,164.0,,,164.0,,,,,,139.0,-25.0,,,,,,,,139.0,,,,,,,,,,,,,,,,,,,,,,,,,,,,,,,,,,,,,,,,,,,,,,,,,,,,,,,,,,,,,,,,,,,,,,,,,,,,,,,,,,,,,,,,,,,,,,,,,,,,,,,,,,,,,,,,,,,,,,,,,,,,,,,,,,,,,,,,1.0,1074217002166,2007-03-09,,18.0,46.51,G,97782601,12300,4210014,16,32731000001,kemerovo,4200,1.0,0.0,87.162561,53.7549785,house,0.0
4217091297,1.0,none,1.0,0.0,1.0,,,,,,,,,,,,789.0,311.0,,,,110.0,368.0,,256.0,,,,,,,,,,,,,533.0,,533.0,,,,789.0,789.0,,29194.0,-27700.0,1494.0,,,1443.0,,,,,-51.0,40.0,-1403.0,,,,,,,,40.0,,,,,,185.0,,,,0.0,,216.0,216.0,,,,,,,,,,,,,,,,,,,,256.0,256.0,,,,,,,,,,,,,,,,,,,,,,,,,,,,,,,,,,,,,,,,,,,,,,,,,,,,,,,,,,,,,,,,,,,,,,,,,,,,,,,,,,,,,,,,,,,,,,,,,,,,,,1.0,1074217002287,2007-03-15,,18.0,86.23,Q,97784379,12300,4210014,16,32731000001,kemerovo,4200,1.0,0.0,87.1684691,53.8260576,house,0.0
4217091346,1.0,none,1.0,0.0,1.0,,,,,,,,,,,,942.0,798.0,,,,0.0,144.0,,942.0,,,,,,,,0.0,0.0,,,,0.0,0.0,0.0,,,0.0,942.0,942.0,,2746.0,-3131.0,-385.0,,,-385.0,,,0.0,0.0,0.0,-412.0,-27.0,,,,,,,,-412.0,,,,,,,,,,,,,,,,,,,,,,,,,,,,,,,,,,,,,,,,,,,,,,,,,,,,,,,,,,,,,,,,,,,,,,,,,,,,,,,,,,,,,,,,,,,,,,,,,,,,,,,,,,,,,,,,,,,,,,,,,,,,,,,,,,,,,,,,1.0,1074217002342,2007-03-16,,18.0,47.64,G,97784534,12300,4210014,16,32731000001,kemerovo,4200,0.0,0.0,,,,0.0
4217091385,1.0,none,1.0,0.0,1.0,205.0,,,,,,,,205.0,,,4847.0,,,,,4720.0,127.0,,3987.0,,,,,,,,284.0,284.0,,,,781.0,200.0,581.0,,,,5052.0,5052.0,,10120.0,-9320.0,800.0,,,394.0,,,-70.0,5.0,-341.0,95.0,-299.0,,,,,,,,95.0,,,,,,,,,,,,,,,,,,,,,,,,,,,,,,,,,,,,,,,,,,,,,,,,,,,,,,,,,,,,,,,,,,,,,,,,,,,,,,,,,,,,,,,,,,,,,,,,,,,,,,,,,,,,,,,,,,,,,,,,,,,,,,,,,,,,,,,,1.0,1074217002386,2007-03-16,,18.0,69.20,M,97784600,12300,4210014,16,32731000001,kemerovo,4200,1.0,0.0,87.1694178,53.7574185,house,0.0
4217091434,1.0,none,1.0,0.0,0.0,10170.0,,,,,,5179.0,,,4991.0,,44450.0,197.0,,0.0,8488.0,0.0,35765.0,,19628.0,250.0,,,,,,19378.0,734.0,,734.0,,,34258.0,,27258.0,,7000.0,,54620.0,54620.0,81096.0,288070.0,-206974.0,42186.0,,-38910.0,49030.0,,7290.0,,286.0,-732.0,39665.0,-9365.0,-12181.0,2816.0,,,,,,39665.0,,,,,,13871.0,13871.0,,,11462.0,11462.0,36212.0,36212.0,,,,,,,-38621.0,,,,,,,-38621.0,,,,11462.0,19628.0,39665.0,39665.0,,,,,,,-31500.0,,,,,,,-31500.0,,,,,,,,,,,,,,,,,62364.0,328551.0,288824.0,,,,39727.0,,-266187.0,-20125.0,-151148.0,,,-94914.0,,,,,,,,,,,,,,,,,-26823.0,,,,,,,,-26823.0,,-26823.0,,,,35541.0,223.0,,35764.0,,,,,,,,,,,,,,,,,,,,,,,,1.0,1074217002430,2007-03-19,,18.0,80.10.20,N,80290093,12300,4210014,16,32731000001,kemerovo,4200,1.0,0.0,87.1031659,53.7759975,street,0.0
4217091900,1.0,none,1.0,0.0,0.0,,,,,,,,,,,,98.0,,,,,,58.0,40.0,20.0,20.0,,,,,,0.0,50.0,50.0,,,,28.0,,28.0,,,,98.0,98.0,229.0,7279.0,-7050.0,229.0,,,229.0,,,,,,229.0,,,,,,,,,229.0,,,,,,,,,,,,,,,,,,,,,,,,,,,,,,,,,,,,,,,,,,,,,,,,,,,,,,,,,,,,,,,,,,,,,,,,,,,,,,,,,,,,,,,,,,,,,,,,,,,,,,,,,,,,,,,,,,,,,,,,,,,,,,,,,,,,,,,,0.0,1074217002936,2007-04-04,,18.0,79.10,N,80293246,12300,4210014,16,32731000001,kemerovo,4200,1.0,0.0,87.1694178,53.7574185,house,0.0
4217091988,1.0,none,1.0,0.0,1.0,0.0,,,,,,0.0,,,,,2895.0,2376.0,,,,60.0,459.0,,2217.0,,,,,,,,72.0,72.0,,,,606.0,0.0,606.0,,,,2895.0,2895.0,,13162.0,-13349.0,-187.0,,,-459.0,,,,4.0,-276.0,-855.0,-396.0,,,,,,,,-855.0,,,,,,,,,,,,,,,,,,,,,,,,,,,,,,,,,,,,,,,,,,,,,,,,,,,,,,,,,,,,,,,,,,,,,,,,,,,,,,,,,,,,,,,,,,,,,,,,,,,,,,,,,,,,,,,,,,,,,,,,,,,,,,,,,,,,,,,,1.0,1074217003013,2007-04-10,,18.0,47.20,G,80294033,12300,4210014,16,32731000001,kemerovo,4200,1.0,0.0,87.1104919,53.7674103,house,0.0
4217092004,1.0,none,1.0,0.0,1.0,0.0,,,,,,,,0.0,,,3348.0,,,,,65.0,3283.0,,456.0,,,,,,,,,,,,,2892.0,0.0,2892.0,,,,3348.0,3348.0,,7368.0,-6417.0,951.0,,,763.0,,,,,-188.0,443.0,-320.0,,,,,,,,443.0,,,,,,,,,,,,,,,,,,,,,,,,,,,,,,,,,,,,,,,,,,,,,,,,,,,,,,,,,,,,,,,,,,,,,,,,,,,,,,,,,,,,,,,,,,,,,,,,,,,,,,,,,,,,,,,,,,,,,,,,,,,,,,,,,,,,,,,,1.0,1074217003046,2007-04-11,,18.0,79.11,N,80294381,12300,4210014,16,32731000001,kemerovo,4200,1.0,0.0,87.1120789,53.7574324,house,0.0
4217092029,1.0,none,1.0,0.0,1.0,0.0,,,,,,0.0,,,,,157.0,,,,,154.0,3.0,,-244.0,,,,,,,,0.0,,,,0.0,401.0,,401.0,,,,157.0,157.0,,4334.0,-4459.0,-125.0,,,-132.0,,,-1.0,6.0,-12.0,-177.0,-45.0,,,,,,,,-177.0,,,,,,,,,,,,,,,,,,,,,,,,,,,,,,,,,,,,,,,,,,,,,,,,,,,,,,,,,,,,,,,,,,,,,,,,,,,,,,,,,,,,,,,,,,,,,,,,,,,,,,,,,,,,,,,,,,,,,,,,,,,,,,,,,,,,,,,,1.0,1074217003068,2007-04-11,,18.0,68.20,L,80294412,12300,4210014,16,32731000001,kemerovo,4200,1.0,0.0,87.1474482,53.7563632,house,0.0
4217092050,1.0,none,1.0,0.0,1.0,,,,,,,,,,,,2628.0,,,,,123.0,2505.0,,2489.0,,,,,,,,,,,,,139.0,,139.0,,,,2628.0,2628.0,,3578.0,-3176.0,402.0,,,274.0,,,,,-128.0,170.0,-104.0,,,,,,,,170.0,,,,,,,,,,,,,,,,,,,,,,,,,,,,,,,,,,,,,,,,,,,,,,,,,,,,,,,,,,,,,,,,,,,,,,,,,,,,,,,,,,,,,,,,,,,,,,,,,,,,,,,,,,,,,,,,,,,,,,,,,,,,,,,,,,,,,,,,1.0,1074217003090,2007-04-11,,18.0,55.10,I,80294441,12300,4210014,16,32731000001,kemerovo,4200,1.0,0.0,87.1248321,53.772456,house,0.0
4217092149,1.0,none,1.0,0.0,1.0,26023.0,,,,,,5674.0,,20349.0,,,38265.0,1628.0,,,,36637.0,0.0,,8734.0,,,,,,,,13859.0,12036.0,,,1823.0,41694.0,7253.0,34441.0,,,,64288.0,64288.0,,1546.0,-13391.0,-11845.0,,,-10053.0,,,-1293.0,3694.0,-609.0,-12529.0,-2476.0,,,,,,,,-12529.0,,,,,,,,,,,,,,,,,,,,,,,,,,,,,,,,,,,,,,,,,,,,,,,,,,,,,,,,,,,,,,,,,,,,,,,,,,,,,,,,,,,,,,,,,,,,,,,,,,,,,,,,,,,,,,,,,,,,,,,,,,,,,,,,,,,,,,,,1.0,1074217003189,2007-04-13,,18.0,46.71,G,80294760,12300,4210014,16,32731000001,kemerovo,4200,0.0,0.0,87.1036273,53.751447,house,0.0
4217092170,1.0,none,1.0,0.0,1.0,38903.0,,,,,,24553.0,,14350.0,,,29133.0,16006.0,,,,13126.0,1.0,,-128370.0,,,,,,,,60298.0,60298.0,,,,136108.0,103917.0,32191.0,,,,68036.0,68036.0,,685.0,-23681.0,-22996.0,,,-34563.0,,,-10978.0,1300.0,-1889.0,-34585.0,-22.0,,,,,,,,-34585.0,,,,,,,,,,,,,,,,,,,,,,,,,,,,,,,,,,,,,,,,,,,,,,,,,,,,,,,,,,,,,,,,,,,,,,,,,,,,,,,,,,,,,,,,,,,,,,,,,,,,,,,,,,,,,,,,,,,,,,,,,,,,,,,,,,,,,,,,1.0,1074217003211,2007-04-16,,18.0,43.12,F,80294949,12300,4210014,16,50701000001,novosibirsk,5400,1.0,0.0,82.9255614,55.0507344,house,0.0
4217092188,1.0,none,1.0,0.0,0.0,0.0,,0.0,,,,0.0,0.0,0.0,,0.0,2280.0,0.0,,0.0,96.0,0.0,2184.0,0.0,0.0,,,,,,,,0.0,0.0,,,0.0,2280.0,0.0,81.0,2199.0,,,2280.0,2280.0,,,,,,,0.0,,0.0,0.0,0.0,0.0,0.0,,,,,,,,,0.0,0.0,,,,,,,,,,,,,,,,,,,,,,,,,,,,,,,,,,,,,,,,,,,,,,,,,,,,,,,,,,,,,,,,1544.0,14346.0,,,,,14346.0,,-12802.0,-9998.0,-1405.0,,,-1399.0,,,,,,,,,,,,,,,,,,,,,,,,,,,,,,,1544.0,640.0,,2184.0,640.0,14347.0,,,14347.0,,,,-12802.0,-10816.0,,,-10816.0,-1987.0,-1987.0,,,,,,,,2184.0,1.0,1074200001732,2007-04-05,,18.0,64.90,K,80297646,70412,4210014,50,32731000001,kemerovo,4200,1.0,0.0,87.1518492,53.7539972,house,0.0
4217092276,1.0,none,1.0,0.0,1.0,10950.0,,,,,,,,10950.0,,,55755.0,,,,,55755.0,,,66307.0,,,,,,,,,,,,,398.0,,398.0,,,,66705.0,66705.0,,,-196.0,-196.0,,,-196.0,,,,,,-196.0,0.0,,,,,,,,-196.0,,,,,,,,,,,,,,,,,,,,,,,,,,,,,,,,,,,,,,,,,,,,,,,,,,,,,,,,,,,,,,,,,,,,,,,,,,,,,,,,,,,,,,,,,,,,,,,,,,,,,,,,,,,,,,,,,,,,,,,,,,,,,,,,,,,,,,,,1.0,1074217003300,2007-04-18,,18.0,77.30,N,80295831,12300,4210014,16,45959000000,moscow city,7700,1.0,0.0,37.3560667,55.5777678,house,0.0
4217092325,1.0,none,1.0,0.0,0.0,19075808.0,,0.0,,,,275638.0,2667755.0,15863599.0,70163.0,198653.0,429627.0,176.0,,2.0,360555.0,0.0,68270.0,624.0,16393897.0,2000000.0,,,,,100000.0,14293897.0,2932950.0,1709027.0,10873.0,,1213050.0,178588.0,0.0,159995.0,,14336.0,4257.0,19505435.0,19505435.0,75739.0,230942.0,-155203.0,-71021.0,,-146760.0,1024798.0,1094385.0,77268.0,-11500.0,16645.0,-80979.0,1039147.0,14349.0,-4002.0,18352.0,,,,,,1039147.0,0.0,,,0.52,,8732094.0,8731739.0,-355.0,,15354750.0,15354750.0,6623011.0,6623011.0,,,,,,,,,,,,,,,,,,15354750.0,16393897.0,1039147.0,1039147.0,,,,,,,,,,,,,,,,,,,,,,,,,,,,,,,-64129.0,312581.0,60649.0,95555.0,,,156377.0,,-376710.0,-96547.0,-134826.0,-75682.0,-21995.0,-47660.0,,-1394529.0,2842457.0,398689.0,236869.0,964409.0,1242490.0,,,-4236986.0,-936251.0,-2628735.0,-672000.0,,,,1313954.0,1589415.0,1589415.0,,,,,,-275461.0,,,-266935.0,-8526.0,,-144704.0,212974.0,,68270.0,,,,,,,,,,,,,,,,,,,,,,,,1.0,1074217003354,2007-04-18,,18.0,68.20.20,L,80296724,12267,4210014,16,32731000001,kemerovo,4200,1.0,0.0,87.1069199,53.7511867,house,0.0
4217092445,1.0,none,1.0,0.0,0.0,0.0,,,,,,,,,,,215.0,0.0,,,204.0,0.0,11.0,,215.0,10.0,,,,,,205.0,0.0,0.0,,,,0.0,0.0,0.0,,,,215.0,215.0,4.0,4.0,0.0,-10.0,-14.0,,-21.0,,0.0,0.0,0.0,-11.0,-23.0,-2.0,,,,,,,0.0,-23.0,,,,,,,,,,,,,,,,,,,,,,,,,,,,,,,,,,,,,,,,,,,,,,,,,,,,,,,,,,,,,,,,,,,,,,,,,,,,,,,,,,,,,,,,,,,,,,,,,,,,,,,,,,,,,,,,,,,,,,,,,,,,,,,,,,,,,,,,0.0,1074217003464,2007-04-23,,18.0,95.11,S,80296782,12300,4210014,16,32731000001,kemerovo,4200,1.0,0.0,87.1078593,53.7644573,house,0.0
4217092614,1.0,none,1.0,0.0,0.0,,,,,,,,,,,,10.0,,,,,,10.0,,10.0,10.0,,,,,,,,,,,,0.0,,0.0,,,,10.0,10.0,0.0,,,0.0,,,0.0,,,,,,0.0,,,,,,,,,0.0,,,,,,,,,,,,,,,,,,,,,,,,,,,,,,,,,,,,,,,,,,,,,,,,,,,,,,,,,,,,,,,,,,,,,,,,,,,,,,,,,,,,,,,,,,,,,,,,,,,,,,,,,,,,,,,,,,,,,,,,,,,,,,,,,,,,,,,,0.0,1074217003629,2007-04-25,,18.0,69.10,M,80297712,12300,4210014,16,32731000001,kemerovo,4200,1.0,0.0,87.1078593,53.7644573,house,0.0
4217092935,1.0,none,1.0,0.0,1.0,,,,,,,,,,,,522.0,69.0,,,,268.0,185.0,,382.0,,,,,,,,,,,,,140.0,,140.0,,,,522.0,522.0,,1305.0,-1029.0,276.0,,,238.0,,,,,-38.0,198.0,-40.0,,,,,,,,198.0,,,,,,,,,,,,,,,,,,,,,,,,,,,,,,,,,,,,,,,,,,,,,,,,,,,,,,,,,,,,,,,,,,,,,,,,,,,,,,,,,,,,,,,,,,,,,,,,,,,,,,,,,,,,,,,,,,,,,,,,,,,,,,,,,,,,,,,,1.0,1074217003959,2007-05-08,,18.0,62,J,80299303,12300,4210014,16,32731000001,kemerovo,4200,1.0,0.0,87.1148514,53.7542508,house,0.0
4217093030,1.0,none,1.0,0.0,1.0,,,,,,,,,,,,115.0,8.0,,,,0.0,107.0,,10.0,,,,,,,,,,,,,105.0,92.0,13.0,,,,115.0,115.0,,862.0,-862.0,0.0,,,0.0,,,,,,-52.0,-52.0,,,,,,,,-52.0,,,,,,,,,,,,,,,,,,,,,,,,,,,,,,,,,,,,,,,,,,,,,,,,,,,,,,,,,,,,,,,,,,,,,,,,,,,,,,,,,,,,,,,,,,,,,,,,,,,,,,,,,,,,,,,,,,,,,,,,,,,,,,,,,,,,,,,,1.0,1074217004047,2007-05-10,,18.0,82.99,N,80299776,12300,4210014,16,32731000001,kemerovo,4200,1.0,0.0,87.1584843,53.7580613,house,0.0
4217093103,1.0,none,1.0,0.0,0.0,195.0,,,,,,195.0,,,,,1010.0,50.0,,,91.0,,869.0,,681.0,,0.0,681.0,,,,,,,,,,524.0,,524.0,,,,1205.0,1205.0,40.0,2113.0,-2073.0,40.0,,,40.0,,,,,,19.0,-21.0,,,,,,,,19.0,,,,,,,,,,,,,,,,,,,,,,,,,,,,,,,,,,,,,,,,,,,,,,,,,,,,,,,,,,,,,,,,,,,,,,,,,,,,,,,,,,,,,,,,,,,,,,,,,,,,,,,,,,,,,,,,,975.0,3622.0,,,,1509.0,2113.0,,-3728.0,-1655.0,-1655.0,,,-2073.0,,-2073.0,,,,,,,869.0,,1074200002250,2007-04-25,,18.0,94.99,S,80305340,20200,4220003,53,32731000001,kemerovo,4200,1.0,0.0,87.1972043,53.7726245,house,0.0
4217093199,1.0,none,1.0,0.0,1.0,,,,,,,,,,,,10.0,,,,,,10.0,,10.0,,,,,,,,,,,,,,,,,,,10.0,10.0,,,,,,,,,,,,,,,,,,,,,,,,,,,,,,,,,,,,,,,,,,,,,,,,,,,,,,,,,,,,,,,,,,,,,,,,,,,,,,,,,,,,,,,,,,,,,,,,,,,,,,,,,,,,,,,,,,,,,,,,,,,,,,,,,,,,,,,,,,,,,,,,,,,,,,,,,,,,,,1.0,1074217004157,2007-05-16,,18.0,46.70,G,80300510,12300,4210014,16,32731000001,kemerovo,4200,1.0,0.0,87.1584843,53.7580613,house,0.0
4217093713,1.0,none,1.0,0.0,1.0,0.0,,,,,,0.0,,,,,6908.0,1296.0,,,,5510.0,102.0,,1680.0,,,,,,,,0.0,0.0,,,0.0,5228.0,723.0,4505.0,,,,6908.0,6908.0,,21229.0,-22220.0,-991.0,,,-1739.0,,,0.0,195.0,-943.0,-2014.0,-275.0,,,,,,,,-2014.0,,,,,,2059.0,,,,-1273.0,,-1707.0,-1707.0,,,,,,,,,,,,,,,,,1117.0,2382.0,1680.0,-1464.0,-1464.0,,,,,,,,,,,,,,,,,763.0,,,,,,,,,,,,,,-42.0,21268.0,21265.0,0.0,,,3.0,,-21310.0,-8054.0,-11623.0,0.0,0.0,-1633.0,,0.0,0.0,,,,,,,0.0,,,,,,,0.0,0.0,0.0,,,,0.0,,0.0,,,0.0,0.0,,-42.0,144.0,,102.0,,,,,,,,,,,,,,,,,,,,,,,,1.0,1074217004652,2007-06-01,,18.0,18.10,C,80303884,12300,4210014,16,32731000001,kemerovo,4200,0.0,0.0,87.1067462,53.7650635,house,0.0
4217093738,1.0,none,1.0,0.0,0.0,7304.0,,,,,,7304.0,,,,,13.0,,,,,,13.0,,7317.0,3510.0,,,,7317.0,,-3510.0,,,,,,0.0,,,,,,7317.0,7317.0,0.0,,,0.0,0.0,,-110.0,,,,,-110.0,-110.0,,,,,,,,,-110.0,,,,,,,,,,,,,,,,,,,,,,,,,,,,,,,,,,,,,,,,,,,,,,,,,,,,,,,,,,,,,,,,,0.0,0.0,,,,,,,0.0,,,,,,,,,,,,,,,,,,,,,,,,,,,,,,,,,,,,0.0,0.0,,0.0,0.0,,,,,,,,,,,,,,,,,,,,,,0.0,0.0,1074217004696,2007-06-04,,18.0,46.90,G,57639791,12300,4210014,16,32731000001,kemerovo,4200,1.0,0.0,87.1148112,53.7529675,house,0.0
4217093819,1.0,none,1.0,0.0,1.0,0.0,,,,,,0.0,,0.0,,,2043.0,0.0,,,,2043.0,,,2034.0,,,,,,,,0.0,0.0,,,0.0,9.0,0.0,9.0,,,0.0,2043.0,2043.0,,592.0,-545.0,47.0,,,36.0,,,0.0,0.0,-11.0,0.0,-36.0,,,,,,,,0.0,,,,,,,,,,,,,,,,,,,,,,,,,,,,,,,,,,,,,,,,,,,,,,,,,,,,,,,,,,,,,,,,,,,,,,,,,,,,,,,,,,,,,,,,,,,,,,,,,,,,,,,,,,,,,,,,,,,,,,,,,,,,,,,,,,,,,,,,1.0,1074217004773,2007-06-07,,18.0,69.10,M,80304760,12300,4210014,16,32731000001,kemerovo,4200,1.0,0.0,87.1632542,53.75133,house,0.0
4217093946,1.0,none,1.0,0.0,1.0,139.0,,,,,,12.0,,127.0,,,5879.0,1696.0,,,,4165.0,18.0,,835.0,,,,,,,,,,,,,5184.0,5102.0,82.0,,,,6019.0,6019.0,,1115.0,-764.0,351.0,,,337.0,,,,0.0,-14.0,326.0,-11.0,,,,,,,,326.0,,,,,,,,,,,,,,,,,,,,,,,,,,,,,,,,,,,,,,,,,,,,,,,,,,,,,,,,,,,,,,,,,,,,,,,,,,,,,,,,,,,,,,,,,,,,,,,,,,,,,,,,,,,,,,,,,,,,,,,,,,,,,,,,,,,,,,,,1.0,1074217004883,2007-06-13,,18.0,31.01,C,80305742,12300,4210014,16,32731000001,kemerovo,4200,1.0,0.0,87.1548694,53.7465262,house,0.0
4217093960,1.0,none,1.0,0.0,0.0,,,,,,,,,,,,114.0,,,,114.0,,,0.0,11.0,10.0,,,,,,1.0,103.0,,103.0,,,0.0,0.0,,,,,114.0,114.0,167.0,167.0,,1.0,,-166.0,1.0,,,,,,1.0,,,,,,,,,1.0,,,,,,,,,,,,,,,,,,,,,,,,,,,,,,,,,,,,,,,,,,,,,,,,,,,,,,,,,,,,,,,,,,,,,,,,,,,,,,,,,,,,,,,,,,,,,,,,,,,,,,,,,,,,,,,,,,,,,,,,,,,,,,,,,,,,,,,,0.0,1074217004861,2007-06-13,,18.0,85.41,P,80305725,12300,4210014,16,32731000001,kemerovo,4200,1.0,0.0,87.1253992,53.7638788,house,0.0
4217094058,1.0,none,1.0,0.0,0.0,,,,,,,,,,,,10.0,10.0,,,,,,,10.0,10.0,,,,,,,,,,,,,,,,,,10.0,10.0,,,,,,,,,,,,,,,,,,,,,,,,,,,,,,,,,,,,,,,,,,,,,,,,,,,,,,,,,,,,,,,,,,,,,,,,,,,,,,,,,,,,,,,,,,,,,,,,,,,,,,,,,,,,,,,,,,,,,,,,,,,,,,,,,,,,,,,,,,,,,,,,,,,,,,,,,,,,,,0.0,1074217004982,2007-06-18,,18.0,62.02,J,80306405,12300,4210014,16,32731000001,kemerovo,4200,1.0,0.0,87.1236373,53.7657421,house,0.0
4217094192,1.0,none,1.0,0.0,0.0,0.0,,,,,,0.0,,,,,347.0,0.0,,0.0,17.0,,330.0,0.0,-11.0,13.0,,,,,,-23.0,126.0,126.0,,,,232.0,0.0,232.0,,,,347.0,347.0,385.0,1843.0,-1458.0,-1820.0,-2205.0,,-5.0,,53.0,-284.0,3285.0,-1240.0,-23.0,-1.0,0.0,-1.0,,,,,-18.0,-23.0,,,,,,80.0,80.0,,,154.0,154.0,74.0,74.0,,,,,,,,,,,,,,,,,,154.0,-10.0,-23.0,-23.0,,,,,,,,,,,,,,,,,-141.0,,,,,,,,,,,,,,9303.0,15190.0,15047.0,,,,143.0,,-5887.0,-974.0,-4566.0,-263.0,,-84.0,,,,,,,,,,,,,,,,,-9100.0,500.0,500.0,,,,,,-9600.0,,,-9600.0,,,203.0,127.0,,330.0,,,,,,,,,,,,,,,,,,,,,,,,1.0,1074217005081,2007-06-21,,18.0,46.72.20,G,80306954,12300,4210014,16,32731000001,kemerovo,4200,1.0,0.0,87.1325904,53.7603811,house,0.0
4217094241,1.0,none,1.0,0.0,0.0,783534.0,,,,,,,13766.0,767509.0,2259.0,,417311.0,,,0.0,417298.0,0.0,13.0,0.0,1150788.0,266573.0,,,,3118.0,13329.0,867768.0,525.0,,525.0,,,49532.0,,48441.0,,1091.0,,1200845.0,1200845.0,1575.0,6571.0,-4996.0,-2473.0,,-4048.0,53006.0,,55856.0,,1980.0,-2357.0,39196.0,-13810.0,-14528.0,718.0,,,,,,39196.0,,,,,,1222915.0,1222915.0,,,1259356.0,1259356.0,65497.0,65497.0,,,,,,,-29056.0,,,,,,,-29056.0,,,,1259356.0,1150788.0,39326.0,39326.0,,,,,,,-147894.0,,,,,,,-147894.0,,,,,,,,,,,,,,,,,6998.0,35822.0,29584.0,,,,6238.0,,-28824.0,-993.0,-2479.0,,-25242.0,-110.0,,116623.0,116623.0,,,116623.0,,,,0.0,,,0.0,,,,-123635.0,,,,,,,,-123635.0,,-123635.0,,,,-14.0,28.0,,14.0,,,,,,,,,,,,,,,,,,,,,,,,1.0,1074217005092,2007-06-21,,18.0,68.20.20,L,80306960,12267,4210014,49,32731000001,kemerovo,4200,1.0,0.0,87.1026024,53.7641756,house,0.0
4217094379,1.0,none,1.0,0.0,0.0,0.0,,,,,,,,,,,34003.0,32438.0,,1071.0,451.0,,43.0,,60.0,10.0,,,,,,50.0,2940.0,1720.0,,,1220.0,31003.0,14120.0,3741.0,,,13142.0,34003.0,34003.0,50.0,7669.0,-7619.0,50.0,,,50.0,,,,,0.0,50.0,,-12.0,,,,,,,50.0,,,,,,80.0,0.0,0.0,0.0,70.0,0.0,0.0,0.0,0.0,,,,0.0,,0.0,,,,,,,0.0,,0.0,0.0,0.0,60.0,0.0,0.0,0.0,,,,0.0,,0.0,,,,,,,0.0,,0.0,0.0,,,,,,,,,,,,,,37.0,7668.0,7668.0,0.0,0.0,0.0,,,-7631.0,-7619.0,,,-12.0,,,0.0,,,,,,,,,,,,,,,,,,,,,,,,,,,,,37.0,0.0,,37.0,0.0,0.0,0.0,0.0,,,,,0.0,0.0,0.0,0.0,,0.0,,,,,,,,,0.0,1.0,1074217005213,2007-06-25,,18.0,45.31.10,G,80307592,12300,4210014,16,32731000001,kemerovo,4200,1.0,0.0,87.161887,53.7408604,house,0.0
4217094410,1.0,none,1.0,0.0,1.0,0.0,,,,,,,,0.0,,,277.0,37.0,,,,238.0,2.0,,-721.0,,,,,,,,,,,,,998.0,431.0,567.0,,,,277.0,277.0,,957.0,-1044.0,-87.0,,,-170.0,,,,,-83.0,-199.0,-29.0,,,,,,,,-199.0,,,,,,,,,,,,,,,,,,,,,,,,,,,,,,,,,,,,,,,,,,,,,,,,,,,,,,,,,,,,,,,,,,,,,,,,,,,,,,,,,,,,,,,,,,,,,,,,,,,,,,,,,,,,,,,,,,,,,,,,,,,,,,,,,,,,,,,,1.0,1074217005334,2007-06-28,,18.0,82.99,N,80308255,12300,4210014,16,32731000001,kemerovo,4200,1.0,0.0,87.1199854,53.7678287,house,0.0
4217094717,1.0,none,1.0,0.0,0.0,7831.0,,0.0,,0.0,0.0,7831.0,,0.0,0.0,0.0,672.0,1.0,,0.0,592.0,0.0,79.0,0.0,1901.0,12.0,0.0,,0.0,0.0,0.0,1889.0,1064.0,1064.0,0.0,0.0,0.0,5538.0,0.0,5538.0,0.0,0.0,0.0,8503.0,8503.0,5808.0,11471.0,-5663.0,1414.0,0.0,-4394.0,1336.0,0.0,0.0,0.0,0.0,-78.0,886.0,-450.0,-450.0,0.0,,,,,0.0,886.0,0.0,,,,,,,,,,,,,,,,,,,,,,,,,,,,,,,,,,,,,,,,,,,,,,,,,,,,,,,,,,,,,,,,,,,,,,,,,,,,,,,,,,,,,,,,,,,,,,,,,,,,,,,,,,,,,,,,,,,,,,,,,,,,,,,,,,,,,,,0.0,1074217005610,2007-07-05,,18.0,46.90,G,80309585,12300,4210014,16,32731000001,kemerovo,4200,1.0,0.0,87.0996097,53.7491069,house,0.0
4217094756,1.0,none,1.0,0.0,1.0,6845.0,,,,,,5347.0,,1498.0,,,1499.0,13.0,,,,1482.0,4.0,,-42819.0,,,,,,,,,,,,,51163.0,33494.0,17669.0,,,,8344.0,8344.0,,3278.0,-2955.0,323.0,,,-1516.0,,,-104.0,2235.0,-3970.0,-1527.0,-11.0,,,,,,,,-1527.0,,,,,,-43291.0,-43291.0,,,-41292.0,-41292.0,1999.0,1999.0,,,,,,,,,,,,,,,,,,-41292.0,-42819.0,-1527.0,-1527.0,,,,,,,,,,,,,,,,,,,,,,,,,,,,,,,-823.0,282.0,,230.0,,,52.0,,-1105.0,-46.0,-852.0,,,-207.0,,826.0,826.0,826.0,,0.0,,,,0.0,0.0,,0.0,,,,,,,,,,,,,,,,,,3.0,1.0,,4.0,,,,,,,,,,,,,,,,,,,,,,,,1.0,1074217005576,2007-07-05,,18.0,77.11,N,80309533,12300,4210014,16,32731000001,kemerovo,4200,1.0,0.0,87.1901232,53.8345928,house,0.0
4217094812,1.0,none,1.0,0.0,1.0,,,,,,,,,,,,2045.0,1276.0,,,,613.0,156.0,,1165.0,,,,,,,,512.0,512.0,,,,367.0,,367.0,,,,2045.0,2045.0,,8115.0,-7668.0,447.0,,,363.0,,,,,-84.0,274.0,-89.0,,,,,,,,274.0,,,,,,,,,,,,,,,,,,,,,,,,,,,,,,,,,,,,,,,,,,,,,,,,,,,,,,,,,,,,,,,,,,,,,,,,,,,,,,,,,,,,,,,,,,,,,,,,,,,,,,,,,,,,,,,,,,,,,,,,,,,,,,,,,,,,,,,,1.0,1074217005653,2007-07-06,,18.0,86.23,Q,80309846,12300,4210014,16,32731000001,kemerovo,4200,1.0,0.0,,,,0.0
4217094820,1.0,none,1.0,0.0,1.0,2492.0,,,,,,2492.0,,,,,25612.0,1873.0,,,,23699.0,40.0,,4837.0,,,,,,,,0.0,,,,0.0,23267.0,142.0,23125.0,,,,28104.0,28104.0,,20558.0,-19533.0,1025.0,,,751.0,,,,74.0,-348.0,563.0,-188.0,,,,,,,,563.0,,,,,,,,,,,,,,,,,,,,,,,,,,,,,,,,,,,,,,,,,,,,,,,,,,,,,,,,,,,,,,,,,,,,,,,,,,,,,,,,,,,,,,,,,,,,,,,,,,,,,,,,,,,,,,,,,,,,,,,,,,,,,,,,,,,,,,,,1.0,1074217005664,2007-07-06,,18.0,43.22,F,80309852,12300,4210014,16,32731000001,kemerovo,4200,1.0,0.0,87.0912613,53.7610105,house,0.0
4217094844,1.0,none,1.0,0.0,0.0,0.0,0.0,0.0,,0.0,0.0,0.0,0.0,0.0,0.0,0.0,19890.0,12745.0,,,157.0,,1572.0,5416.0,16408.0,222.0,,,,,,16186.0,438.0,,438.0,,,3044.0,3043.0,0.0,,,1.0,19890.0,19890.0,11093.0,38159.0,-27066.0,1386.0,-9707.0,,730.0,,,-378.0,0.0,-278.0,35.0,-695.0,-695.0,,,,,,,35.0,,,,,,16304.0,0.0,0.0,0.0,16373.0,0.0,0.0,0.0,0.0,,,,0.0,,0.0,,,,,,,0.0,,0.0,0.0,0.0,16408.0,0.0,0.0,0.0,,,,0.0,,0.0,,,,,,,0.0,,0.0,0.0,,,,,,,,,,,,,,,,,,,,,,,,,,,,,,,,,,,,,,,,,,,,,,,,,,,,,,,,,,0.0,0.0,,0.0,,,,,,,,,,,,,,,,,,,,,,,,1.0,1074217005719,2007-07-09,,18.0,47.19.10,G,80309817,12300,4210014,16,32731000001,kemerovo,4200,1.0,0.0,87.1210693,53.7492388,house,0.0
4217094925,1.0,none,1.0,0.0,0.0,,,,,,,,,,,,1104.0,,,0.0,1088.0,,16.0,,278.0,100.0,,,,,,178.0,360.0,360.0,,,,466.0,,466.0,,,,1104.0,1104.0,14970.0,14970.0,,-626.0,-15596.0,,-701.0,,,,,-75.0,-855.0,-154.0,,,,,,,,-855.0,,,,,,,,,,,,,,,,,,,,,,,,,,,,,,,,,,,,,,,,,,,,,,,,,,,,,,,,,,,,,,,,,,,,,,,,,,,,,,,,,,,,,,,,,,,,,,,,,,,,,,,,,,,,,,,,,,,,,,,,,,,,,,,,,,,,,,,,0.0,1074217005785,2007-07-11,,18.0,80,N,80310714,12300,4210014,16,32731000001,kemerovo,4200,1.0,0.0,87.1580823,53.7357083,house,0.0
4217094971,1.0,none,1.0,0.0,1.0,,,,,,,,,,,,671.0,623.0,,,,47.0,1.0,,470.0,,,,,,,,,,,,,201.0,,201.0,,,,670.0,670.0,,2821.0,-2735.0,86.0,,,83.0,,,,,-3.0,62.0,-21.0,,,,,,,,62.0,,,,,,,,,,,,,,,,,,,,,,,,,,,,,,,,,,,,,,,,,,,,,,,,,,,,,,,,,,,,,,,,,,,,,,,,,,,,,,,,,,,,,,,,,,,,,,,,,,,,,,,,,,,,,,,,,,,,,,,,,,,,,,,,,,,,,,,,1.0,1074217005818,2007-07-12,,18.0,46.10,G,80311895,12300,4210014,16,32731000001,kemerovo,4200,1.0,0.0,87.1431564,53.7507231,house,0.0
4217095020,1.0,none,1.0,0.0,0.0,0.0,,0.0,,,,0.0,0.0,0.0,,0.0,3876.0,0.0,,0.0,3790.0,0.0,86.0,0.0,525.0,250.0,,,0.0,,0.0,275.0,0.0,0.0,,,0.0,3351.0,0.0,3351.0,,,,3876.0,3876.0,3432.0,32370.0,-28938.0,-1035.0,,-4467.0,-832.0,,0.0,0.0,243.0,-40.0,-1166.0,-334.0,,,,,,,,-1166.0,0.0,,,,,3729.0,3729.0,,,1738.0,1738.0,-1991.0,-1991.0,,,,,,,,,,,,,,,,,,1738.0,525.0,-1213.0,-1213.0,,,,,,,,,,,,,,,,,,,,,,,,,,,,,,,-1051.0,33413.0,33413.0,,,,,,-34464.0,-1590.0,-28564.0,0.0,,-4310.0,,,,,,,,,,,,,,,,,0.0,350.0,350.0,,,,0.0,,-350.0,,,-350.0,,,-1051.0,1137.0,,86.0,,,,,,,,,,,,,,,,,,,,,,,,1.0,1074217005851,2007-07-16,,18.0,80.10.20,N,80311317,12300,4210014,16,32731000001,kemerovo,4200,1.0,0.0,87.1065107,53.7639896,house,0.0
4217095037,1.0,none,1.0,0.0,0.0,125.0,,0.0,,,,125.0,0.0,0.0,0.0,0.0,29318.0,13543.0,,0.0,9510.0,0.0,6265.0,0.0,29443.0,20820.0,0.0,,0.0,0.0,0.0,8623.0,0.0,0.0,0.0,0.0,0.0,0.0,0.0,0.0,0.0,0.0,0.0,29443.0,29443.0,9475.0,28341.0,-18866.0,9475.0,0.0,0.0,9473.0,0.0,0.0,0.0,937.0,-939.0,8623.0,0.0,0.0,0.0,,,,,-850.0,8623.0,,,,,,,,,,,,,,,,,,,,,,,,,,,,,,,,,,,,,,,,,,,,,,,,,,,,,,,,,,,,,,,,,,,,,,,,,,,,,,,,,,,,,,,,,,,,,,,,,,,,,,,,,,,,,,,,,,,,,,,,,,,,,,,,,,,,,,,,0.0,1074217005840,2007-07-16,,18.0,96.02,S,80311300,12300,4210014,16,32731000001,kemerovo,4200,1.0,0.0,87.1472058,53.7501211,house,0.0
4217095319,1.0,none,1.0,0.0,0.0,4103.0,,,,,,3723.0,,,380.0,0.0,281995.0,83768.0,,4.0,174922.0,,20390.0,2911.0,156964.0,10.0,,,,,,156954.0,79568.0,79568.0,,,,49566.0,862.0,45851.0,,1521.0,1332.0,286098.0,286098.0,99548.0,689981.0,-590433.0,39272.0,-60276.0,,30496.0,,2860.0,-24540.0,82927.0,-70023.0,21242.0,-9119.0,-9263.0,144.0,,,,,-135.0,21242.0,,,,,,,,,,,,,,,,,,,,,,,,,,,,,,,,,,,,,,,,,,,,,,,,,,,,,,,,,,,,,,,,,,,,,,,,,,,,,,,,,,,,,,,,,,,,,,,,,,,,,,,,,,,,,,,,,,,,,,,,,,,,,,,,,,,,,,,,0.0,1074217006159,2007-07-25,,18.0,46.70,G,80313026,12300,4210014,16,32731000001,kemerovo,4200,1.0,0.0,87.1078593,53.7644573,house,0.0
4217095502,1.0,none,1.0,0.0,1.0,,,,,,,,,,,,2516.0,8.0,,,,0.0,2508.0,,,,,,,1820.0,,,,,,,,696.0,,696.0,,,,2516.0,2516.0,,,,,,,,,,,,,,,,,,,,,,,,,,,,,,,,,,,,,,,,,,,,,,,,,,,,,,,,,,,,,,,,,,,,,,,,,,,,,,,,,,,,,,,,,,,,,,,,,,,,,,,,,,,,,,,,,,,,,,,,,,,,,,,,,,,,,,,3427.0,421.0,,,,,12.0,409.0,-10166.0,,,,,,,,,,,,,,-6318.0,1.0,1074200004097,2007-07-16,,18.0,68.32.10,L,80316603,20700,4210014,16,32731000001,kemerovo,4200,0.0,0.0,87.149256,53.7613811,house,0.0
4217095510,1.0,none,1.0,0.0,0.0,1831.0,,,,,,1831.0,,,,,6427.0,1.0,,,6402.0,,24.0,0.0,2119.0,250.0,,,,2300.0,,-431.0,1500.0,1500.0,,,,4639.0,,4639.0,,,,8258.0,8258.0,7908.0,45958.0,-38050.0,-83.0,,-7991.0,-138.0,,56.0,,47.0,-158.0,-593.0,-455.0,-455.0,,,,,,,-593.0,,,,,,2474.0,2474.0,0.0,0.0,2712.0,2712.0,-2062.0,-2062.0,0.0,,,,0.0,,0.0,,,,,,,0.0,,2300.0,0.0,2712.0,2119.0,-593.0,-593.0,0.0,,,,0.0,,0.0,,,,,,,0.0,,0.0,0.0,,,,,,,,,,,,,,-1736.0,45469.0,45372.0,,,,97.0,,-47205.0,-2874.0,-42518.0,,-6.0,-1807.0,,,,,,,,,,,,,,,,,1500.0,1500.0,1500.0,0.0,,,,,,,,,,,-236.0,260.0,,24.0,,,,,,,,,,,,,,,,,,,,,,,,1.0,1074217006379,2007-08-06,,18.0,80.10,N,80316832,12300,4210014,16,32731000001,kemerovo,4200,1.0,0.0,87.1605648,53.7506277,house,0.0
4217095630,1.0,none,1.0,0.0,1.0,0.0,,,,,,0.0,,0.0,,,6206.0,0.0,,,,6013.0,193.0,,5762.0,,,,,,,,0.0,0.0,,,0.0,443.0,0.0,443.0,,,0.0,6205.0,6205.0,,4077.0,-1467.0,2610.0,,,2729.0,,,,162.0,-43.0,2500.0,-229.0,,,,,,,,2500.0,,,,,,,,,,,,,,,,,,,,,,,,,,,,,,,,,,,,,,,,,,,,,,,,,,,,,,,,,,,,,,,,,,,,,,,,,,,,,,,,,,,,,,,,,,,,,,,,,,,,,,,,,,,,,,,,,,,,,,,,,,,,,,,,,,,,,,,,1.0,1074217006380,2007-08-07,,18.0,71.12.30,M,80314913,12300,4210014,16,32731000001,kemerovo,4200,0.0,0.0,,,,0.0
4217095816,1.0,none,1.0,0.0,0.0,37.0,,0.0,,,,37.0,0.0,0.0,,0.0,12996.0,8587.0,,0.0,2917.0,1475.0,0.0,17.0,12159.0,10.0,,,0.0,,0.0,12149.0,0.0,0.0,,,0.0,874.0,0.0,874.0,,,,13033.0,13033.0,7965.0,29058.0,-21093.0,300.0,-7665.0,,519.0,,378.0,0.0,13.0,-172.0,344.0,-175.0,-175.0,,,,,,,344.0,0.0,,,,,15012.0,15012.0,,,15715.0,15715.0,2503.0,2503.0,,,,,,,-1800.0,,,,,,,-1800.0,,,,15715.0,12159.0,344.0,344.0,,,,,,,-3900.0,,,,,,,-3900.0,,,,,,,,,,,,,,,,,,,,,,,,,,,,,,,,,,,,,,,,,,,,,,,,,,,,,,,,,,,,,,,,,,,,,,,,,,,,,,,,,,,,,,,,1.0,1074217006643,2007-08-13,,18.0,46.75,G,80316220,12300,4210014,16,32731000001,kemerovo,4200,1.0,0.0,87.1283439,53.7676745,house,0.0
4217095943,1.0,none,1.0,0.0,1.0,,,,,,,,,,,,74.0,,,,,8.0,66.0,,60.0,,,,,,,,,,,,,14.0,,14.0,,,,74.0,74.0,,184.0,-156.0,28.0,,,28.0,,,,,0.0,22.0,-6.0,,,,,,,,22.0,,,,,,,,,,,,,,,,,,,,,,,,,,,,,,,,,,,,,,,,,,,,,,,,,,,,,,,,,,,,,,,,,,,,,,,,,,,,,,,,,,,,,,,,,,,,,,,,,,,,,,,,,,,,,,,,,,,,,,,,,,,,,,,,,,,,,,,,1.0,1074217006786,2007-08-16,,18.0,96.01,S,80316415,12300,4210014,16,32731000001,kemerovo,4200,1.0,0.0,87.14653,53.7582436,city,0.0
4217096023,1.0,none,1.0,0.0,1.0,,,,,,,,,,,,0.0,,,,,0.0,0.0,,-3500.0,,,,,,,,3500.0,3500.0,,,,0.0,,0.0,,,,0.0,0.0,,0.0,0.0,,,,0.0,,,,,0.0,0.0,0.0,,,,,,,,0.0,,,,,,,,,,,,,,,,,,,,,,,,,,,,,,,,,,,,,,,,,,,,,,,,,,,,,,,,,,,,,,,,,,,,,,,,,,,,,,,,,,,,,,,,,,,,,,,,,,,,,,,,,,,,,,,,,,,,,,,,,,,,,,,,,,,,,,,,1.0,1074217006830,2007-08-17,,18.0,68.31.50,L,80316912,12300,4210014,16,32731000001,kemerovo,4200,1.0,0.0,87.1314276,53.7579085,house,0.0
4217096104,1.0,none,1.0,0.0,0.0,0.0,,0.0,,,,,,,,,10.0,0.0,,,0.0,,10.0,,10.0,10.0,,,,,,,,,,,,,,,,,,10.0,10.0,,,,,,,,,,,,,,,,,,,,,,,,,,,,,,,,,,,,,,,,,,,,,,,,,,,,,,,,,,,,,,,,,,,,,,,,,,,,,,,,,,,,,,,,,,,,,,,,,,,,,,,,,,,,,,,,,,,,,,,,,,,,,,,,,,,,,,,,,,,,,,,,,,,,,,,,,,,,,,0.0,1074217006930,2007-08-23,,18.0,46.49.40,G,80317722,12300,4210014,16,32731000001,kemerovo,4200,1.0,0.0,87.1543985,53.7395904,street,0.0
4217096175,1.0,none,1.0,0.0,1.0,0.0,,,,,,0.0,,,,,3775.0,451.0,,,,3005.0,319.0,,3242.0,,,,,,,,,,,,,534.0,,534.0,,,0.0,3775.0,3775.0,,12944.0,-12622.0,322.0,,,297.0,,,,,-25.0,160.0,-137.0,,,,,,,,160.0,,,,,,,,,,,,,,,,,,,,,,,,,,,,,,,,,,,,,,,,,,,,,,,,,,,,,,,,,,,,,,,,,,,,,,,,,,,,,,,,,,,,,,,,,,,,,,,,,,,,,,,,,,,,,,,,,,,,,,,,,,,,,,,,,,,,,,,,1.0,1074217007017,2007-08-24,,18.0,86.23,Q,80318012,12300,4210014,16,32731000001,kemerovo,4200,1.0,0.0,87.1598267,53.7534232,house,0.0
4217096231,1.0,none,1.0,0.0,1.0,,,,,,,,,,,,10.0,,,,,10.0,,,10.0,,,,,,,,,,,,,0.0,,0.0,,,,10.0,10.0,,,,,,,,,,,,,,,,,,,,,,,,,,,,,,,,,,,,,,,,,,,,,,,,,,,,,,,,,,,,,,,,,,,,,,,,,,,,,,,,,,,,,,,,,,,,,,,,,,,,,,,,,,,,,,,,,,,,,,,,,,,,,,,,,,,,,,,,,,,,,,,,,,,,,,,,,,,,,,1.0,1074217007138,2007-08-28,,18.0,45.30,G,80318681,12300,4210014,16,32519000716,kemerovo,4200,1.0,0.0,87.1970002,53.6234665,street,0.0
4217096418,1.0,none,1.0,0.0,0.0,1186045.0,,107.0,,,,844747.0,182361.0,570.0,158260.0,,333727.0,5383.0,,,56409.0,271445.0,489.0,1.0,898728.0,950000.0,,,,,,-51272.0,473556.0,0.0,144473.0,,329083.0,147488.0,0.0,75735.0,,6732.0,38011.0,1519772.0,1519772.0,147651.0,447550.0,-299899.0,69166.0,-3147.0,-75338.0,49768.0,,48900.0,-47604.0,7310.0,-28004.0,30489.0,-19279.0,-16958.0,-2321.0,,,,,,30489.0,,,,,,843717.0,843717.0,,,868239.0,868239.0,,24522.0,,,,,,,,,,,,,,,,,,868239.0,898728.0,,30489.0,,,,,,,,,,,,,,,,,,,,,,,,,,,,,,,129317.0,447630.0,43003.0,404480.0,,,147.0,0.0,-318313.0,-132471.0,-115444.0,,-14289.0,-140.0,-55969.0,-60594.0,423056.0,,,375035.0,48021.0,,,-483650.0,-9600.0,,-474050.0,,,,-69089.0,,,,,,,,-69089.0,,,,-69089.0,,-366.0,854.0,,488.0,,,,,,,,,,,,,,,,,,,,,,,,,1074217007193,2007-08-30,,18.0,68.20.20,L,80319477,12300,4210014,16,32731000001,kemerovo,4200,0.0,0.0,87.1351119,53.7459062,house,0.0
4217096591,1.0,none,1.0,0.0,0.0,,,,,,,,,,,,912.0,898.0,,,0.0,,14.0,,912.0,10.0,,,,,,902.0,,,,,,0.0,,,,,,912.0,912.0,4.0,417.0,-413.0,4.0,,,4.0,,,,,0.0,0.0,-4.0,0.0,,,,,,,0.0,,,,,,,,,,,,,,,,,,,,,,,,,,,,,,,,,,,,,,,,,,,,,,,,,,,,,,,,,,,,,,,,,,,,,,,,,,,,,,,,,,,,,,,,,,,,,,,,,,,,,,,,,,,,,,,,,,,,,,,,,,,,,,,,,,,,,,,,0.0,1074217007369,2007-09-06,,18.0,46.71,G,82725497,12300,4210014,16,32731000001,kemerovo,4200,1.0,0.0,87.1094569,53.7670515,house,0.0
4217096680,1.0,none,1.0,0.0,1.0,,,,,,,,,,,,224.0,59.0,,,,131.0,34.0,,10.0,,,,,,,,,,,,,214.0,,214.0,,,,224.0,224.0,,13823.0,-12745.0,1078.0,,,1428.0,,,,357.0,-7.0,1214.0,-214.0,,,,,,,,1214.0,,,,,,,,,,,,,,,,,,,,,,,,,,,,,,,,,,,,,,,,,,,,,,,,,,,,,,,,,,,,,,,,,,,,,,,,,,,,,,,,,,,,,,,,,,,,,,,,,,,,,,,,,,,,,,,,,,,,,,,,,,,,,,,,,,,,,,,,1.0,1074217007479,2007-09-11,,18.0,43.21,F,82726152,12300,4210014,16,32731000001,kemerovo,4200,1.0,0.0,87.1229756,53.7637926,house,0.0
4217096810,1.0,none,1.0,0.0,1.0,,,,,,,,,,,,100.0,40.0,,,,,60.0,,100.0,,,,,,,,,,,,,,,,,,,100.0,100.0,,,,,,,,,,,,,,,,,,,,,,,,,,,,,,,,,,,,,,,,,,,,,,,,,,,,,,,,,,,,,,,,,,,,,,,,,,,,,,,,,,,,,,,,,,,,,,,,,,,,,,,,,,,,,,,,,,,,,,,,,,,,,,,,,,,,,,,,,,,,,,,,,,,,,,,,,,,,,,1.0,1074217007567,2007-09-13,,18.0,71.10,M,82726643,12300,4210014,16,32731000001,kemerovo,4200,1.0,0.0,,,,0.0
4217096834,1.0,none,1.0,0.0,0.0,34907.0,,,,,,27662.0,,2270.0,4975.0,,455889.0,115566.0,,,303174.0,972.0,36177.0,0.0,361184.0,410.0,,,,,,360774.0,2970.0,,2970.0,,,126643.0,,119692.0,,6950.0,0.0,490797.0,490797.0,186218.0,1273242.0,-1087024.0,100758.0,-37912.0,-47548.0,106119.0,,4692.0,0.0,8459.0,-7790.0,79368.0,-26751.0,-27517.0,766.0,,,,,,79368.0,,,,,,283566.0,283566.0,,,335816.0,335816.0,96726.0,96726.0,,,,,,,-44476.0,,,,,,,-44476.0,,,,335816.0,361184.0,79367.0,79367.0,,,,,,,-54000.0,,,,,,,-54000.0,,,,,,,,,,,,,,,,,85147.0,1112810.0,1108680.0,,,,4130.0,,-1027663.0,-863094.0,-136513.0,0.0,-25975.0,-2081.0,,-14411.0,27662.0,,,27312.0,350.0,0.0,,-42073.0,-12973.0,,-29100.0,,,,-54000.0,0.0,0.0,,,,,,-54000.0,,-54000.0,0.0,0.0,,16736.0,19441.0,,36177.0,,,,,,,,,,,,,,,,,,,,,,,,1.0,1074217007545,2007-09-13,,18.0,25.11,C,82726583,12300,4210014,16,50701000001,novosibirsk,5400,1.0,0.0,82.9226887,55.0288307,city,0.0
4217097115,1.0,none,1.0,0.0,1.0,6816.0,,,,,,6816.0,,,,,234529.0,,,,,172759.0,61770.0,,178671.0,,,,,,,,,,,,,62674.0,,62674.0,,,,241345.0,241345.0,,162777.0,-158093.0,4684.0,,,3203.0,,,,2171.0,-3652.0,53.0,-3150.0,,,,,,,,53.0,,,,,,,,,,,,,,,,,,,,,,,,,,,,,,,,,,,,,,,,,,,,,,,,,,,,,,,,,,,,,,,,,,,,,,,,,,,,,,,,,,,,,,,,,,,,,,,,,,,,,,,,,,,,,,,,,,,,,,,,,,,,,,,,,,,,,,,,1.0,1074217007919,2007-09-26,,18.0,68.32.10,L,82729009,12300,4210014,16,32731000001,kemerovo,4200,1.0,0.0,87.118731,53.7502943,house,0.0
4217097147,1.0,none,1.0,0.0,1.0,,,,,,,,,,,,10.0,,,,,,10.0,,10.0,,,,,,,,,,,,,,,,,,,10.0,10.0,,,,,,,,,,,,,,,,,,,,,,,,,,,,,,,,,,,,,,,,,,,,,,,,,,,,,,,,,,,,,,,,,,,,,,,,,,,,,,,,,,,,,,,,,,,,,,,,,,,,,,,,,,,,,,,,,,,,,,,,,,,,,,,,,,,,,,,,,,,,,,,,,,,,,,,,,,,,,,1.0,1074217007920,2007-09-27,,18.0,41.20,F,82729618,12300,4210014,16,32731000001,kemerovo,4200,1.0,0.0,87.102719,53.7656534,house,0.0
4217097154,1.0,none,1.0,0.0,1.0,0.0,,,,,,0.0,,,,,808.0,,,,,664.0,144.0,,805.0,,,,,,,,,,,,,5.0,,5.0,,,,809.0,809.0,,536.0,-627.0,-91.0,,,-109.0,,,,,-18.0,-122.0,-13.0,,,,,,,,-122.0,,,,,,,,,,,,,,,,,,,,,,,,,,,,,,,,,,,,,,,,,,,,,,,,,,,,,,,,,,,,,,,,,,,,,,,,,,,,,,,,,,,,,,,,,,,,,,,,,,,,,,,,,,,,,,,,,,,,,,,,,,,,,,,,,,,,,,,,1.0,1074217007941,2007-09-28,,18.0,73.11,M,82729825,12300,4210014,16,32731000001,kemerovo,4200,1.0,0.0,87.1574039,53.75878,house,0.0
4217097274,1.0,none,1.0,0.0,1.0,3500.0,,,,,,,,3500.0,,,2149.0,,,,,2145.0,4.0,,2619.0,,,,,,,,,,,,,3030.0,2253.0,777.0,,,,5649.0,5649.0,,19445.0,-29.0,19416.0,,,19397.0,,,,,-19.0,18219.0,-1178.0,,,,,,,,18219.0,,,,,,,,,,,,,,,,,,,,,,,,,,,,,,,,,,,,,,,,,,,,,,,,,,,,,,,,,,,,,,,,,,,,,,,,,,,,,,,,,,,,,,,,,,,,,,,,,,,,,,,,,,,,,,,,,,,,,,,,,,,,,,,,,,,,,,,,1.0,1074217008084,2007-10-03,,18.0,68.20,L,82730969,12300,4210014,16,32731000001,kemerovo,4200,1.0,0.0,87.130782,53.749735,house,0.0
4217097394,1.0,none,1.0,0.0,0.0,79993.0,,,,,,79993.0,,,,,44969.0,2392.0,,57.0,5421.0,14256.0,110.0,22733.0,-125869.0,6000.0,,,,,,-131869.0,,,,,,250831.0,243276.0,7555.0,,,,124962.0,124962.0,607.0,856.0,-249.0,-16750.0,,-17357.0,44.0,,1927.0,-15132.0,30086.0,-87.0,44.0,,,,,,,,,44.0,,,,,,,,,,,,,,,,,,,,,,,,,,,,,,,,,,,,,,,,,,,,,,,,,,,,,,,,,,,,,,,,,,,,,,,,,,,,,,,,,,,,,,,,,,,,,,,,,,,,,,,,,,,,,,,,,,,,,,,,,,,,,,,,,,,,,,,,0.0,1074217008150,2007-10-03,,18.0,20.59,C,82731325,12300,4210014,16,01705000001,altai terr.,2200,1.0,0.0,85.1238012,52.5431492,street,0.0
4217097411,1.0,none,1.0,0.0,1.0,19727.0,,,,,,19727.0,,0.0,,,4863.0,1940.0,,,,2738.0,185.0,,9410.0,,,,,,,,13500.0,13500.0,,,0.0,1680.0,0.0,1680.0,,,0.0,24590.0,24590.0,,41256.0,-40281.0,975.0,,,993.0,,,0.0,89.0,-71.0,560.0,-433.0,,,,,,,,560.0,,,,,,,,,,,,,,,,,,,,,,,,,,,,,,,,,,,,,,,,,,,,,,,,,,,,,,,,,,,,,,,,,,,,,,,,,,,,,,,,,,,,,,,,,,,,,,,,,,,,,,,,,,,,,,,,,,,,,,,,,,,,,,,,,,,,,,,,1.0,1074217008205,2007-10-08,,18.0,75,M,82731377,12300,4210014,16,32731000001,kemerovo,4200,1.0,0.0,87.1336435,53.7862656,house,0.0
4217097490,1.0,none,1.0,0.0,0.0,,,,,,,,,,,,10.0,,,,7.0,,3.0,,10.0,10.0,,,,,,,,,,,,0.0,,0.0,,,,10.0,10.0,21.0,717.0,-696.0,21.0,,,21.0,,,,,,21.0,,,,,,,,0.0,21.0,,,,,,,,,,,,,,,,,,,,,,,,,,,,,,,,,,,,,,,,,,,,,,,,,,,,,,,,,,,,,,,,,,,,,,,,,,,,,,,,,,,,,,,,,,,,,,,,,,,,,,,,,,,,,,,,,,,,,,,,,,,,,,,,,,,,,,,,0.0,1074217008250,2007-10-09,,18.0,73.11,M,82731584,12300,4210014,16,32731000001,kemerovo,4200,1.0,0.0,87.1190496,53.7612186,house,0.0
4217097549,1.0,none,1.0,0.0,0.0,606303.0,,35303.0,,,,416536.0,,344.0,153507.0,614.0,1883533.0,829996.0,,4536.0,1044767.0,240.0,2132.0,1863.0,31934.0,1035.0,,,,110035.0,,-79136.0,865482.0,608700.0,24765.0,,232017.0,1592421.0,1142364.0,433010.0,,17047.0,0.0,2489837.0,2489837.0,321138.0,2115510.0,-1794372.0,87500.0,-39176.0,-194462.0,-486170.0,,9899.0,-340374.0,391441.0,-634636.0,-368525.0,117645.0,-227.0,117418.0,,,,,0.0,-368525.0,,,,,,325565.0,325565.0,0.0,0.0,400459.0,400459.0,16424.0,16424.0,0.0,,,,0.0,,-51529.0,,,,,,,-51529.0,,110000.0,0.0,400459.0,31934.0,-368525.0,-368525.0,0.0,,,,0.0,,0.0,,,,,,,0.0,,0.0,0.0,,,,,,,,,,,,,,-388846.0,1857421.0,1841862.0,1487.0,,,14072.0,,-2246267.0,-1458385.0,-587113.0,-145454.0,0.0,-55315.0,,-333013.0,131386.0,4600.0,,122650.0,4136.0,,,-464399.0,-399624.0,,-55630.0,-7991.0,-1154.0,,721739.0,2690662.0,2690662.0,0.0,,,,,-1968923.0,,0.0,-1837432.0,-131491.0,,-120.0,2247.0,5.0,2132.0,,,,,,,,,,,,,,,,,,,,,,,,1.0,1074217008403,2007-10-12,,18.0,28.92,C,82732595,12300,4210014,16,32701000001,kemerovo,4200,1.0,0.0,86.0689357,55.3891944,house,0.0
4217097588,1.0,none,1.0,0.0,0.0,930759.0,,,,,,895758.0,,0.0,35001.0,0.0,456091.0,13504.0,,6.0,430438.0,0.0,11735.0,408.0,1110123.0,11.0,0.0,,,,,1110112.0,104769.0,0.0,71049.0,,33720.0,171958.0,58885.0,101110.0,,11963.0,,1386850.0,1386850.0,459743.0,875165.0,-415422.0,360607.0,0.0,-99136.0,367491.0,,20338.0,-17698.0,22719.0,-18475.0,264948.0,-102543.0,-89814.0,-12729.0,,,,,0.0,264948.0,,,,,,644037.0,644037.0,0.0,0.0,845175.0,845175.0,201138.0,201138.0,0.0,,,,0.0,,0.0,,,,,,,0.0,,0.0,0.0,845175.0,1110123.0,264948.0,264948.0,0.0,,,,0.0,,0.0,,,,,,,0.0,,0.0,0.0,,,,,,,,,,,,,,-23781.0,884203.0,841532.0,0.0,0.0,,42671.0,,-907984.0,-510745.0,-228522.0,-22481.0,-104338.0,-41898.0,,26903.0,31444.0,875.0,0.0,10000.0,20569.0,0.0,,-4541.0,-4541.0,0.0,0.0,0.0,0.0,,-104539.0,0.0,0.0,0.0,0.0,0.0,0.0,,-104539.0,0.0,0.0,-27445.0,-77094.0,,-101417.0,113152.0,0.0,11735.0,,,,,,,,,,,,,,,,,,,,,,,,1.0,1074217008360,2007-10-11,,18.0,38.21,E,82732543,12300,4210014,16,32731000001,kemerovo,4200,1.0,0.0,87.1541947,53.762866,house,0.0
4217097605,1.0,none,1.0,0.0,1.0,166.0,,,,,,166.0,,,,,11.0,,,,,0.0,11.0,,-1826.0,,,,,,,,,,,,,2003.0,191.0,1812.0,,,,177.0,177.0,,,-21.0,-21.0,,,-20.0,,,,1.0,0.0,-20.0,0.0,,,,,,,,-20.0,,,,,,,,,,,,,,,,,,,,,,,,,,,,,,,,,,,,,,,,,,,,,,,,,,,,,,,,,,,,,,,,,,,,,,,,,,,,,,,,,,,,,,,,,,,,,,,,,,,,,,,,,,,,,,,,,,,,,,,,,,,,,,,,,,,,,,,,1.0,1074217008337,2007-10-10,,18.0,47.29,G,82732520,12300,4210014,16,32731000001,kemerovo,4200,1.0,0.0,88.1180286,56.2146828,house,0.0
4217097669,1.0,none,1.0,0.0,1.0,2067.0,,,,,,2067.0,,,,,10626.0,3162.0,,,,733.0,6731.0,,9115.0,,,,,,,,0.0,0.0,,,,3578.0,,3522.0,,,56.0,12693.0,12693.0,,2034.0,-1745.0,289.0,,,180.0,,,,,-109.0,153.0,-27.0,,,,,,,,153.0,,,,,,,,,,,,,,,,,,,,,,,,,,,,,,,,,,,,,,,,,,,,,,,,,,,,,,,,,,,,,,,,,,,,,,,,,,,,,,,,,,,,,,,,,,,,,,,,,,,,,,,,,,,,,,,,,,,,,,,,,,,,,,,,,,,,,,,,1.0,1074217008348,2007-10-10,,18.0,45.11.20,G,82732879,12300,4210014,16,32731000001,kemerovo,4200,1.0,0.0,87.2676788,53.7768239,house,0.0
4217097740,1.0,none,1.0,0.0,0.0,0.0,,,,,,,,,,,1152.0,0.0,,,392.0,,760.0,,155.0,10.0,0.0,,,,,145.0,0.0,,,,,997.0,,997.0,,,,1152.0,1152.0,340.0,7436.0,-7096.0,340.0,0.0,0.0,145.0,,,0.0,,-195.0,145.0,,0.0,,,,,,,145.0,,,,,,,,,,,,,,,,,,,,,,,,,,,,,,,,,,,,,,,,,,,,,,,,,,,,,,,,,,,,,,,,,,,,,,,,,,,,,,,,,,,,,,,,,,,,,,,,,,,,,,,,,,,,,,,,,,,,,,,,,,,,,,,,,,,,,,,,0.0,1074217008491,2007-10-15,,18.0,33.13,C,82735808,12300,4210014,16,32731000001,kemerovo,4200,1.0,0.0,87.1227419,53.8998898,house,0.0
4217097806,1.0,none,1.0,0.0,1.0,,,,,,,,,,,,9540.0,,,,,4813.0,4727.0,,,,,,,4414.0,,,,,,,,5126.0,,80.0,,,5046.0,9540.0,9540.0,,13825.0,-12898.0,927.0,,,907.0,,,,25.0,-45.0,777.0,-130.0,,,,,,,,777.0,,,,,,,,,,,,,,,,,,,,,,,,,,,,,,,,,,,,,,,,,,,,,,,,,,,,,,,,,,,,,,,,,,,,,,,,,,,,,,,,,,,,,,,,,,,,,,,,,,,,,,,,,,,,,,,,,,,,,,,,,,,,,,,,,,,,,,,,1.0,1074200005780,2007-10-09,,18.0,68.32.10,L,82736558,20716,4210014,16,32731000001,kemerovo,4200,0.0,0.0,87.1418762,53.7603681,house,0.0
4217097901,1.0,none,1.0,0.0,1.0,0.0,,,,,,,,0.0,,,1208.0,,,,,1190.0,18.0,,326.0,,,,,,,,,,,,,881.0,,881.0,,,,1208.0,1208.0,,16222.0,-25.0,16197.0,,,16179.0,,,,,-18.0,15117.0,-1062.0,,,,,,,,15117.0,,,,,,,,,,,,,,,,,,,,,,,,,,,,,,,,,,,,,,,,,,,,,,,,,,,,,,,,,,,,,,,,,,,,,,,,,,,,,,,,,,,,,,,,,,,,,,,,,,,,,,,,,,,,,,,,,,,,,,,,,,,,,,,,,,,,,,,,1.0,1074217008590,2007-10-18,,18.0,68.20,L,82734128,12300,4210014,16,32731000001,kemerovo,4200,1.0,0.0,87.130782,53.749735,house,0.0
4217097919,1.0,none,1.0,0.0,1.0,4463.0,,,,,,4163.0,,300.0,,,865.0,,,,,862.0,3.0,,1176.0,,,,,,,,,,,,,4151.0,,4151.0,,,,5327.0,5327.0,,24651.0,-654.0,23997.0,,,25481.0,,,,1505.0,-21.0,23793.0,-1688.0,,,,,,,,23793.0,,,,,,,,,,,,,,,,,,,,,,,,,,,,,,,,,,,,,,,,,,,,,,,,,,,,,,,,,,,,,,,,,,,,,,,,,,,,,,,,,,,,,,,,,,,,,,,,,,,,,,,,,,,,,,,,,,,,,,,,,,,,,,,,,,,,,,,,1.0,1074217008580,2007-10-18,,18.0,68.20,L,82734111,12300,4210014,16,32731000001,kemerovo,4200,1.0,0.0,87.130782,53.749735,house,0.0
4217098119,1.0,none,1.0,0.0,1.0,27625.0,,,,,,27625.0,,0.0,,,772.0,0.0,,,,604.0,168.0,,25600.0,,,,,,,,2352.0,2352.0,,,0.0,445.0,31.0,414.0,,,0.0,28397.0,28397.0,,10318.0,-5008.0,5310.0,,,4884.0,,,-426.0,0.0,0.0,4884.0,0.0,,,,,,,,4884.0,,,,,,,,,,,,,,,,,,,,,,,,,,,,,,,,,,,,,,,,,,,,,,,,,,,,,,,,,,,,,,,,,,,,,,,,,,,,,,,,,,,,,,,,,,,,,,,,,,,,,,,,,,,,,,,,,,,,,,,,,,,,,,,,,,,,,,,,1.0,1074217008843,2007-10-24,,18.0,68.20,L,82734743,12300,4210014,16,32731000001,kemerovo,4200,1.0,0.0,87.120327,53.7613229,house,0.0
4217098380,1.0,none,1.0,0.0,1.0,7433.0,,,,,,7394.0,,39.0,,,28401.0,10.0,,,,10612.0,17779.0,,27622.0,,,,,,,,,,,,,8212.0,,8212.0,,,,35834.0,35834.0,,111643.0,-98421.0,13222.0,,,13844.0,,,,1647.0,-1025.0,10389.0,-3455.0,,,,,,,,10389.0,,,,,,,,,,,,,,,,,,,,,,,,,,,,,,,,,,,,,,,,,,,,,,,,,,,,,,,,,,,,,,,,,,,,,,,,,,,,,,,,,,,,,,,,,,,,,,,,,,,,,,,,,,,,,,,,,,,,,,,,,,,,,,,,,,,,,,,,1.0,1074217009129,2007-11-01,,18.0,69.10,M,82736311,12300,4210014,16,32731000001,kemerovo,4200,1.0,0.0,87.1269366,53.7679902,house,0.0
4217098408,1.0,none,1.0,0.0,1.0,,,,,,,,,,,,902.0,513.0,,,,66.0,323.0,,850.0,,,,,,,,,,,,,52.0,,52.0,,,,902.0,902.0,,4045.0,-3843.0,202.0,,,121.0,,,,,-81.0,17.0,-104.0,,,,,,,,17.0,,,,,,,,,,,,,,,,,,,,,,,,,,,,,,,,,,,,,,,,,,,,,,,,,,,,,,,,,,,,,,,,,,,,,,,,,,,,,,,,,,,,,,,,,,,,,,,,,,,,,,,,,,,,,,,,,,,,,,,,,,,,,,,,,,,,,,,,1.0,1074217009162,2007-11-02,,18.0,45.32,G,82736653,12300,4210014,16,32731000001,kemerovo,4200,1.0,0.0,87.1356795,53.7548235,house,0.0
4217098415,1.0,none,1.0,0.0,1.0,10.0,,,,,,10.0,,,,,53.0,,,,,,53.0,,10.0,,,,,,,,,,,,,53.0,53.0,,,,,63.0,63.0,,,,,,,,,,,,,,,,,,,,,,,,,,,,,,,,,,,,,,,,,,,,,,,,,,,,,,,,,,,,,,,,,,,,,,,,,,,,,,,,,,,,,,,,,,,,,,,,,,,,,,,,,,,,,,,,,,,,,,,,,,,,,,,,,,,,,,,,,,,,,,,,,,,,,,,,,,,,,,1.0,1074217009151,2007-11-02,,18.0,46.15.10,G,82736647,12300,4210014,16,32731000001,kemerovo,4200,1.0,0.0,87.1585044,53.7533934,house,0.0
4217098447,1.0,none,1.0,0.0,1.0,,,,,,,,,,,,3927.0,,,,,1322.0,2605.0,,,,,,,1093.0,,,0.0,0.0,,,,2834.0,,2834.0,,,,3927.0,3927.0,,,,,,,,,,,,,,,,,,,,,,,,,,,,,,,,,,,,,,,,,,,,,,,,,,,,,,,,,,,,,,,,,,,,,,,,,,,,,,,,,,,,,,,,,,,,,,,,,,,,,,,,,,,,,,,,,,,,,,,,,,,,,,,,,,,,,,,6996.0,0.0,,,,,,0.0,0.0,,,,,,,,,,,,,,6996.0,1.0,1074200006121,2007-10-31,,18.0,68.32.10,L,82744345,20700,4210014,16,32731000001,kemerovo,4200,0.0,0.0,87.1259138,53.7674219,street,0.0
4217098454,1.0,none,1.0,0.0,1.0,,,,,,,,,,,,6623.0,2080.0,,,,825.0,3718.0,,5487.0,,,,,,,,,,,,,1136.0,,1136.0,,,,6623.0,6623.0,,12819.0,-13962.0,-1143.0,,,-3159.0,,,,,-2016.0,-3159.0,0.0,,,,,,,,-3159.0,,,,,,,,,,,,,,,,,,,,,,,,,,,,,,,,,,,,,,,,,,,,,,,,,,,,,,,,,,,,,,,,,,,,,,,,,,,,,,,,,,,,,,,,,,,,,,,,,,,,,,,,,,,,,,,,,,,,,,,,,,,,,,,,,,,,,,,,1.0,1074217009195,2007-11-06,,18.0,47.77.20,G,82740324,12300,4210014,16,32731000001,kemerovo,4200,1.0,0.0,87.141807,53.7581686,house,0.0
4217098461,1.0,none,1.0,0.0,0.0,0.0,,,,,,0.0,,,,,17085.0,2225.0,,,4.0,,14791.0,65.0,16580.0,250.0,0.0,,,,,16330.0,0.0,,,,0.0,505.0,0.0,505.0,,,,17085.0,17085.0,14532.0,16689.0,-2157.0,799.0,-13733.0,0.0,0.0,,,0.0,0.0,-799.0,0.0,,0.0,,,,,,,0.0,,,,,,,,,,,,,,,,,,,,,,,,,,,,,,,,,,,,,,,,,,,,,,,,,,,,,,,,,,,,,,,,,,,,,,,,,,,,,,,,,,,,,,,,,,,,,,,,,,,,,,,,,,,,,,,,,,,,,,,,,,,,,,,,,,,,,,,,0.0,1074217009184,2007-11-06,,18.0,55.10,I,82741482,12300,4210014,16,32731000001,kemerovo,4200,1.0,0.0,87.1247685,53.7959331,house,0.0
4217098479,1.0,none,1.0,0.0,1.0,0.0,,,,,,0.0,,,,,40.0,,,,,23.0,17.0,,-120459.0,,,,,,,,120075.0,120075.0,,,,424.0,,424.0,,,,40.0,40.0,,,-84.0,-84.0,,,-106.0,,,-2.0,0.0,-20.0,-106.0,,,,,,,,,-106.0,,,,,,,,,,,,,,,,,,,,,,,,,,,,,,,,,,,,,,,,,,,,,,,,,,,,,,,,,,,,,,,,,,,,,,,,,,,,,,,,,,,,,,,,,,,,,,,,,,,,,,,,,,,,,,,,,,,,,,,,,,,,,,,,,,,,,,,,1.0,1074217009173,2007-11-06,,18.0,45.11.20,G,82741476,12300,4210014,16,32731000001,kemerovo,4200,1.0,0.0,87.1082666,53.763039,house,0.0
4217098542,1.0,none,1.0,0.0,1.0,218.0,,,,,,105.0,,113.0,,,5045.0,2449.0,,,,2152.0,444.0,,-5092.0,,,,,,,,369.0,369.0,,,,9986.0,1427.0,8559.0,,,,5263.0,5263.0,,103797.0,-103496.0,301.0,,,-1733.0,,,,,-2034.0,-1733.0,0.0,,,,,,,,-1733.0,,,,,,,,,,,,,,,,,,,,,,,,,,,,,,,,,,,,,,,,,,,,,,,,,,,,,,,,,,,,,,,,,,,,,,,,,,,,,,,,,,,,,,,,,,,,,,,,,,,,,,,,,,,,,0.0,0.0,,0.0,0.0,,,,,,,,,,,,,,,,,,,,,,0.0,1.0,1074217009250,2007-11-08,,18.0,56.10,I,82737440,12300,4210014,16,32731000001,kemerovo,4200,1.0,0.0,87.1301967,53.7560451,house,0.0
4217098609,1.0,none,1.0,0.0,1.0,14486.0,,,,,,14486.0,,,,,23694.0,9841.0,,,,13388.0,465.0,,32408.0,,,,,,,,,,,,,5772.0,,5772.0,,,,38180.0,38180.0,,85623.0,-81870.0,3753.0,,,2468.0,,,,,-1285.0,2468.0,0.0,,,,,,,,2468.0,,,,,,,,,,,,,,,,,,,,,,,,,,,,,,,,,,,,,,,,,,,,,,,,,,,,,,,,,,,,,,,,,,,,,,,,,,,,,,,,,,,,,,,,,,,,,,,,,,,,,,,,,,,,,,,,,,,,,,,,,,,,,,,,,,,,,,,,1.0,1074217009294,2007-11-09,,18.0,56.30,I,82737533,12300,4210014,16,32731000001,kemerovo,4200,1.0,0.0,87.1251914,53.7485594,house,0.0
4217098817,1.0,none,1.0,0.0,1.0,,,,,,,,,,,,14973.0,10.0,,,,14604.0,359.0,,4938.0,,,,,,,,,,,,,10035.0,2000.0,8035.0,,,,14973.0,14973.0,,0.0,0.0,,,,0.0,,,,,0.0,0.0,0.0,,,,,,,,0.0,,,,,,,,,,,,,,,,,,,,,,,,,,,,,,,,,,,,,,,,,,,,,,,,,,,,,,,,,,,,,,,,,,,,,,,,,,,,,,,,,,,,,,,,,,,,,,,,,,,,,,,,,,,,,,,,,,,,,,,,,,,,,,,,,,,,,,,,1.0,1074217009580,2007-11-16,,18.0,43.91,F,82738770,12300,4210014,16,52701000001,omsk,5500,1.0,0.0,73.3779813,54.9892956,house,0.0
4217098895,1.0,none,1.0,0.0,0.0,0.0,,,,,,0.0,,0.0,,,10991.0,,,,12.0,9100.0,1879.0,,10738.0,10.0,,,,,,10728.0,0.0,0.0,,,,253.0,0.0,253.0,,,,10991.0,10991.0,10088.0,15184.0,-5096.0,10088.0,0.0,0.0,9984.0,,0.0,0.0,,-104.0,9528.0,-456.0,-456.0,,,,,,,9528.0,,,,,,,,,,,,,,,,,,,,,,,,,,,,,,,,,,,,,,,,,,,,,,,,,,,,,,,,,,,,,,,,,,,,,,,,,,,,,,,,,,,,,,,,,,,,,,,,,,,,,,,,,,,,,,,,,,,,,,,,,,,,,,,,,,,,,,,,0.0,1074217009591,2007-11-16,,18.0,46.14.90,G,82742180,12300,4210014,16,46744000001,moscow reg.,5000,1.0,0.0,37.3529574,55.815208,house,0.0
4217098951,1.0,none,1.0,0.0,1.0,0.0,,,,,,,,0.0,,,1878.0,427.0,,,,29.0,1422.0,,1836.0,,,,,,,,,,,,,42.0,0.0,42.0,,,,1878.0,1878.0,,18267.0,-18249.0,18.0,,,0.0,,,,,-18.0,-23.0,-23.0,,,,,,,,-23.0,,,,,,,,,,,,,,,,,,,,,,,,,,,,,,,,,,,,,,,,,,,,,,,,,,,,,,,,,,,,,,,,,,,,,,,,,,,,,,,,,,,,,,,,,,,,,,,,,,,,,,,,,,,,,,,,,,,,,,,,,,,,,,,,,,,,,,,,1.0,1074217009668,2007-11-20,,18.0,46.90,G,82739516,12300,4210014,16,32731000001,kemerovo,4200,0.0,0.0,87.0977796,53.7701697,house,0.0
4217098976,1.0,none,1.0,0.0,1.0,,,,,,,,,,,,26720.0,,,,,26674.0,46.0,,-1443.0,,,,,,,,1199.0,1199.0,,,,26964.0,,330.0,,,26634.0,26720.0,26720.0,,,-63.0,-63.0,,,-72.0,,,,,-9.0,-72.0,,,,,,,,,-72.0,,,,,,,,,,,,,,,,,,,,,,,,,,,,,,,,,,,,,,,,,,,,,,,,,,,,,,,,,,,,,,,,,,,,,,,,,,,,,,,,,,,,,,,,,,,,,,,,,,,,,,,,,,,,,,,,,,,,,,,,,,,,,,,,,,,,,,,,1.0,1074217009679,2007-11-21,,18.0,46.90,G,82739730,12300,4210014,16,32731000001,kemerovo,4200,1.0,0.0,87.1232804,53.7724918,house,0.0
4217099218,1.0,none,1.0,0.0,1.0,0.0,,,,,,,,0.0,,,7400.0,3434.0,,,,3937.0,29.0,,7400.0,,,,,,,,,,,,,0.0,,0.0,,,,7400.0,7400.0,,,,,,,,,,,,,,,,,,,,,,,,,,,,,,,,,,,,,,,,,,,,,,,,,,,,,,,,,,,,,,,,,,,,,,,,,,,,,,,,,,,,,,,,,,,,,,,,,,,,,,,,,,,,,,,,,,,,,,,,,,,,,,,,,,,,,,,,,,,,,,,,,,,,,,,,,,,,,,1.0,1074217009965,2007-11-30,,18.0,73.11,M,82741559,12300,4210014,16,50701000001,novosibirsk,5400,1.0,0.0,82.87329,55.0460203,house,0.0
4217099472,1.0,none,1.0,0.0,1.0,,,,,,,,,,,,247.0,0.0,,,,247.0,0.0,,247.0,,,,,,,,0.0,0.0,,,,0.0,0.0,0.0,,,,247.0,247.0,,0.0,0.0,,,,0.0,,,0.0,,0.0,0.0,0.0,,,,,,,,0.0,,,,,,,,,,,,,,,,,,,,,,,,,,,,,,,,,,,,,,,,,,,,,,,,,,,,,,,,,,,,,,,,,,,,,,,,,,,,,,,,,,,,,,,,,,,,,,,,,,,,,,,,,,,,,,,,,,,,,,,,,,,,,,,,,,,,,,,,1.0,1074217010174,2007-12-06,,18.0,55.10,I,82742234,12300,4210014,16,32519000651,kemerovo,4200,1.0,0.0,86.9908087,53.3228565,city,0.0
4217099666,1.0,none,1.0,0.0,0.0,72919.0,,104.0,,,,72816.0,0.0,0.0,,0.0,520330.0,148234.0,,0.0,351094.0,965.0,20037.0,0.0,391940.0,1000.0,,,0.0,,0.0,390940.0,0.0,0.0,,,0.0,201310.0,0.0,201301.0,9.0,,0.0,593250.0,593250.0,98452.0,517602.0,-419150.0,21245.0,-32605.0,-44602.0,11450.0,,487.0,-556.0,8.0,-9734.0,7464.0,-3986.0,-3986.0,,,,,,,7464.0,0.0,,,,,559676.0,559676.0,,,395332.0,395332.0,15657.0,15657.0,,,,,,,-180000.0,,,,,,,-180000.0,,,,395332.0,391940.0,7464.0,7464.0,,,,,,,,,,,,,,,,,-10856.0,,,,,,,,,,,,,,41617.0,498536.0,498475.0,,,,61.0,,-456919.0,-401163.0,-11771.0,-614.0,-15210.0,-28161.0,,487.0,487.0,,,,487.0,,,,,,,,,,-27110.0,,,,,,,,-27110.0,,0.0,-27110.0,,,14994.0,5043.0,0.0,20037.0,,,,,,,,,,,,,,,,,,,,,,,,1.0,1074217010394,2007-12-13,,18.0,28.29,C,82744397,12300,4210014,16,32519000751,kemerovo,4200,1.0,0.0,87.129932,53.6996253,street,0.0
4217100015,1.0,none,1.0,0.0,0.0,26609.0,,20.0,,,,16672.0,2941.0,,6261.0,715.0,338701.0,61636.0,,177.0,241875.0,15400.0,19608.0,0.0,134082.0,583.0,,,,,,133499.0,4982.0,2394.0,2588.0,,,226246.0,30560.0,175132.0,,14349.0,6205.0,365310.0,365310.0,225604.0,742900.0,-517296.0,142222.0,,-83382.0,108769.0,,4570.0,-6403.0,64090.0,-95710.0,80809.0,-27094.0,-28182.0,1125.0,-866.0,,,,,80809.0,,,,,,18061.0,18061.0,,,93472.0,93472.0,,84081.0,,,,,,,,,,,,,,-8670.0,,,,93472.0,134082.0,,81809.0,,,,,,,,,,,,,,-41200.0,,,,,,,,,,,,,,,,,97810.0,718444.0,716606.0,1253.0,,,585.0,,-620634.0,-174831.0,-384557.0,,-39091.0,-22155.0,,558.0,3700.0,,,3700.0,,,,-3142.0,,,,,-3142.0,,-88856.0,380422.0,375398.0,,,,5024.0,,-469278.0,,-35164.0,-412015.0,-22099.0,,9512.0,10097.0,,19609.0,,,,,,,,,,,,,,,,,,,,,,,,,1074217010780,2007-12-25,,18.0,33.11,C,82746930,12300,4210014,16,32731000001,kemerovo,4200,0.0,0.0,87.1067462,53.7650635,house,0.0
4217100030,1.0,none,1.0,0.0,0.0,,,,,,,,,,,,4211.0,,,,392.0,0.0,3782.0,37.0,2905.0,10.0,,,,300.0,,2595.0,,,,,,1306.0,,1306.0,,,,4211.0,4211.0,3669.0,23222.0,-19553.0,3602.0,,-67.0,3321.0,,314.0,,,-595.0,2579.0,-742.0,-742.0,,,,,,,2579.0,,,,,,,,,,,,,,,,,,,,,,,,,,,,,,,,,,,,,,,,,,,,,,,,,,,,,,,,,,,,,,,,,,,,,,,,,,,,,,,,,,,,,,,,,,,,,,,,,,,,,,,,,,,,,,,,,,,,,,,,,,,,,,,,,,,,,,,,0.0,1074217010757,2007-12-25,,18.0,69.20,M,82746901,12300,4210014,16,32731000001,kemerovo,4200,1.0,0.0,87.0917836,53.7676286,house,0.0
4217100216,1.0,none,1.0,0.0,1.0,2458.0,,,,,,599.0,,1859.0,,,130405.0,87575.0,,,,42815.0,15.0,,35915.0,,,,,,,,,,,,,96948.0,0.0,96948.0,,,,132863.0,132863.0,,492096.0,-496469.0,-4373.0,,,-4570.0,,,-1126.0,6024.0,-5095.0,-4570.0,0.0,,,,,,,,-4570.0,,,,,,,,,,,,,,,,,,,,,,,,,,,,,,,,,,,,,,,,,,,,,,,,,,,,,,,,,,,,,,,,,,,,,,,,,,,,,,,,,,,,,,,,,,,,,,,,,,,,,,,,,,,,,,,,,,,,,,,,,,,,,,,,,,,,,,,,1.0,1074217010955,2007-12-28,,18.0,07.29.41,B,82747823,12300,4210014,16,32519000751,kemerovo,4200,1.0,0.0,87.129932,53.6996253,street,0.0
4217100456,1.0,none,1.0,0.0,0.0,149.0,,0.0,,,,149.0,0.0,0.0,0.0,0.0,29550.0,23164.0,,0.0,4345.0,76.0,0.0,1965.0,5053.0,10.0,0.0,,0.0,0.0,0.0,5043.0,0.0,0.0,0.0,0.0,0.0,24646.0,156.0,23808.0,0.0,0.0,682.0,29699.0,29699.0,9237.0,128563.0,-119326.0,1495.0,0.0,-7742.0,1347.0,0.0,0.0,0.0,8.0,-156.0,1010.0,-337.0,-337.0,0.0,,,,,0.0,102.0,,-908.0,,,,,,,,,,,,,,,,,,,,,,,,,,,,,,,,,,,,,,,,,,,,,,,,,,,,,,,,,,,,,,,,,,,,,,,,,,,,,,,,,,,,,,,,,,,,,,,,,,,,,,,,,,,,,,,,,,,,,,,,,,,,,,,,,,,,,,0.0,1084217000185,2008-01-18,,17.0,22.23,C,82749650,12300,4210014,16,32731000001,kemerovo,4200,1.0,0.0,87.1162684,53.783991,street,0.0
4217100495,1.0,none,1.0,0.0,0.0,5575226.0,,4771.0,,,,4594779.0,,,975676.0,,6146571.0,3217170.0,,2914.0,1258736.0,1661410.0,3612.0,2729.0,-1392743.0,20.0,,,,,,-1392763.0,2007234.0,,445719.0,,1561515.0,11107306.0,5512472.0,5097778.0,,48939.0,448117.0,11721797.0,11721797.0,-167786.0,10227467.0,-10395253.0,-518214.0,-198781.0,-151647.0,-1332439.0,,6479.0,-693386.0,4106263.0,-4233581.0,-1005839.0,326600.0,,326600.0,,,,,,-1005839.0,,,,,,118276.0,118276.0,0.0,0.0,-386904.0,-386904.0,-505180.0,-505180.0,0.0,,,,0.0,,0.0,,,,,,,0.0,,0.0,0.0,-386904.0,-1392743.0,-1005839.0,-1005839.0,0.0,,,,0.0,,0.0,,,,,,,0.0,,0.0,0.0,,,,,,,,,,,,,,-1082227.0,6971110.0,6300172.0,572047.0,,,98891.0,,-8053337.0,-6786910.0,-751124.0,-328022.0,,-187281.0,,403377.0,3974501.0,,,3973601.0,900.0,,,-3571124.0,-473643.0,,-3097481.0,,,,662051.0,15360985.0,15360985.0,,,,,,-14698934.0,,,-13889659.0,-809275.0,,-16799.0,21410.0,-999.0,3612.0,,,,,,,,,,,,,,,,,,,,,,,,1.0,1084217000207,2008-01-18,,17.0,24.10.12,C,82749680,12300,4210014,16,32731000001,kemerovo,4200,1.0,0.0,87.1031659,53.7759975,street,0.0
4217100576,1.0,none,1.0,0.0,1.0,45115.0,,,,,,42842.0,,2273.0,,,796605.0,9835.0,,,,782381.0,4389.0,,825146.0,,,,,,,,3000.0,3000.0,,,,13575.0,7953.0,5622.0,,,,841720.0,841720.0,,478709.0,-157969.0,320740.0,,,462185.0,,,,143160.0,-1715.0,346357.0,-115828.0,,,,,,,,346357.0,,,,,,,,,,,,,,,,,,,,,,,,,,,,,,,,,,,,,,,,,,,,,,,,,,,,,,,,,,,,,,,,,,,,,,,,,,,,,,,,,,,,,,,,,,,,,,,,,,,,,,,,,,,,,,,,,,,,,,,,,,,,,,,,,,,,,,,,1.0,1084217000306,2008-01-21,,17.0,82.30,N,82749911,12300,4210014,16,32731000001,kemerovo,4200,1.0,0.0,87.1035751,53.7621078,house,0.0
4217100840,1.0,none,1.0,0.0,1.0,,,,,,,,,,,,258.0,,,,,182.0,76.0,,10.0,,,,,,,,,,,,,248.0,,248.0,,,,258.0,258.0,,3349.0,-3020.0,329.0,,,329.0,,,0.0,,0.0,329.0,,,,,,,,,329.0,,,,,,,,,,,,,,,,,,,,,,,,,,,,,,,,,,,,,,,,,,,,,,,,,,,,,,,,,,,,,,,,,,,,,,,,,,,,,,,,,,,,,,,,,,,,,,,,,,,,,,,,,,,,,,,,,,,,,,,,,,,,,,,,,,,,,,,,1.0,1084217000548,2008-01-29,,17.0,86.21,Q,82752346,12300,4210014,16,32731000001,kemerovo,4200,1.0,0.0,87.1035418,53.761331,house,0.0
4217100897,1.0,none,1.0,0.0,1.0,,,,,,,,,,,,8772.0,5945.0,,,,2827.0,,,5354.0,,,,,,,,,,,,,3418.0,,3418.0,,,,8772.0,8772.0,,,0.0,0.0,,,0.0,,,,,,0.0,,,,,,,,,0.0,,,,,,,,,,,,,,,,,,,,,,,,,,,,,,,,,,,,,,,,,,,,,,,,,,,,,,,,,,,,,,,,,,,,,,,,,,,,,,,,,,,,,,,,,,,,,,,,,,,,,,,,,,,,,,,,,,,,,,,,,,,,,,,,,,,,,,,,1.0,1084217000592,2008-01-30,,17.0,43.12,F,82752600,12300,4210014,16,32731000001,kemerovo,4200,1.0,0.0,87.0535578,53.7476517,house,0.0
4217100978,1.0,none,1.0,0.0,0.0,0.0,,0.0,,,,0.0,0.0,0.0,,0.0,7147.0,0.0,,0.0,1664.0,0.0,5483.0,0.0,1759.0,,,1043.0,,,,,4368.0,0.0,,4368.0,0.0,1021.0,0.0,1021.0,,0.0,,7147.0,7147.0,1171.0,1171.0,0.0,1166.0,,-5.0,1077.0,,0.0,0.0,11.0,-100.0,1014.0,-63.0,,,,,,,,1014.0,0.0,,,,,,,,,,,,,,,,,,,,,,,,,,,,,,,,,,,,,,,,,,,,,,,,,,,,,,,,,,,,,,,,2186.0,7110.0,810.0,,,,6300.0,,-4924.0,-2614.0,-1449.0,,,-127.0,-734.0,,,,,,,,,,,,,,,,,,,,,,,,,,,,,,2186.0,3298.0,,5484.0,5879.0,3213.0,,,3213.0,,,,-996.0,-996.0,,,-996.0,,,,,,,,,,8096.0,0.0,1084217000702,2008-01-31,,17.0,68.32.10,L,82753083,20700,4210014,49,32731000001,kemerovo,4200,0.0,0.0,87.1531368,53.7602472,house,0.0
4217101202,1.0,none,1.0,0.0,1.0,9987.0,,,,,,9780.0,,207.0,,,2109.0,774.0,,,,1202.0,133.0,,-14775.0,,,,,,,,14211.0,14183.0,,,28.0,12660.0,11036.0,1624.0,,,0.0,12095.0,12095.0,,6393.0,-6602.0,-209.0,,,-2929.0,,,-2549.0,4.0,-175.0,-2992.0,-63.0,,,,,,,,-2992.0,,,,,,,,,,,,,,,,,,,,,,,,,,,,,,,,,,,,,,,,,,,,,,,,,,,,,,,,,,,,,,,,,,,,,,,,,,,,,,,,,,,,,,,,,,,,,,,,,,,,,,,,,,,,,,,,,,,,,,,,,,,,,,,,,,,,,,,,1.0,1084217000944,2008-02-11,,17.0,96.04,S,82754473,12300,4210014,16,32731000001,kemerovo,4200,1.0,0.0,87.162824,53.7492798,house,0.0
4217101354,1.0,none,1.0,0.0,1.0,,,,,,,,,,,,3462.0,174.0,,,,563.0,2725.0,,772.0,,,,,,,,2407.0,,,,2407.0,284.0,,284.0,,,,3462.0,3462.0,,4842.0,-4554.0,288.0,,,234.0,,,,8.0,-62.0,188.0,-46.0,,,,,,,,188.0,,,,,,,,,,,,,,,,,,,,,,,,,,,,,,,,,,,,,,,,,,,,,,,,,,,,,,,,,,,,,,,,,,,,,,,,,,,,,,,,,,,,,,,,,,,,,,,,,,,,,,,,,,,,,,,,,,,,,,,,,,,,,,,,,,,,,,,,1.0,1084217001109,2008-02-14,,17.0,68.32,L,85215570,20716,4210014,16,32731000001,kemerovo,4200,1.0,0.0,87.1214563,53.7605459,house,0.0
4217101393,1.0,none,1.0,0.0,1.0,0.0,,,,,,,,0.0,,,24089.0,5977.0,,,,17648.0,464.0,,702.0,,,,,,,,,,,,,23387.0,51.0,23336.0,,,,24089.0,24089.0,,6315.0,-6133.0,182.0,,,155.0,,,,11.0,-38.0,101.0,-54.0,,,,,,,,101.0,,,,,,,,,,,,,,,,,,,,,,,,,,,,,,,,,,,,,,,,,,,,,,,,,,,,,,,,,,,,,,,,,,,,,,,,,,,,,,,,,,,,,,,,,,,,,,,,,,,,,,,,,,,,,,,,,,,,,,,,,,,,,,,,,,,,,,,,1.0,1084217001120,2008-02-15,,17.0,46.90,G,85215920,12300,4210014,16,32731000001,kemerovo,4200,1.0,0.0,87.1059524,53.7652156,house,0.0
4217101474,1.0,none,1.0,0.0,1.0,9228.0,,,,,,9228.0,,0.0,,,4119.0,203.0,,,,1739.0,2177.0,,-4504.0,,,,,,,,15479.0,15479.0,,,,2372.0,1518.0,854.0,,,,13347.0,13347.0,,15292.0,-15809.0,-517.0,,,-517.0,,,,,,-670.0,-153.0,,,,,,,,-670.0,,,,,,,,,,,,,,,,,,,,,,,,,,,,,,,,,,,,,,,,,,,,,,,,,,,,,,,,,,,,,,,,,,,,,,,,,,,,,,,,,,,,,,,,,,,,,,,,,,,,,,,,,,,,,,,,,,,,,,,,,,,,,,,,,,,,,,,,1.0,1084217001175,2008-02-19,,17.0,47.52.30,G,85216836,12300,4210014,16,32731000001,kemerovo,4200,1.0,0.0,87.1405644,53.755391,house,0.0
4217101509,1.0,none,1.0,0.0,0.0,,,,,,,,,,,,10.0,,,,,,10.0,,10.0,10.0,,,,,,,,,,,,,,,,,,10.0,10.0,,,,-10.0,,-10.0,-10.0,,,,,,-10.0,,,,,,,,,-10.0,,,,,,,,,,,,,,,,,,,,,,,,,,,,,,,,,,,,,,,,,,,,,,,,,,,,,,,,,,,,,,,,,,,,,,,,,,,,,,,,,,,,,,,,,,,,,,,,,,,,,,,,,,,,,,,,,,,,,,,,,,,,,,,,,,,,,,,,0.0,1084217001285,2008-02-20,,17.0,68.31.10,L,85217221,12300,4210014,16,32731000001,kemerovo,4200,1.0,0.0,87.1474482,53.7563632,house,0.0
4217101548,1.0,none,1.0,0.0,0.0,,,,,,,,,,,,3185.0,,,,909.0,,2276.0,,,,,,,,,,,,,,,383.0,,383.0,,,,3185.0,3185.0,3028.0,3028.0,,152.0,,-2876.0,152.0,,,,,,94.0,-58.0,-58.0,,,,,,,94.0,,,,,,,,,,,,,,,,,,,,,,,,,,,,,,,,,,,,,,,,,,,,,,,,,,,,,,,,,,,,,,,,,,,,,,,,,,,,,,,,,,,,,,,,,,,,,,,,,,,,,,,,,,,,,,,,,,,,,,,,,,,,,,,,,,,,,,,,,1084217001241,2008-02-20,,17.0,68.32.10,L,85217178,20716,4210014,16,32731000001,kemerovo,4200,0.0,0.0,87.14388,53.7588418,house,0.0
4217101629,1.0,none,1.0,0.0,0.0,0.0,,,,,,,,,,,6024.0,,,,158.0,,5866.0,,2247.0,10.0,,,,,,2237.0,0.0,,,,,3777.0,140.0,3637.0,,,,6024.0,6024.0,5029.0,106940.0,-101911.0,4706.0,-323.0,,4706.0,,,,,,4706.0,,,,,,,,0.0,4706.0,,,,,,,,,,,,,,,,,,,,,,,,,,,,,,,,,,,,,,,,,,,,,,,,,,,,,,,,,,,,,,,,,,,,,,,,,,,,,,,,,,,,,,,,,,,,,,,,,,,,,,,,,,,,,,,,,,,,,,,,,,,,,,,,,,,,,,,,0.0,1084217001329,2008-02-21,,17.0,46.38,G,85217801,12300,4210014,16,32731000001,kemerovo,4200,1.0,0.0,87.1232804,53.7724918,house,0.0
4217101724,1.0,none,1.0,0.0,1.0,149.0,,,,,,149.0,,0.0,,,194.0,7.0,,,,140.0,47.0,,38.0,,,,,,,,0.0,0.0,,,0.0,305.0,0.0,305.0,,,0.0,343.0,343.0,,1877.0,-1181.0,696.0,,,652.0,,,0.0,106.0,-150.0,574.0,-78.0,,,,,,,,574.0,,,,,,,,,,,,,,,,,,,,,,,,,,,,,,,,,,,,,,,,,,,,,,,,,,,,,,,,,,,,,,,,,,,,,,,,,,,,,,,,,,,,,,,,,,,,,,,,,,,,,,,,,,,,,,,,,,,,,,,,,,,,,,,,,,,,,,,,1.0,1084217001461,2008-02-26,,17.0,18.12,C,85219125,12300,4210014,16,32731000001,kemerovo,4200,1.0,0.0,87.1377781,53.7438157,house,0.0
4217101788,1.0,none,1.0,0.0,0.0,,,,,,,,,,,,181.0,24.0,,,151.0,,6.0,,127.0,10.0,,,,,,117.0,,,,,,54.0,,54.0,,,,181.0,181.0,42.0,312.0,-270.0,42.0,,,42.0,,,,,,33.0,-9.0,0.0,,,,,,,33.0,,,,,,,,,,,,,,,,,,,,,,,,,,,,,,,,,,,,,,,,,,,,,,,,,,,,,,,,,,,,,,,,,,,,,,,,,,,,,,,,,,,,,,,,,,,,,,,,,,,,,,,,,,,,,,,,,,,,,,,,,,,,,,,,,,,,,,,,0.0,1084217001527,2008-02-27,,17.0,69.20,M,85219214,12300,4210014,16,32731000001,kemerovo,4200,1.0,0.0,87.1811817,53.8393351,street,0.0
4217101837,1.0,none,1.0,0.0,0.0,106609.0,,0.0,,,,106609.0,0.0,0.0,0.0,0.0,35302.0,0.0,,0.0,26305.0,0.0,8997.0,0.0,140692.0,125600.0,,,0.0,,0.0,15092.0,0.0,0.0,,,0.0,1219.0,0.0,1219.0,,,,141911.0,141911.0,2883.0,5216.0,-2333.0,2164.0,,-719.0,1964.0,,0.0,0.0,450.0,-650.0,-132.0,-2096.0,-516.0,-1580.0,,,,,0.0,-132.0,0.0,,,,,170211.0,170212.0,,,140823.0,140824.0,-29388.0,-29388.0,,,,,,,,,,,,,,,,,,140824.0,140692.0,-132.0,-132.0,,,,,,,,,,,,,,,,,,,,,,,,,,,,,,,8536.0,12280.0,11535.0,,,,745.0,,-3744.0,-2571.0,-314.0,,-46.0,-813.0,,0.0,0.0,0.0,,,,,,0.0,0.0,,,,,,,,,,,,,,,,,,,,8536.0,461.0,,8997.0,,,,,,,,,,,,,,,,,,,,,,,,1.0,1084217001571,2008-02-28,,17.0,01.19.10,A,85219616,12300,4210014,16,32731000001,kemerovo,4200,1.0,0.0,87.1253992,53.7638788,house,0.0
4217101844,1.0,none,1.0,0.0,1.0,,,,,,,,,,,,480.0,207.0,,,,270.0,3.0,,480.0,,,,,,,,,,,,,,,,,,,480.0,480.0,,1827.0,-1303.0,524.0,,,524.0,,,,,,470.0,-54.0,,,,,,,,470.0,,,,,,,,,,,,,,,,,,,,,,,,,,,,,,,,,,,,,,,,,,,,,,,,,,,,,,,,,,,,,,,,,,,,,,,,,,,,,,,,,,,,,,,,,,,,,,,,,,,,,,,,,,,,,,,,,,,,,,,,,,,,,,,,,,,,,,,,1.0,1084217001560,2008-02-28,,17.0,73.11,M,85219606,12300,4210014,16,32731000001,kemerovo,4200,1.0,0.0,87.1540245,53.7449261,house,0.0
4217101964,1.0,none,1.0,0.0,0.0,,,,,,,,,,,,1992.0,182.0,,,382.0,,1428.0,,,,,,,,,,0.0,,,,,1992.0,,1992.0,,,,1992.0,1992.0,3034.0,3034.0,,-27.0,,-3061.0,-64.0,,,,,-37.0,-94.0,-30.0,-30.0,,,,,,,-94.0,,,,,,,,,,,,,,,,,,,,,,,,,,,,,,,,,,,,,,,,,,,,,,,,,,,,,,,,,,,,,,,,,,,,,,,,,,,,,,,,,,,,,,,,,,,,,,,,,,,,,,,,,,,,,,,,,,,,,,,,,,,,,,,,,,,,,,,,0.0,1084217001725,2008-03-04,,17.0,68.32.10,L,85220698,20716,4210014,16,32731000001,kemerovo,4200,1.0,0.0,87.1253674,53.7651861,house,0.0
4217101971,1.0,none,1.0,0.0,1.0,10.0,,,,,,10.0,,,,,,,,,,,,,10.0,,,,,,,,,,,,,,,,,,,10.0,10.0,,,,,,,,,,,,,,,,,,,,,,,,,,,,,,,,,,,,,,,,,,,,,,,,,,,,,,,,,,,,,,,,,,,,,,,,,,,,,,,,,,,,,,,,,,,,,,,,,,,,,,,,,,,,,,,,,,,,,,,,,,,,,,,,,,,,,,,,,,,,,,,,,,,,,,,,,,,,,,1.0,1084217001714,2008-03-04,2025-12-10,17.0,79.10,N,85220683,12300,4210014,16,32731000001,kemerovo,4200,1.0,0.0,87.1316802,53.7617432,house,0.0
4217102012,1.0,none,1.0,0.0,1.0,6000.0,,,,,,,,6000.0,,,9347.0,11.0,,,,9230.0,106.0,,14140.0,,,,,,,,,,,,,1207.0,0.0,1207.0,,,,15347.0,15347.0,,23893.0,-13424.0,10469.0,,,11496.0,,,,1175.0,-148.0,10766.0,-730.0,,,,,,,,10766.0,,,,,,,,,,,,,,,,,,,,,,,,,,,,,,,,,,,,,,,,,,,,,,,,,,,,,,,,,,,,,,,,,,,,,,,,,,,,,,,,,,,,,,,,,,,,,,,,,,,,,,,,,,,,,,,,,,,,,,,,,,,,,,,,,,,,,,,,1.0,1084217001670,2008-03-04,,17.0,71.20.60,M,85220625,12300,4210014,16,32731000001,kemerovo,4200,1.0,0.0,87.1253992,53.7638788,house,0.0
4217102069,1.0,none,1.0,0.0,1.0,,,,,,,,,,,,2859.0,,,,,2848.0,11.0,,1668.0,,,,,,,,,,,,,1191.0,362.0,829.0,,,,2859.0,2859.0,,45710.0,-44684.0,1026.0,,,766.0,,,,,-260.0,659.0,-107.0,,,,,,,,659.0,,,,,,,,,,,,,,,,,,,,,,,,,,,,,,,,,,,,,,,,,,,,,,,,,,,,,,,,,,,,,,,,,,,,,,,,,,,,,,,,,,,,,,,,,,,,,,,,,,,,,,,,,,,,,,,,,,,,,,,,,,,,,,,,,,,,,,,,1.0,1084217001747,2008-03-05,,17.0,79.11,N,85220714,12300,4210014,16,32731000001,kemerovo,4200,1.0,0.0,87.1112805,53.7629474,house,0.0
4217102220,1.0,none,1.0,0.0,0.0,49874.0,,483.0,,,,42038.0,,,7353.0,,156257.0,13006.0,,,97313.0,45370.0,568.0,,151917.0,10000.0,0.0,,,,1000.0,140917.0,1270.0,0.0,1270.0,,,52944.0,,29553.0,0.0,23391.0,,206131.0,206131.0,101083.0,281577.0,-180494.0,9509.0,,-91574.0,4441.0,,10937.0,,9033.0,-25038.0,2401.0,-2040.0,-3799.0,-1759.0,,,,,0.0,-1329.0,,-3730.0,,,,130900.0,130900.0,0.0,0.0,153156.0,153156.0,25883.0,25883.0,0.0,,,,0.0,,-3000.0,,,,,,,-3000.0,,-6730.0,0.0,0.0,151917.0,2401.0,2401.0,0.0,,,,0.0,,-4000.0,,,,,,,-4000.0,,360.0,0.0,,,,,,,,,,,,,,-20028.0,280135.0,279619.0,10.0,,,506.0,,-300163.0,-51657.0,-221810.0,0.0,-3535.0,-23161.0,,23476.0,763075.0,,,753008.0,10067.0,,,-739599.0,-3153.0,,-736446.0,,,,-3120.0,360.0,,360.0,,,,,-3480.0,0.0,-3480.0,,0.0,,328.0,240.0,,568.0,,,,,,,,,,,,,,,,,,,,,,,,1.0,1084217001945,2008-03-11,,17.0,71.11.10,M,10906368,12300,4210014,16,32731000001,kemerovo,4200,1.0,0.0,87.1718538,53.756632,house,0.0
4217102340,1.0,none,1.0,0.0,1.0,0.0,,,,,,,,0.0,,,3201.0,,,,,2100.0,1101.0,,100.0,,,,,,,,,,,,,3101.0,,3101.0,,,,3201.0,3201.0,,27903.0,-23487.0,4416.0,,,4511.0,,,,95.0,,3201.0,-1310.0,,,,,,,,3201.0,,,,,,,,,,,,,,,,,,,,,,,,,,,,,,,,,,,,,,,,,,,,,,,,,,,,,,,,,,,,,,,,,,,,,,,,,,,,,,,,,,,,,,,,,,,,,,,,,,,,,,,,,,,,,,,,,,,,,,,,,,,,,,,,,,,,,,,,1.0,1084217001978,2008-03-12,,17.0,43.21,F,85222021,12300,4210014,16,32731000001,kemerovo,4200,1.0,0.0,87.1247688,53.7971348,house,0.0
4217102358,1.0,none,1.0,0.0,0.0,67541787.0,,109.0,,,,24641313.0,274852.0,40.0,9264557.0,33360916.0,46111550.0,5753700.0,0.0,67.0,40228676.0,65000.0,64085.0,22.0,7593853.0,4462747.0,,,,22400000.0,,-19268894.0,26348339.0,22097069.0,4204074.0,0.0,47196.0,79711145.0,51705810.0,28005332.0,0.0,,3.0,113653337.0,113653337.0,6055167.0,126132062.0,-120076895.0,-14382122.0,-19132750.0,-1304539.0,-7755967.0,0.0,107923.0,-10960582.0,22863046.0,-5384232.0,-5526130.0,2229837.0,0.0,2229837.0,,,,,0.0,-5526130.0,,,,0.0,0.0,8545634.0,,0.0,0.0,8119983.0,0.0,-3625651.0,-3625651.0,0.0,,,,,,0.0,,,,,,,0.0,,3200000.0,,8119983.0,7593853.0,-5526130.0,-5526130.0,0.0,,,,0.0,,0.0,,,,,,,0.0,,5000000.0,0.0,,,,,,,,,,,,,,7394350.0,177328353.0,141283767.0,5750.0,0.0,,36038836.0,,-169934003.0,-134355249.0,-1338950.0,-9003192.0,0.0,-25236612.0,,-10578371.0,1046.0,0.0,0.0,1000.0,46.0,0.0,,-10579417.0,-5647435.0,0.0,-1000.0,-4673937.0,-257045.0,,3246242.0,95149655.0,93457596.0,1692059.0,0.0,0.0,0.0,,-91903413.0,0.0,0.0,-91903413.0,,,62221.0,1864.0,0.0,64085.0,,,,,,,,,,,,,,,,,,,,,,,,1.0,1084217001990,2008-03-13,,17.0,19.20,C,74291823,12267,4210014,16,32731000001,kemerovo,4200,1.0,0.0,87.1431557,53.7636273,house,0.0
4217102365,1.0,none,1.0,0.0,0.0,,,,,,,,,,,,2095.0,186.0,,,683.0,,1226.0,,1618.0,10.0,,,,,,1608.0,,,,,,477.0,125.0,352.0,,,,2095.0,2095.0,5229.0,5229.0,,806.0,-4423.0,,747.0,,,,,-59.0,568.0,-179.0,-179.0,,,,,,,568.0,,,,,,,,,,,,,,,,,,,,,,,,,,,,,,,,,,,,,,,,,,,,,,,,,,,,,,,,,,,,,,,,,,,,,,,,,,,,,,,,,,,,,,,,,,,,,,,,,,,,,,,,,,,,,,,,,,,,,,,,,,,,,,,,,,,,,,,,0.0,1084217002044,2008-03-14,,17.0,41.20,F,85222498,12300,4210014,16,32734000106,kemerovo,4200,1.0,0.0,87.4376103,53.6968852,house,0.0
4217102421,1.0,none,1.0,0.0,1.0,796.0,,,,,,0.0,,796.0,,,328.0,272.0,,,,18.0,38.0,,704.0,,,,,,,,0.0,0.0,,,,420.0,,420.0,,,,1124.0,1124.0,,0.0,-319.0,-319.0,,,-338.0,,,0.0,108.0,-127.0,-338.0,0.0,,,,,,,,-338.0,,,,,,,,,,,,,,,,,,,,,,,,,,,,,,,,,,,,,,,,,,,,,,,,,,,,,,,,,,,,,,,,,,,,,,,,,,,,,,,,,,,,,,,,,,,,,,,0.0,20.0,,,,,20.0,,-20.0,,,,-20.0,,0.0,0.0,,0.0,0.0,20.0,,,,,,,-20.0,,,,,,,,,,,,,-20.0,0.0,1.0,1084217002077,2008-03-17,,17.0,72.19,M,85222995,12300,4210014,16,32731000001,kemerovo,4200,1.0,0.0,87.1192841,53.7844838,street,0.0
4217102622,1.0,none,1.0,0.0,0.0,0.0,,,,,,0.0,,,,,71748.0,409.0,,,528.0,,70811.0,0.0,69137.0,,,838.0,,,0.0,68299.0,0.0,,,,0.0,2611.0,,500.0,567.0,1544.0,,71748.0,71748.0,0.0,292.0,-292.0,0.0,0.0,0.0,3546.0,,3546.0,,,0.0,2660.0,-886.0,-886.0,,,,,,0.0,2660.0,,,,,,,,,,,,,,,,,,,,,,,,,,,,,,,,,,,,,,,,,,,,,,,,,,,,,,,,,,,,,,,,,3381.0,13389.0,292.0,,,,0.0,13097.0,-10008.0,-1437.0,-6635.0,,-692.0,-1244.0,,1363.0,1363.0,,,,,,1363.0,0.0,,,,,0.0,,0.0,0.0,,0.0,,,,,,,,,,,4744.0,66067.0,,70811.0,66059.0,13574.0,0.0,8014.0,,,2660.0,2900.0,-10496.0,-1371.0,-12.0,-212.0,-1147.0,-9096.0,-6276.0,0.0,0.0,-782.0,-16.0,-2022.0,-8.0,-21.0,69137.0,,1084200002391,2008-03-14,,17.0,71.12.60,M,85226148,20600,4210014,16,32731000001,kemerovo,4200,1.0,0.0,87.1253992,53.7638788,house,0.0
4217102781,1.0,none,1.0,0.0,1.0,,,,,,,,,,,,5441.0,,,,,893.0,4548.0,,,,,,,5322.0,,,,,,,,119.0,,119.0,,,,5441.0,5441.0,,,,,,,,,,,,,,,,,,,,,,,,,,,,,,,,,,,,,,,,,,,,,,,,,,,,,,,,,,,,,,,,,,,,,,,,,,,,,,,,,,,,,,,,,,,,,,,,,,,,,,,,,,,,,,,,,,,,,,,,,,,,,,,,,,,,,,,3596.0,586.0,,,,,586.0,,-710.0,-710.0,,,,,,,,,,,,,3472.0,1.0,1084217002418,2008-03-25,,17.0,68.32.10,L,85224497,20716,4210014,16,32731000001,kemerovo,4200,0.0,0.0,87.1564003,53.7606102,house,0.0
4217103023,1.0,none,1.0,0.0,1.0,,,,,,,,,,,,4286.0,,,,,1274.0,3012.0,,3651.0,,,,,,,,,,,,,635.0,,635.0,,,,4286.0,4286.0,,3225.0,-2650.0,575.0,,,5.0,,,,,-570.0,-11.0,-16.0,,,,,,,,-11.0,,,,,,,,,,,,,,,,,,,,,,,,,,,,,,,,,,,,,,,,,,,,,,,,,,,,,,,,,,,,,,,,,,,,,,,,,,,,,,,,,,,,,,,,,,,,,,,,,,,,,,,,,,,,,,,,,,,,,,,,,,,,,,,,,,,,,,,,1.0,1084217002726,2008-04-03,,17.0,68.32.10,L,85226734,12300,4210014,16,32731000001,kemerovo,4200,0.0,0.0,87.1352586,53.7777714,house,0.0
4217103094,1.0,none,1.0,0.0,1.0,,,,,,,,,,,,3031.0,2925.0,,,,59.0,47.0,,16.0,,,,,,,,0.0,0.0,,,,3015.0,2400.0,615.0,,,,3031.0,3031.0,,5089.0,-3190.0,1899.0,,,1.0,,,,,-1898.0,1.0,,,,,,,,,1.0,,,,,,,,,,,,,,,,,,,,,,,,,,,,,,,,,,,,,,,,,,,,,,,,,,,,,,,,,,,,,,,,,,,,,,,,,,,,,,,,,,,,,,,,,,,,,,,,,,,,,,,,,,,,,,,,,,,,,,,,,,,,,,,,,,,,,,,,1.0,1084217002638,2008-04-02,,17.0,47.72,G,85226622,12300,4210014,16,32731000001,kemerovo,4200,1.0,0.0,87.129012,53.769001,house,0.0
4217103231,1.0,none,1.0,0.0,1.0,49006.0,,,,,,49006.0,,,,,7131.0,,,,,7068.0,63.0,,1195.0,,,,,,,,46976.0,46976.0,,,,7965.0,711.0,7254.0,,,,56136.0,56136.0,,5365.0,-2712.0,2653.0,,,2621.0,,,,,-32.0,2355.0,-266.0,,,,,,,,2355.0,,,,,,,,,,,,,,,,,,,,,,,,,,,,,,,,,,,,,,,,,,,,,,,,,,,,,,,,,,,,,,,,,,,,,,,,,,,,,,,,,,,,,,,,,,,,,,,,,,,,,,,,,,,,,,,,,,,,,,,,,,,,,,,,,,,,,,,,1.0,1084217002847,2008-04-07,,17.0,55.90,I,85227076,12300,4210014,16,32731000001,kemerovo,4200,1.0,0.0,87.2055596,53.7179416,house,0.0
4217103400,1.0,none,1.0,0.0,1.0,412.0,,,,,,412.0,,,,,362.0,293.0,,,,0.0,69.0,,709.0,,,,,,,,,,,,,65.0,0.0,65.0,,,,774.0,774.0,,13805.0,-13396.0,409.0,,,409.0,,,,,0.0,340.0,-69.0,,,,,,,,340.0,,,,,,,,,,,,,,,,,,,,,,,,,,,,,,,,,,,,,,,,,,,,,,,,,,,,,,,,,,,,,,,,,,,,,,,,,,,,,,,,,,,,,,,,,,,,,,,,,,,,,,,,,,,,,,,,,,,,,,,,,,,,,,,,,,,,,,,,1.0,1084217003012,2008-04-09,,17.0,86.23,Q,85228199,12300,4210014,16,32731000001,kemerovo,4200,1.0,0.0,87.1634323,53.7544277,house,0.0
4217103418,1.0,none,1.0,0.0,0.0,,,,,,,,,,,,10.0,10.0,,,,,,,10.0,10.0,,,,,,,,,,,,,,,,,,10.0,10.0,,,,,,,,,,,,,,,,,,,,,,,,,,,,,,,,,,,,,,,,,,,,,,,,,,,,,,,,,,,,,,,,,,,,,,,,,,,,,,,,,,,,,,,,,,,,,,,,,,,,,,,,,,,,,,,,,,,,,,,,,,,,,,,,,,,,,,,,,,,,,,,,,,,,,,,,,,,,,,0.0,1084217003023,2008-04-10,,17.0,46.72.21,G,85227952,12300,4210014,16,32731000001,kemerovo,4200,1.0,0.0,87.1154005,53.7573292,house,0.0
4217103496,1.0,none,1.0,0.0,0.0,0.0,,0.0,,,,0.0,0.0,0.0,,0.0,10468.0,1288.0,,0.0,8768.0,0.0,48.0,365.0,4083.0,10.0,,,0.0,,0.0,4073.0,700.0,700.0,,,0.0,5685.0,0.0,5685.0,,,,10468.0,10468.0,5018.0,10023.0,-5005.0,845.0,-243.0,-3930.0,769.0,,0.0,0.0,2.0,-78.0,577.0,-192.0,-192.0,,,,,,,577.0,0.0,,,,,,,,,,,,,,,,,,,,,,,,,,,,,,,,,,,,,,,,,,,,,,,,,,,,,,,,,,,,,,,,,,,,,,,,,,,,,,,,,,,,,,,,,,,,,,,,,,,,,,,,,,,,,,,,,,,,,,,,,,,,,,,,,,,,,,,0.0,1084217003078,2008-04-10,,17.0,26.51,C,85231540,12300,4210014,16,32731000001,kemerovo,4200,1.0,0.0,87.1078593,53.7644573,house,0.0
4217103520,1.0,none,1.0,0.0,0.0,10.0,,,,,,,,10.0,,,0.0,,,,,,,,10.0,10.0,0.0,,,,,,0.0,,,,,0.0,,,,,,10.0,10.0,,,,,,,,,,,,,,,,,,,,,,,,,,,,,,,,,,,,,,,,,,,,,,,,,,,,,,,,,,,,,,,,,,,,,,,,,,,,,,,,,,,,,,,,,,,,,,,,,,,,,,,,,,,,,,,,,,,,,,,,,,,,,,,,,,,,,,,,,,,,,,,,,,,,,,,,,,,,,,0.0,1084217003155,2008-04-14,,17.0,49.41.10,H,85228928,12300,4210014,16,32731000001,kemerovo,4200,1.0,0.0,87.1556687,53.7510548,house,0.0
4217103665,1.0,none,1.0,0.0,0.0,,,,,,,,,,,,117.0,,,,,,117.0,,0.0,,,,,,,,,,,,,117.0,,117.0,,,,117.0,117.0,,,,,,,,,,,,,,,,,,,,,,,,,,,,,,,,,,,,,,,,,,,,,,,,,,,,,,,,,,,,,,,,,,,,,,,,,,,,,,,,,,,,,,,,,,,,,,,,,,,,,,,,,,,,,,,,,,,,,,,,,,,,,,,,,,,,,,,,,,,,,,,,,,,,,,,,,,,,,,0.0,1084200003579,2008-04-15,,17.0,69.10,M,85231215,20616,4210014,16,32731000001,kemerovo,4200,1.0,0.0,87.1251438,53.7500042,house,0.0
4217103697,1.0,none,1.0,0.0,1.0,1100.0,,,,,,1100.0,,0.0,,,6000.0,0.0,,,,6000.0,0.0,,7100.0,,,,,,,,,,,,,0.0,,0.0,,,0.0,7100.0,7100.0,,,,,,,0.0,,,,,0.0,0.0,,,,,,,,,0.0,,,,,,,,,,,,,,,,,,,,,,,,,,,,,,,,,,,,,,,,,,,,,,,,,,,,,,,,,,,,,,,,,,,,,,,,,,,,,,,,,,,,,,,,,,,,,,,,,,,,,,,,,,,,,,,,,,,,,,,,,,,,,,,,,,,,,,,,1.0,1084217003320,2008-04-17,,17.0,46.14.90,G,85229566,12300,4210014,16,32519000746,kemerovo,4200,1.0,0.0,87.4123187,54.0355485,street,0.0
4217103739,1.0,none,1.0,0.0,1.0,0.0,,,,,,,,0.0,,,2146.0,1542.0,,,,597.0,7.0,,716.0,,,,,,,,0.0,0.0,,,,1430.0,,1430.0,,,,2146.0,2146.0,,7634.0,-7607.0,27.0,,,7.0,,,,,-20.0,7.0,0.0,,,,,,,,7.0,,,,,,,,,,,,,,,,,,,,,,,,,,,,,,,,,,,,,,,,,,,,,,,,,,,,,,,,,,,,,,,,,,,,,,,,,,,,,,,,,,,,,,,,,,,,,,,,,,,,,,,,,,,,,,,,,,,,,,,,,,,,,,,,,,,,,,,,1.0,1084217003287,2008-04-17,,17.0,52.24,H,85229520,12300,4210014,16,32731000001,kemerovo,4200,1.0,0.0,87.1059524,53.7652156,house,0.0
4217103802,1.0,none,1.0,0.0,0.0,8523.0,,,,,,7694.0,,,829.0,0.0,16122.0,3452.0,,,10000.0,,2650.0,20.0,10891.0,10.0,,,,,,10881.0,5086.0,,1865.0,,3221.0,8668.0,,8668.0,,,,24645.0,24645.0,28452.0,34834.0,-6382.0,2602.0,-9319.0,-16531.0,3135.0,,692.0,,0.0,-159.0,2298.0,-837.0,-181.0,656.0,,,,,,2298.0,,,,,,,,,,,,,,,,,,,,,,,,,,,,,,,,,,,,,,,,,,,,,,,,,,,,,,,,,,,,,,,,,,,,,,,,,,,,,,,,,,,,,,,,,,,,,,,,,,,,,,,,,,,,,,,,,,,,,,,,,,,,,,,,,,,,,,,,0.0,1084217003397,2008-04-21,,17.0,43.21,F,85230078,12300,4210014,16,32731000001,kemerovo,4200,1.0,0.0,87.1259138,53.7674219,street,0.0
4217104059,1.0,none,1.0,0.0,1.0,,,,,,,,,,,,6163.0,0.0,,,,1306.0,4857.0,,890.0,,,,,,,,,,,,,5272.0,,5272.0,,,,6163.0,6163.0,,1931.0,-2207.0,-276.0,,,-310.0,,,,,-34.0,-325.0,-15.0,,,,,,,,-325.0,,,,,,,,,,,,,,,,,,,,,,,,,,,,,,,,,,,,,,,,,,,,,,,,,,,,,,,,,,,,,,,,,,,,,,,,,,,,,,,,,,,,,,,,,,,,,,,,,,,,,,,,,,,,,,,,,,,,,,,,,,,,,,,,,,,,,,,,1.0,1084217003562,2008-04-24,,17.0,68.32.10,L,85231037,20700,4210014,16,32731000001,kemerovo,4200,1.0,0.0,87.1216138,53.7648727,house,0.0
4217104108,1.0,none,1.0,0.0,1.0,49.0,,,,,,,,49.0,,,7.0,0.0,,,,0.0,7.0,,5.0,,,,,,,,25.0,25.0,,,,26.0,0.0,26.0,,,,56.0,56.0,,206.0,-219.0,-13.0,,,-24.0,,,,,-11.0,-25.0,-1.0,,,,,,,,-25.0,,,,,,,,,,,,,,,,,,,,,,,,,,,,,,,,,,,,,,,,,,,,,,,,,,,,,,,,,,,,,,,,,,,,,,,,,,,,,,,,,,,,,,,,,,,,,,,,,,,,,,,,,,,,,,,,,,,,,,,,,,,,,,,,,,,,,,,,1.0,1084217003683,2008-04-25,,17.0,46.71.10,G,85231712,12300,4210014,16,32731000001,kemerovo,4200,1.0,0.0,87.1634715,53.7579955,house,0.0
4217104250,1.0,none,1.0,0.0,0.0,0.0,,,,,,,,,,0.0,10.0,,,,,,,10.0,,,,,,,,,0.0,,,,,0.0,,,,,,10.0,10.0,,,,,,,,,,,,,,,,,,,,,,,,,,,,,,,,,,,,,,,,,,,,,,,,,,,,,,,,,,,,,,,,,,,,,,,,,,,,,,,,,,,,,,,,,,,,,,,,,,,,,,,,,,,,,,,,,,,,,,,,,,,,,,,,,,,,,,,,,,,,,,,,,,,,,,,,,,,,,,,1084217003892,2008-04-30,,17.0,94.90,S,85232516,20700,4210014,16,32731000001,kemerovo,4200,0.0,0.0,87.1503301,53.7470012,house,0.0
4217104394,1.0,none,1.0,0.0,1.0,0.0,,,,,,0.0,,,,,22442.0,4974.0,,,,21739.0,-4271.0,,7248.0,,,,,,,,979.0,979.0,,,,14215.0,-1.0,14216.0,,,,22442.0,22442.0,,6818.0,-2492.0,4326.0,,,4104.0,,,0.0,11.0,-233.0,3427.0,-677.0,,,,,,,,3427.0,,,,,,,,,,,,,,,,,,,,,,,,,,,,,,,,,,,,,,,,,,,,,,,,,,,,,,,,,,,,,,,,,,,,,,,,,,,,,,,,,,,,,,,,,,,,,,,,,,,,,,,,,,,,,,,,,,,,,,,,,,,,,,,,,,,,,,,,1.0,1084217003980,2008-05-06,,17.0,75,M,85233208,12300,4210014,16,32731000001,kemerovo,4200,1.0,0.0,87.1694178,53.7574185,house,0.0
4217104411,1.0,none,1.0,0.0,1.0,,,,,,,,,,,,13128.0,10.0,,,,12822.0,296.0,,12100.0,,,,,,,,,,,,,1027.0,,1027.0,,,,13127.0,13127.0,,6581.0,-4747.0,1834.0,,,1805.0,,,,,-29.0,1596.0,-209.0,,,,,,,,1596.0,,,,,,,,,,,,,,,,,,,,,,,,,,,,,,,,,,,,,,,,,,,,,,,,,,,,,,,,,,,,,,,,,,,,,,,,,,,,,,,,,,,,,,,,,,,,,,,,,,,,,,,,,,,,,,,,,,,,,,,,,,,,,,,,,,,,,,,,1.0,1084217004013,2008-05-06,,17.0,63.11.10,J,85233237,12300,4210014,16,32731000001,kemerovo,4200,1.0,0.0,87.1310608,53.765097,house,0.0
4217104443,1.0,none,1.0,0.0,1.0,,,,,,,,,,,,17583.0,,,,,17466.0,117.0,,17440.0,,,,,,,,,,,,,143.0,,143.0,,,,17583.0,17583.0,,13064.0,-779.0,12285.0,,,12264.0,,,,0.0,-21.0,11636.0,-628.0,,,,,,,,11636.0,,,,,,,,,,,,,,,,,,,,,,,,,,,,,,,,,,,,,,,,,,,,,,,,,,,,,,,,,,,,,,,,,,,,,,,,,,,,,,,,,,,,,,,,,,,,,,,,,,,,,,,,,,,,,,,,,,,,,,,,,,,,,,,,,,,,,,,,1.0,1084217003970,2008-05-06,,17.0,68.30,L,85233196,12267,4210014,16,32731000001,kemerovo,4200,1.0,0.0,87.1059866,53.7708426,house,0.0
4217104644,1.0,none,1.0,0.0,1.0,0.0,,,,,,,,0.0,,,2177.0,727.0,,,,1388.0,62.0,,663.0,,,,,,,,,,,,,1514.0,16.0,1498.0,,,,2177.0,2177.0,,14813.0,-14504.0,309.0,,,273.0,,,,,-36.0,205.0,-68.0,,,,,,,,205.0,,,,,,,,,,,,,,,,,,,,,,,,,,,,,,,,,,,,,,,,,,,,,,,,,,,,,,,,,,,,,,,,,,,,,,,,,,,,,,,,,,,,,,,,,,,,,,,,,,,,,,,,,,,,,,,,,,,,,,,,,,,,,,,,,,,,,,,,1.0,1084217004057,2008-05-08,,17.0,46.60,G,85233773,12300,4210014,16,32731000001,kemerovo,4200,1.0,0.0,87.1299947,53.7856276,house,0.0
4217104669,1.0,none,1.0,0.0,0.0,2591935.0,,0.0,,,,2486138.0,0.0,32230.0,73568.0,0.0,1834634.0,361489.0,,0.0,786671.0,682680.0,2105.0,1689.0,3532633.0,5005.0,,,0.0,,0.0,3527628.0,455327.0,0.0,453711.0,,1616.0,438610.0,0.0,354273.0,,68685.0,,4426570.0,4426570.0,-381153.0,2285249.0,-2666402.0,-631857.0,,-250704.0,-627665.0,,7825.0,-6186.0,171749.0,-169196.0,-477831.0,149834.0,0.0,149834.0,,,,,,-477831.0,0.0,,,,,2727397.0,2727397.0,,,4218643.0,4218643.0,,-586248.0,,,,,,,,,,,,,,-354588.0,,,2432082.0,4218643.0,3532633.0,,-477831.0,,,,,,,,,,,,,,-208179.0,,,,,,,,,,,,,,,,,167514.0,2765154.0,2641179.0,,,,,123975.0,-2597640.0,-1184893.0,-652765.0,,-1308.0,,-758674.0,9267.0,9267.0,1225.0,,8042.0,,,,0.0,,,,,0.0,,-177000.0,,,,,,,,-177000.0,,-177000.0,,,0.0,-219.0,689149.0,-4145.0,684785.0,,,,,,,,,,,,,,,,,,,,,,,,,1084217004167,2008-05-08,,17.0,49.40,H,85233935,12300,4210014,16,32519000496,kemerovo,4200,0.0,0.0,87.4047351,53.7610662,street,0.0
4217104676,1.0,none,1.0,0.0,1.0,184.0,,,,,,184.0,,,,,8159.0,456.0,,,,7360.0,343.0,,8108.0,,,,,,,,,,,,,235.0,,235.0,,,,8343.0,8343.0,,23463.0,-15908.0,7555.0,,,8623.0,,,,1423.0,-355.0,7346.0,-1277.0,,,,,,,,7346.0,,,,,,,,,,,,,,,,,,,,,,,,,,,,,,,,,,,,,,,,,,,,,,,,,,,,,,,,,,,,,,,,,,,,,,,,,,,,,,,,,,,,,,,,,,,,,,,,,,,,,,,,,,,,,,,,,,,,,,,,,,,,,,,,,,,,,,,,1.0,1084217004222,2008-05-13,,17.0,56.30,I,85234596,12300,4210014,16,32731000001,kemerovo,4200,1.0,0.0,87.1352393,53.7584203,house,0.0
4217104732,1.0,none,1.0,0.0,0.0,23967.0,,106.0,,,,7159.0,0.0,0.0,16702.0,0.0,160060.0,82921.0,,0.0,31587.0,0.0,4696.0,40857.0,-142828.0,10.0,,,0.0,,0.0,-142838.0,5585.0,0.0,2223.0,,3362.0,321269.0,276538.0,44731.0,,0.0,,184027.0,184027.0,7049.0,180400.0,-173351.0,-30345.0,-2776.0,-34618.0,-27616.0,,11.0,-3475.0,18164.0,-11971.0,-21195.0,6421.0,0.0,6421.0,,,,,,-21195.0,,,,,,-125132.0,-125183.0,-51.0,,-121632.0,-121632.0,3551.0,3551.0,,,,,,,,,,,,,,,,,,-121632.0,-142828.0,-21196.0,-21196.0,,,,,,,,,,,,,,,,,,,,,,,,,,,,,,,25695.0,246833.0,245676.0,,,,1157.0,,-221138.0,-84715.0,-118508.0,-4280.0,-64.0,-13571.0,,-2093.0,5565.0,5000.0,,500.0,65.0,,,-7658.0,-7658.0,,0.0,,,,-20800.0,32000.0,32000.0,,,,,,-52800.0,,,-52800.0,,,2802.0,1894.0,,4696.0,,,,,,,,,,,,,,,,,,,,,,,,1.0,1084217004255,2008-05-14,,17.0,56.29,I,85234685,12300,4210014,16,61701000001,ryazan,6200,1.0,0.0,39.6893,54.6174096,house,0.0
4217104926,1.0,none,1.0,0.0,1.0,,,,,,,,,,,,23329.0,,,,,22034.0,1295.0,,9202.0,,,,,,,,,,,,,14127.0,10500.0,3627.0,,,,23329.0,23329.0,,31379.0,-34103.0,-2724.0,,,-2063.0,,,,784.0,-123.0,-2239.0,-176.0,,,,,,,,-2239.0,,,,,,,,,,,,,,,,,,,,,,,,,,,,,,,,,,,,,,,,,,,,,,,,,,,,,,,,,,,,,,,,,,,,,,,,,,,,,,,,,,,,,,,,,,,,,,,,,,,,,,,,,,,,,,,,,,,,,,,,,,,,,,,,,,,,,,,,1.0,1084217004431,2008-05-22,,17.0,68.20.20,L,85236129,12300,4210014,16,32731000001,kemerovo,4200,1.0,0.0,87.14653,53.7582436,city,0.0
4217104933,1.0,none,1.0,0.0,1.0,0.0,,,,,,0.0,,0.0,,,12901.0,0.0,,,,246.0,12655.0,,12607.0,,,,,,,,0.0,0.0,,,0.0,294.0,0.0,294.0,,,0.0,12901.0,12901.0,,19613.0,-17395.0,2218.0,,,2185.0,,,0.0,0.0,-33.0,1827.0,-358.0,,,,,,,,1827.0,,,,,,,,,,,,,,,,,,,,,,,,,,,,,,,,,,,,,,,,,,,,,,,,,,,,,,,,,,,,,,,,,,,,,,,,,,,,,,,,,,,,,,,,,,,,,,,,,,,,,,,,,,,,,,,,,,,,,,,,,,,,,,,,,,,,,,,,1.0,1084217004453,2008-05-22,,17.0,86.23,Q,85236141,12300,4210014,16,32731000001,kemerovo,4200,1.0,0.0,87.1138809,53.7582397,house,0.0
4217104965,1.0,none,1.0,0.0,1.0,,,,,,,,,,,,37.0,,,,,0.0,37.0,,10.0,,,,,,,,,,,,,27.0,,27.0,,,,37.0,37.0,,1024.0,-1014.0,10.0,,,10.0,,,,,,0.0,-10.0,,,,,,,,0.0,,,,,,,,,,,,,,,,,,,,,,,,,,,,,,,,,,,,,,,,,,,,,,,,,,,,,,,,,,,,,,,,,,,,,,,,,,,,,,,,,,,,,,,,,,,,,,,,,,,,,,,,,,,,,,,,,,,,,,,,,,,,,,,,,,,,,,,,1.0,1084217004475,2008-05-26,,17.0,58.14,J,85236891,12300,4210014,16,32731000001,kemerovo,4200,1.0,0.0,87.1284682,53.7639801,house,0.0
4217104997,1.0,none,1.0,0.0,0.0,0.0,0.0,0.0,,0.0,0.0,0.0,0.0,0.0,0.0,0.0,665.0,499.0,0.0,0.0,164.0,0.0,2.0,,665.0,10.0,0.0,,,0.0,0.0,655.0,0.0,0.0,0.0,0.0,0.0,0.0,0.0,0.0,0.0,0.0,,665.0,665.0,907.0,3016.0,-2109.0,259.0,-648.0,0.0,150.0,0.0,0.0,0.0,0.0,-109.0,150.0,,-40.0,40.0,,,,,0.0,150.0,,,,,,,,,,,,,,,,,,,,,,,,,,,,,,,,,,,,,,,,,,,,,,,,,,,,,,,,,,,,,,,,,,,,,,,,,,,,,,,,,,,,,,,,,,,,,,,,,,,,,,,,,,,,,,,,,,,,,,,,,,,,,,,,,,,,,,,,0.0,1084217004497,2008-05-27,,17.0,45.32,G,85237123,12300,4210014,16,32731000001,kemerovo,4200,1.0,0.0,87.1148167,53.7525238,house,0.0
4217105045,1.0,none,1.0,0.0,1.0,,,,,,,,,,,,2422.0,85.0,,,,2329.0,8.0,,175.0,,,,,,,,,,,,,2247.0,1697.0,550.0,,,,2422.0,2422.0,,4074.0,-3863.0,211.0,,,170.0,,,0.0,,-41.0,-50.0,-220.0,,,,,,,,-50.0,,,,,,,,,,,,,,,,,,,,,,,,,,,,,,,,,,,,,,,,,,,,,,,,,,,,,,,,,,,,,,,,,,,,,,,,,,,,,,,,,,,,,,,,,,,,,,,,,,,,,,,,,,,,,,,,,,,,,,,,,,,,,,,,,,,,,,,,1.0,1084223002456,2008-05-26,,17.0,68.20.20,L,43844429,12300,4210014,16,32731000001,kemerovo,4200,1.0,0.0,87.1154293,53.755423,house,0.0
4217105084,1.0,none,1.0,0.0,0.0,197370.0,,,,,,171235.0,,26135.0,,,65207.0,14548.0,,709.0,49391.0,0.0,517.0,42.0,9321.0,10.0,,,,,,9311.0,0.0,,,,0.0,253256.0,27914.0,225342.0,,,,262577.0,262577.0,45900.0,254936.0,-209036.0,-803.0,,-46703.0,176.0,,,,6100.0,-5121.0,141.0,-35.0,-35.0,,,,,,,141.0,,,,,,,,,,,,,,,,,,,,,,,,,,,,,,,,,,,,,,,,,,,,,,,,,,,,,,,,,,,,,,,,,,,,,,,,,,,,,,,,,,,,,,,,,,,,,,,,,,,,,,,,,,,,,,,,,,,,,,,,,,,,,,,,,,,,,,,,0.0,1084217004629,2008-05-30,,17.0,46.69.30,G,85237962,12300,4210014,16,32731000001,kemerovo,4200,1.0,0.0,87.105504,53.7454477,house,0.0
4217105091,1.0,none,1.0,0.0,0.0,36297.0,,,,,,25386.0,7816.0,,3095.0,0.0,499128.0,301588.0,,0.0,84651.0,709.0,112180.0,0.0,61085.0,20.0,,,,,,61065.0,92157.0,91536.0,621.0,,0.0,382183.0,21694.0,353805.0,,5088.0,1596.0,535425.0,535425.0,78598.0,689257.0,-610659.0,47767.0,,-30831.0,10973.0,,2026.0,-30767.0,77.0,-8130.0,8110.0,-2863.0,-2833.0,-30.0,,,,,,8110.0,,,,,,,,,,,,,,,,,,,,,,,,,,,,,,,,,,,,,,,,,,,,,,,,,,,,,,,,,,,,,,,,,,,,,,,,,,,,,,,,,,,,,,,,,,,,,,,,,,,,,,,,,,,,,,,,,,,,,,,,,,,,,,,,,,,,,,,,0.0,1084217004618,2008-05-30,,17.0,41.20,F,85237956,12300,4210014,16,32731000001,kemerovo,4200,1.0,0.0,87.130782,53.749735,house,0.0
4217105140,1.0,none,1.0,0.0,0.0,0.0,,,,,,,,,,,10.0,10.0,,,,,,,10.0,10.0,,,,,,,0.0,,,,,0.0,,,,,,10.0,10.0,,,,,,,,,,,,,,,,,,,,,,,,,,,,,,,,,,,,,,,,,,,,,,,,,,,,,,,,,,,,,,,,,,,,,,,,,,,,,,,,,,,,,,,,,,,,,,,,,,,,,,,,,,,,,,,,,,,,,,,,,,,,,,,,,,,,,,,,,,,,,,,,,,,,,,,,,,,,,,0.0,1084217004563,2008-05-30,,17.0,79.11,N,85237904,12300,4210014,16,45321000000,moscow city,7700,1.0,0.0,37.4354168,55.7143311,street,0.0
4217105180,1.0,none,1.0,0.0,1.0,4557.0,,,,,,4557.0,,,,,3063.0,275.0,,,,2653.0,135.0,,1347.0,,,,,,,,0.0,0.0,,,0.0,6273.0,,6273.0,,,,7620.0,7620.0,,40163.0,-27602.0,12561.0,,,2896.0,,,,50.0,-9715.0,1678.0,-1218.0,,,,,,,,1678.0,,,,,,,,,,,,,,,,,,,,,,,,,,,,,,,,,,,,,,,,,,,,,,,,,,,,,,,,,,,,,,,,,,,,,,,,,,,,,,,,,,,,,,,,,,,,,,,,,,,,,,,,,,,,,,,,,,,,,,,,,,,,,,,,,,,,,,,,1.0,1084217004684,2008-06-02,,17.0,10.13,C,85238223,12300,4210014,16,32731000001,kemerovo,4200,1.0,0.0,87.188971,53.829258,house,0.0
4217105260,1.0,none,1.0,0.0,1.0,,,,,,,,,,,,345.0,163.0,,,,157.0,25.0,,277.0,,,,,,,,,,,,,68.0,,68.0,,,,345.0,345.0,,706.0,-591.0,115.0,,,85.0,,,,0.0,-30.0,64.0,-21.0,,,,,,,,64.0,,,,,,,,,,,,,,,,,,,,,,,,,,,,,,,,,,,,,,,,,,,,,,,,,,,,,,,,,,,,,,,,,,,,,,,,,,,,,,,,,,,,,,,,,,,,,,,,,,,,,,,,,,,,,,,,,,,,,,,,,,,,,,,,,,,,,,,,1.0,1084217004717,2008-06-03,,17.0,52.21.24,H,85238602,12300,4210014,16,32731000001,kemerovo,4200,1.0,0.0,87.1556687,53.7510548,house,0.0
4217105278,1.0,none,1.0,0.0,1.0,,,,,,,,,,,,8225.0,7820.0,,,,0.0,405.0,,8007.0,,,,,,,,0.0,0.0,,,,218.0,0.0,218.0,,,,8225.0,8225.0,,8314.0,-7663.0,651.0,,,633.0,,,,,-18.0,536.0,-97.0,,,,,,,,536.0,,,,,,,,,,,,,,,,,,,,,,,,,,,,,,,,,,,,,,,,,,,,,,,,,,,,,,,,,,,,,,,,,,,,,,,,,,,,,,,,,,,,,,,,,,,,,,,,,,,,,,,,,,,,,,,,,,,,,,,,,,,,,,,,,,,,,,,,1.0,1084217004750,2008-06-03,,17.0,45.19.10,G,85238654,12300,4210014,16,32731000001,kemerovo,4200,1.0,0.0,87.2015544,53.7203879,house,0.0
4217105422,1.0,none,1.0,0.0,0.0,20598.0,,0.0,,,,12751.0,0.0,0.0,7848.0,0.0,14990.0,13946.0,,0.0,63.0,704.0,172.0,106.0,9720.0,4194.0,-1272.0,,0.0,,0.0,6799.0,4050.0,3567.0,483.0,,0.0,21818.0,4130.0,17688.0,,,,35588.0,35588.0,-5297.0,38637.0,-43934.0,-17340.0,,-12043.0,-18401.0,,357.0,-1160.0,1442.0,-1700.0,-13837.0,4564.0,0.0,4564.0,,,,,,-13837.0,0.0,,,,,,,,,,,,,,,,,,,,,,,,,,,,,,,,,,,,,,,,,,,,,,,,,,,,,,,,,,,,,,,,,,,,,,,,,,,,,,,,,,,,,,,,,,,,,,,,,,,,,,,,,,,,,,,,,,,,,,,,,,,,,,,,,,,,,,,0.0,1084217004871,2008-06-07,,17.0,71.12.10,M,85228348,12300,4210014,16,32731000001,kemerovo,4200,1.0,0.0,87.1065107,53.7639896,house,0.0
4217105662,1.0,none,1.0,0.0,1.0,0.0,,,,,,0.0,,0.0,,,167.0,16.0,,,,5.0,146.0,,167.0,,,,,,,,,,,,,0.0,,0.0,,,,167.0,167.0,,0.0,0.0,,,,-20.0,,,,,-20.0,-20.0,0.0,,,,,,,,-20.0,,,,,,,,,,,,,,,,,,,,,,,,,,,,,,,,,,,,,,,,,,,,,,,,,,,,,,,,,,,,,,,,,,,,,,,,,,,,,,,,,,,,,,,,,,,,,,,,,,,,,,,,,,,,,,,,,,,,,,,,,,,,,,,,,,,,,,,,1.0,1084217005124,2008-06-18,,17.0,69,M,85240757,12300,4210014,16,32731000001,kemerovo,4200,1.0,0.0,87.117268,53.7708422,house,0.0
4217105775,1.0,none,1.0,0.0,1.0,,,,,,,,,,,,283.0,,,,,177.0,106.0,,106.0,,,,,,,,,,,,,176.0,,176.0,,,,282.0,282.0,,8402.0,-8813.0,-411.0,,,-411.0,,,,,,-411.0,0.0,,,,,,,,-411.0,,,,,,,,,,,,,,,,,,,,,,,,,,,,,,,,,,,,,,,,,,,,,,,,,,,,,,,,,,,,,,,,,,,,,,,,,,,,,,,,,,,,,,,,,,,,,,,,,,,,,,,,,,,,,,,,,,,,,,,,,,,,,,,,,,,,,,,,1.0,1084217005278,2008-06-24,,17.0,80.20,N,85241567,12300,4210014,16,32731000001,kemerovo,4200,1.0,0.0,87.015221,53.7464127,house,0.0
4217105895,1.0,none,1.0,0.0,0.0,,,,,,,,,,,,28.0,11.0,,,,,17.0,,12.0,10.0,,,,,,2.0,,,,,,16.0,,16.0,,,,28.0,28.0,40.0,135.0,-95.0,3.0,,-37.0,3.0,,,,,,0.0,-1.0,-1.0,,,,,,,0.0,,,,,,,,,,,,,,,,,,,,,,,,,,,,,,,,,,,,,,,,,,,,,,,,,,,,,,,,,,,,,,,,,,,,,,,,,,,,,,,,,,,,,,,,,,,,,,,,,,,,,,,,,,,,,,,,,,,,,,,,,,,,,,,,,,,,,,,,0.0,1084217005322,2008-06-27,,17.0,33.12,C,85242213,12300,4210014,16,32731000001,kemerovo,4200,1.0,0.0,87.1306801,53.7949941,house,0.0
4217106120,1.0,none,1.0,0.0,0.0,0.0,,0.0,,0.0,0.0,0.0,,0.0,0.0,0.0,7.0,,,,1.0,,6.0,,7.0,10.0,,,,,,-3.0,0.0,,0.0,0.0,0.0,0.0,0.0,0.0,0.0,0.0,0.0,7.0,7.0,0.0,0.0,0.0,0.0,0.0,0.0,0.0,0.0,0.0,0.0,0.0,0.0,0.0,0.0,0.0,0.0,,,,,0.0,0.0,0.0,0.0,0.0,,,,,,,,,,,,,,,,,,,,,,,,,,,,,,,,,,,,,,,,,,,,,,,,,,,,,,,,,,,,,,,,,,,,,,,,,,,,,,,,,,,,,,,,,,,,,,,,,,,,,,,,,,,,,,,,,,,,,,,,,,,,,,,,,,,,,0.0,1084217005564,2008-07-11,,17.0,77.20,N,85244086,12300,4210014,16,32731000001,kemerovo,4200,1.0,0.0,87.1516485,53.7429159,house,0.0
4217106151,1.0,none,1.0,0.0,1.0,,,,,,,,,,,,1175.0,,,,,1162.0,13.0,,1124.0,,,,,,,,,,,,,51.0,,51.0,,,,1175.0,1175.0,,1405.0,-1374.0,31.0,,,13.0,,,,,-18.0,-15.0,-28.0,,,,,,,,-15.0,,,,,,,,,,,,,,,,,,,,,,,,,,,,,,,,,,,,,,,,,,,,,,,,,,,,,,,,,,,,,,,,,,,,,,,,,,,,,,,,,,,,,,,,,,,,,,,,,,,,,,,,,,,,,,,,,,,,,,,,,,,,,,,,,,,,,,,,1.0,1084217005597,2008-07-11,,17.0,73.10,M,85244117,12300,4210014,16,32731000001,kemerovo,4200,1.0,0.0,87.1259138,53.7674219,house,0.0
4217106190,1.0,none,1.0,0.0,1.0,15.0,,,,,,15.0,,,,,7569.0,4343.0,,,,3019.0,207.0,,2591.0,,,,,,,,3805.0,3805.0,,,,1188.0,30.0,1158.0,,,,7584.0,7584.0,,24953.0,-24616.0,337.0,,,-783.0,,,-615.0,9.0,-514.0,-889.0,-106.0,,,,,,,,-889.0,,,,,,,,,,,,,,,,,,,,,,,,,,,,,,,,,,,,,,,,,,,,,,,,,,,,,,,,,,,,,,,,,,,,,,,,,,,,,,,,,,,,,,,,,,,,,,,,,,,,,,,,,,,,,,,,,,,,,,,,,,,,,,,,,,,,,,,,1.0,1084217005630,2008-07-11,,17.0,46.74.20,G,85244152,12300,4210014,16,32731000001,kemerovo,4200,1.0,0.0,87.1345123,53.7455676,house,0.0
4217106240,1.0,none,1.0,0.0,1.0,572.0,,,,,,72.0,,500.0,,,229.0,64.0,,,,159.0,6.0,,-720.0,,,,,,,,1490.0,1490.0,,,,31.0,0.0,31.0,,,,801.0,801.0,,13656.0,-15016.0,-1360.0,,,-1445.0,,,,94.0,-179.0,-1586.0,-141.0,,,,,,,,-1586.0,,,,,,,,,,,,,,,,,,,,,,,,,,,,,,,,,,,,,,,,,,,,,,,,,,,,,,,,,,,,,,,,,,,,,,,,,,,,,,,,,,,,,,,,,,,,,,,,,,,,,,,,,,,,,,,,,,,,,,,,,,,,,,,,,,,,,,,,1.0,1084217005685,2008-07-14,,17.0,10.71,C,85244399,12300,4210014,16,32737000001,kemerovo,4200,1.0,0.0,86.7860383,53.9209376,house,0.0
4217106257,1.0,none,1.0,0.0,1.0,10.0,,,,,,10.0,,0.0,,,4114.0,1005.0,,,,865.0,2244.0,,3853.0,,,,,,,,,,,,,271.0,,165.0,,,106.0,4124.0,4124.0,,19733.0,-16923.0,2810.0,,,2541.0,,,,,-269.0,1993.0,-548.0,,,,,,,,1993.0,,,,,,,,,,,,,,,,,,,,,,,,,,,,,,,,,,,,,,,,,,,,,,,,,,,,,,,,,,,,,,,,,,,,,,,,,,,,,,,,,,,,,,,,,,,,,,,,,,,,,,,,,,,,,,,,,,,,,,,,,,,,,,,,,,,,,,,,1.0,1084217005696,2008-07-14,,17.0,43.22,F,85244407,12300,4210014,16,32731000001,kemerovo,4200,1.0,0.0,87.1432391,53.7537352,house,0.0
4217106835,1.0,none,1.0,0.0,0.0,0.0,,0.0,,0.0,0.0,0.0,,0.0,0.0,0.0,50.0,0.0,,0.0,0.0,0.0,50.0,0.0,50.0,50.0,0.0,,,,,,0.0,0.0,,,,0.0,,0.0,,,,50.0,50.0,269.0,569.0,-300.0,89.0,-150.0,-30.0,89.0,,,0.0,,0.0,89.0,,0.0,,,,,,,89.0,,,,,,,,,,,,,,,,,,,,,,,,,,,,,,,,,,,,,,,,,,,,,,,,,,,,,,,,,,,,,,,,,,,,,,,,,,,,,,,,,,,,,,,,,,,,,,,,,,,,,,,,,,,,,,,,,,,,,,,,,,,,,,,,,,,,,,,,0.0,1084217006268,2008-07-30,,17.0,68.31,L,87472130,12300,4210014,16,32731000001,kemerovo,4200,1.0,0.0,87.1334803,53.7625818,house,0.0
4217106970,1.0,none,1.0,0.0,1.0,14828.0,,,,,,9631.0,,5197.0,,,43092.0,831.0,,,,42229.0,32.0,,52830.0,,,,,,,,500.0,500.0,,,,4590.0,7281.0,-2691.0,,,,57920.0,57920.0,,6659.0,-7715.0,-1056.0,,,-1261.0,,,0.0,0.0,-205.0,-1379.0,-118.0,,,,,,,,-1379.0,,,,,,,,,,,,,,,,,,,,,,,,,,,,,,,,,,,,,,,,,,,,,,,,,,,,,,,,,,,,,,,,,,,,,,,,,,,,,,,,,,,,,,,,,,,,,,,,,,,,,,,,,,,,,,,,,,,,,,,,,,,,,,,,,,,,,,,,1.0,1084217006400,2008-08-06,,17.0,77.12,N,87473508,12300,4210014,16,50701000001,novosibirsk,5400,1.0,0.0,82.9167283,55.0366624,house,0.0
4217107148,1.0,none,1.0,0.0,0.0,770.0,,0.0,,,,392.0,0.0,0.0,378.0,0.0,132985.0,119869.0,,52.0,11483.0,0.0,895.0,686.0,25959.0,50.0,,,0.0,,0.0,25909.0,51224.0,50908.0,316.0,,0.0,56572.0,0.0,56572.0,,,,133755.0,133755.0,8443.0,167945.0,-159502.0,-2869.0,-11312.0,,1080.0,,74.0,-252.0,4372.0,-245.0,1045.0,-35.0,-270.0,235.0,,,,,,1045.0,0.0,,,,,24269.0,24269.0,,,24914.0,24914.0,645.0,645.0,,,,,,,,,,,,,,,,,,24914.0,25959.0,1045.0,1045.0,,,,,,,,,,,,,,,,,,,,,,,,,,,,,,,-6689.0,194918.0,194232.0,,,,686.0,,-201607.0,-184358.0,-5884.0,-252.0,,-11113.0,,,,,,,,,,,,,,,,,5461.0,50123.0,50123.0,,,,,,-44662.0,,,-44662.0,,,-1228.0,2123.0,,895.0,,,,,,,,,,,,,,,,,,,,,,,,1.0,1084217006576,2008-08-12,,17.0,47.52.73,G,87474181,12300,4210014,16,50701000001,novosibirsk,5400,1.0,0.0,83.0425729,55.0107088,house,0.0
4217107476,1.0,none,1.0,0.0,1.0,,,,,,,,,,,,43980.0,,,,,42066.0,1914.0,,38377.0,,,,,,,,,,,,,5603.0,,5603.0,,,,43980.0,43980.0,,38077.0,-9537.0,28540.0,,,15815.0,,,,534.0,-13259.0,13717.0,-2098.0,,,,,,,,13717.0,,,,,,,,,,,,,,,,,,,,,,,,,,,,,,,,,,,,,,,,,,,,,,,,,,,,,,,,,,,,,,,,,,,,,,,,,,,,,,,,,,,,,,,,,,,,,,,,,,,,,,,,,,,,,,,,,,,,,,,,,,,,,,,,,,,,,,,,1.0,1084217006906,2008-08-22,,17.0,68.20.20,L,87476777,12300,4210014,16,32731000001,kemerovo,4200,1.0,0.0,87.14653,53.7582436,city,0.0
4217107500,1.0,none,1.0,0.0,1.0,,,,,,,,,,,,214.0,,,,,,214.0,,82.0,,,,,,,,,,,,,132.0,,132.0,,,,214.0,214.0,,785.0,-708.0,77.0,,,66.0,,,,,-11.0,58.0,-8.0,,,,,,,,58.0,,,,,,,,,,,,,,,,,,,,,,,,,,,,,,,,,,,,,,,,,,,,,,,,,,,,,,,,,,,,,,,,,,,,,,,,,,,,,,,,,,,,,,,,,,,,,,,,,,,,,,,,,,,,,,,,,,,,,,,,,,,,,,,,,,,,,,,,1.0,1084217006928,2008-08-22,,17.0,69.20,M,87476797,12300,4210014,16,32731000001,kemerovo,4200,1.0,0.0,,,,0.0
4217107518,1.0,none,1.0,0.0,0.0,674545.0,,0.0,,0.0,,193.0,,850.0,673502.0,,18432311.0,5718.0,,0.0,10282055.0,6500000.0,1644303.0,235.0,18321337.0,95.0,0.0,,,,24.0,18321218.0,166788.0,,166627.0,,161.0,618731.0,,618731.0,,0.0,,19106856.0,19106856.0,1173484.0,7178601.0,-6005117.0,-59052.0,-1227050.0,-5486.0,1630184.0,,1679963.0,-17.0,486828.0,-477538.0,1171592.0,-458592.0,-223673.0,-234919.0,,,,,0.0,1171592.0,,0.0,,12333.0,,16083322.0,16083322.0,0.0,0.0,17149744.0,0.0,1066422.0,1066422.0,0.0,,,,0.0,,0.0,,,,,,,0.0,,0.0,0.0,17149744.0,18321337.0,1171592.0,1171592.0,0.0,,,,0.0,,0.0,,,,,,,0.0,,0.0,0.0,,,,,,,,,,,,,,-1024520.0,6912692.0,6128402.0,0.0,,,784290.0,,-7937212.0,-7423877.0,-2.0,,-233110.0,-280223.0,,0.0,0.0,,,,0.0,,,0.0,,,0.0,,,,0.0,,,,,,,,0.0,,,,0.0,,-1024520.0,2668823.0,0.0,1644303.0,0.0,0.0,,,,,,,0.0,,,,,0.0,,,,,,,,,0.0,1.0,1084217006939,2008-08-25,,17.0,46.71.10,G,87477245,12267,4210014,16,32731000001,kemerovo,4200,1.0,0.0,87.1452845,53.7582095,house,0.0
4217107540,1.0,none,1.0,0.0,0.0,,,,,,,,,,,,2459.0,,,,1248.0,800.0,411.0,,2172.0,30.0,,,,,,2142.0,,,,,,287.0,,287.0,,,,2459.0,2459.0,1919.0,1919.0,0.0,439.0,,-1480.0,310.0,,,,,-129.0,248.0,-62.0,-62.0,,,,,,,248.0,,,,,,,,,,,,,,,,,,,,,,,,,,,,,,,,,,,,,,,,,,,,,,,,,,,,,,,,,,,,,,,,,,,,,,,,,,,,,,,,,,,,,,,,,,,,,,,,,,,,,,,,,,,,,,,,,,,,,,,,,,,,,,,,,,,,,,,,0.0,1084217006961,2008-08-26,,17.0,79.11,N,87477274,12300,4210014,16,32731000001,kemerovo,4200,1.0,0.0,87.1168776,53.762669,house,0.0
4217107557,1.0,none,1.0,0.0,1.0,10497.0,,,,,,6482.0,,4015.0,,,2609.0,,,,,2609.0,0.0,,-5815.0,,,,,,,,,,,,,18921.0,18818.0,103.0,,,,13106.0,13106.0,,872.0,-623.0,249.0,,,-223.0,,,-820.0,366.0,-18.0,-246.0,-23.0,,,,,,,,-246.0,,,,,,,,,,,,,,,,,,,,,,,,,,,,,,,,,,,,,,,,,,,,,,,,,,,,,,,,,,,,,,,,,,,,,,,,,,,,,,,,,,,,,,,,,,,,,,,,,,,,,,,,,,,,,,,,,,,,,,,,,,,,,,,,,,,,,,,,1.0,1084217006972,2008-08-26,,17.0,68.20,L,87477280,12300,4210014,16,32731000001,kemerovo,4200,1.0,0.0,87.1227709,53.7779911,house,0.0
4217107571,1.0,none,1.0,0.0,1.0,14.0,,,,,,14.0,,0.0,,,8.0,0.0,,,,0.0,8.0,,22.0,,,,,,,,0.0,0.0,,,0.0,0.0,0.0,0.0,,,0.0,22.0,22.0,,18.0,-48.0,-30.0,,,-30.0,,,,,0.0,-29.0,-1.0,,,,,,,,-29.0,,,,,,,,,,,,,,,,,,,,,,,,,,,,,,,,,,,,,,,,,,,,,,,,,,,,,,,,,,,,,,,,,,,,,,,,,,,,,,,,,,,,,,,,,,,,,,,,,,,,,,,,,,,,,,,,,,,,,,,,,,,,,,,,,,,,,,,,1.0,1084217006994,2008-08-28,,17.0,69,M,87477831,12300,4210014,16,32731000001,kemerovo,4200,1.0,0.0,87.1179917,53.7650109,house,0.0
4217107980,1.0,none,1.0,0.0,1.0,36420.0,,,,,,36420.0,,0.0,,,8859.0,2255.0,,,,6525.0,79.0,,-47473.0,,,,,,,,289.0,0.0,,,289.0,92463.0,89215.0,3248.0,,,0.0,45279.0,45279.0,,51530.0,-36398.0,15132.0,,,-3975.0,,,-19367.0,260.0,0.0,-5322.0,-1347.0,,,,,,,,-5322.0,,,,,,,,,,,,,,,,,,,,,,,,,,,,,,,,,,,,,,,,,,,,,,,,,,,,,,,,,,,,,,,,,,,,,,,,,,,,,,,,,,,,,,,,,,,,,,,,,,,,,,,,,,,,,,,,,,,,,,,,,,,,,,,,,,,,,,,,1.0,1084217007379,2008-09-10,,17.0,68.20.20,L,87480520,12300,4210014,16,32519000631,kemerovo,4200,1.0,0.0,87.4002414,53.7894786,street,0.0
4217107998,1.0,none,1.0,0.0,1.0,0.0,,,,,,0.0,,0.0,,,2040.0,71.0,,,,1701.0,268.0,,-2116.0,,,,,,,,0.0,0.0,,,0.0,4156.0,0.0,4156.0,,,0.0,2040.0,2040.0,,22416.0,-26331.0,-3915.0,,,-3257.0,,,-5.0,846.0,-183.0,-3500.0,-243.0,,,,,,,,-3500.0,,,,,,,,,,,,,,,,,,,,,,,,,,,,,,,,,,,,,,,,,,,,,,,,,,,,,,,,,,,,,,,,,,,,,,,,,,,,,,,,,,,,,,,,,,,,,,,,,,,,,,,,,,,,,,,,,,,,,,,,,,,,,,,,,,,,,,,,1.0,1084217007380,2008-09-10,,17.0,49.41.10,H,87480537,12300,4210014,16,32731000001,kemerovo,4200,1.0,0.0,87.112181,53.7700928,house,0.0
4217108039,1.0,none,1.0,0.0,1.0,,,,,,,,,,,,299.0,0.0,,,,285.0,14.0,,298.0,,,,,,,,0.0,0.0,,,,1.0,0.0,1.0,,,,299.0,299.0,,485.0,-490.0,-5.0,,,-5.0,,,,,,-19.0,-14.0,,,,,,,,-19.0,,,,,,,,,,,,,,,,,,,,,,,,,,,,,,,,,,,,,,,,,,,,,,,,,,,,,,,,,,,,,,,,,,,,,,,,,,,,,,,,,,,,,,,,,,,,,,,,,,,,,,,,,,,,,,,,,,,,,,,,,,,,,,,,,,,,,,,,1.0,1084217007412,2008-09-11,,17.0,79.11,N,87480744,12300,4210014,16,32731000001,kemerovo,4200,0.0,0.0,87.1441428,53.7642455,house,0.0
4217108060,1.0,none,1.0,0.0,1.0,,,,,,,,,,,,1223.0,831.0,,,,201.0,191.0,,1160.0,,,,,,,,,,,,,63.0,,63.0,,,,1223.0,1223.0,,23933.0,-23498.0,435.0,,,435.0,,,,,,189.0,-246.0,,,,,,,,189.0,,,,,,,,,,,,,,,,,,,,,,,,,,,,,,,,,,,,,,,,,,,,,,,,,,,,,,,,,,,,,,,,,,,,,,,,,,,,,,,,,,,,,,,,,,,,,,,,,,,,,,,,,,,,,,,,,,,,,,,,,,,,,,,,,,,,,,,,1.0,1084217007489,2008-09-15,,17.0,68.20.20,L,87481073,12300,4210014,16,32731000001,kemerovo,4200,1.0,0.0,87.0977796,53.7701697,house,0.0
4217108230,1.0,none,1.0,0.0,0.0,,,,,,,,,,,,313.0,246.0,,,,,67.0,,313.0,126.0,,,,,,187.0,,,,,,0.0,,0.0,,,,313.0,313.0,187.0,2867.0,-2680.0,187.0,,,187.0,,,,,,187.0,,,,,,,,,187.0,,,,,,,,,,,,,,,,,,,,,,,,,,,,,,,,,,,,,,,,,,,,,,,,,,,,,,,,,,,,,,,,,,,,,,,,,,,,,,,,,,,,,,,,,,,,,,,,,,,,,,,,,,,,,,,,,,,,,,,,,,,,,,,,,,,,,,,,0.0,1084217007600,2008-09-17,,17.0,71.11.10,M,87481873,12300,4210014,16,32731000001,kemerovo,4200,1.0,0.0,87.1584843,53.7580613,house,0.0
4217108455,1.0,none,1.0,0.0,0.0,634903.0,,1323.0,,,,474330.0,,,158392.0,858.0,716177.0,381499.0,,0.0,254588.0,,78631.0,1459.0,183008.0,10.0,,,,,,182998.0,440698.0,,133061.0,,307637.0,727374.0,,706390.0,,20984.0,,1351080.0,1351080.0,1417761.0,10163833.0,-8746072.0,-64814.0,-1238785.0,-243790.0,-38243.0,,913.0,-165896.0,299142.0,-107588.0,-31567.0,6676.0,-6706.0,13382.0,,,,,,-31567.0,,,,,,174608.0,174380.0,-228.0,,284575.0,284575.0,110195.0,110195.0,,,,,,,,,,,,,,,,,,284575.0,183008.0,-31567.0,-31567.0,,,,,,,-70000.0,,,,,,,-70000.0,,,,,,,,,,,,,,,,,71578.0,10417120.0,10348524.0,2661.0,,,65935.0,,-10345542.0,-9654684.0,-430491.0,,-13044.0,-247323.0,,-16526.0,3000.0,,,3000.0,,,,-19526.0,-19526.0,,,,,,-70000.0,,,,,,,,-70000.0,,-70000.0,,,,-14948.0,93579.0,,78631.0,,,,,,,,,,,,,,,,,,,,,,,,1.0,1084217007819,2008-09-25,,17.0,47.30,G,87483292,12300,4210014,16,32731000001,kemerovo,4200,1.0,0.0,87.1558733,53.7459714,house,0.0
4217108511,1.0,none,1.0,0.0,0.0,,,,,,,,,,,,356.0,,,0.0,355.0,,1.0,,15.0,10.0,,,,,,5.0,,,,,,341.0,,341.0,,,,356.0,356.0,306.0,769.0,-463.0,243.0,-63.0,,194.0,,,,,-49.0,5.0,-49.0,-49.0,,,,,,-140.0,5.0,,,,,,,,,,,,,,,,,,,,,,,,,,,,,,,,,,,,,,,,,,,,,,,,,,,,,,,,,,,,,,,,,,,,,,,,,,,,,,,,,,,,,,,,,,,,,,,,,,,,,,,,,,,,,,,,,,,,,,,,,,,,,,,,,,,,,,,,0.0,1084217007874,2008-09-26,,17.0,49.40,H,87483501,12300,4210014,16,32731000001,kemerovo,4200,1.0,0.0,87.1320764,53.773545,house,0.0
4217108590,1.0,none,1.0,0.0,1.0,128839.0,,,,,,19240.0,,109599.0,,,254082.0,105190.0,,,,148731.0,161.0,,356108.0,,,,,,,,424.0,,,,424.0,26390.0,43.0,26347.0,,,,382921.0,382921.0,,190799.0,-195419.0,-4620.0,,,-4614.0,,,,4841.0,-4835.0,-5882.0,-1268.0,,,,,,,,-5882.0,,,,,,,,,,,,,,,,,,,,,,,,,,,,,,,,,,,,,,,,,,,,,,,,,,,,,,,,,,,,,,,,,,,,,,,,,,,,,,,,,,,,,,,,,,,,,,,,,,,,,,,,,,,,,,,,,,,,,,,,,,,,,,,,,,,,,,,,1.0,1084217007951,2008-09-30,,17.0,46.72.20,G,87484340,12300,4210014,16,84701000001,altai rep.,0400,0.0,0.0,85.8995138,51.9677292,house,0.0
4217108712,1.0,none,1.0,0.0,1.0,1876.0,,,,,,1156.0,,720.0,,,5544.0,0.0,,,,3778.0,1766.0,,5838.0,,,,,,,,,,,,,1582.0,,1582.0,,,,7420.0,7420.0,,26133.0,-23036.0,3097.0,,,2979.0,,,,203.0,-321.0,2244.0,-735.0,,,,,,,,2244.0,,,,,,,,,,,,,,,,,,,,,,,,,,,,,,,,,,,,,,,,,,,,,,,,,,,,,,,,,,,,,,,,,,,,,,,,,,,,,,,,,,,,,,,,,,,,,,,,,,,,,,,,,,,,,,,,,,,,,,,,,,,,,,,,,,,,,,,,1.0,1084217008061,2008-10-01,,17.0,71.20.90,M,87484558,12300,4210014,16,32731000001,kemerovo,4200,1.0,0.0,87.162561,53.7549785,house,0.0
4217108751,1.0,none,1.0,0.0,1.0,1679.0,,,,,,1679.0,,,,,1725.0,0.0,,,,1694.0,31.0,,1594.0,,,,,,,,,,,,,1810.0,,1810.0,,,,3404.0,3404.0,,1070.0,-4525.0,-3455.0,,,506.0,,,,4046.0,-85.0,506.0,,,,,,,,,506.0,,,,,,,,,,,,,,,,,,,,,,,,,,,,,,,,,,,,,,,,,,,,,,,,,,,,,,,,,,,,,,,,,,,,,,,,,,,,,,,,,,,,,,,,,,,,,,,,,,,,,,,,,,,,,,,,,,,,,,,,,,,,,,,,,,,,,,,,1.0,1084217008116,2008-10-02,,17.0,01.61,A,87484883,12300,4210014,16,32731000001,kemerovo,4200,1.0,0.0,87.1051202,53.765343,house,0.0
4217108818,1.0,none,1.0,0.0,1.0,1468.0,,,,,,1468.0,,0.0,,,1241.0,384.0,,,,542.0,315.0,,2187.0,,,,,,,,433.0,433.0,,,,89.0,0.0,89.0,,,,2709.0,2709.0,,6788.0,-5757.0,1031.0,,,932.0,,,-129.0,172.0,-142.0,727.0,-205.0,,,,,,,,727.0,,,,,,,,,,,,,,,,,,,,,,,,,,,,,,,,,,,,,,,,,,,,,,,,,,,,,,,,,,,,,,,,,,,,,,,,,,,,,,,,,,,,,,,,,,,,,,,,,,,,,,,,,,,,,,,,,,,,,,,,,,,,,,,,,,,,,,,,1.0,1084217008160,2008-10-06,,17.0,43.21,F,87485339,12300,4210014,16,32731000001,kemerovo,4200,1.0,0.0,87.0523182,53.746108,house,0.0
4217108896,1.0,none,1.0,0.0,0.0,,,,,,,,,,,,22282.0,,,0.0,16363.0,,5917.0,2.0,-407797.0,10.0,,,,,,-407807.0,,,,,,430079.0,,430079.0,,,,22282.0,22282.0,0.0,,0.0,0.0,,,2350865.0,,,,2351838.0,-973.0,4701018.0,-356.0,-356.0,,2350509.0,,,,,4701018.0,,,,,,-3293712.0,-3293712.0,,,-3335347.0,-2758306.0,535406.0,535406.0,,,,,,,-577041.0,,,,,,,,,,,-3335347.0,-407797.0,2350509.0,2350509.0,,,,,,,,,,,,,,,,,,,,,,,,,,,,,,,-13505.0,3820.0,0.0,,,,3820.0,,-17325.0,-16.0,,,,-17309.0,,,,,,,,,,,,,,,,,,,,,,,,,,,,,,,-13505.0,19422.0,,5917.0,,,,,,,,,,,,,,,,,,,,,,,,1.0,1084217008248,2008-10-07,,17.0,68.32.20,L,87485517,12300,4210011,23,32731000001,kemerovo,4200,1.0,0.0,87.1382466,53.7589238,house,0.0
4217108938,1.0,none,1.0,0.0,0.0,989.0,,,,,,767.0,,,222.0,,94618.0,38563.0,,2230.0,50308.0,,3495.0,22.0,64194.0,250.0,,,,,,63944.0,239.0,,239.0,,,31175.0,,31175.0,,,,95608.0,95608.0,26076.0,62735.0,-36659.0,6424.0,-3920.0,-15732.0,11804.0,5500.0,731.0,,2232.0,-3083.0,10122.0,-1682.0,-1682.0,0.0,,,,,0.0,10122.0,,,,,,,,,,,,,,,,,,,,,,,,,,,,,,,,,,,,,,,,,,,,,,,,,,,,,,,,,,,,,,,,,,,,,,,,,,,,,,,,,,,,,,,,,,,,,,,,,,,,,,,,,,,,,,,,,,,,,,,,,,,,,,,,,,,,,,,,0.0,1084217008281,2008-10-07,,17.0,46.69.90,G,87485569,12300,4210011,24,32731000001,kemerovo,4200,1.0,0.0,87.1326704,53.7765341,house,0.0
4217109219,1.0,none,1.0,0.0,1.0,,,,,,,,,,,,872.0,0.0,,,,802.0,70.0,,872.0,,,,,,,,0.0,0.0,,,,0.0,0.0,,,,,872.0,872.0,,374.0,-363.0,11.0,,,11.0,,,,,,0.0,-11.0,,,,,,,,0.0,,,,,,,,,,,,,,,,,,,,,,,,,,,,,,,,,,,,,,,,,,,,,,,,,,,,,,,,,,,,,,,,,,,,,,,,,,,,,,,,,,,,,,,,,,,,,,,,,,,,,,,,,,,,,,,,,,,,,,,,,,,,,,,,,,,,,,,,1.0,1084217008743,2008-10-14,,17.0,63.11.10,J,87487309,12300,4210014,16,32731000001,kemerovo,4200,1.0,0.0,87.116031,53.760156,house,0.0
4217109579,1.0,none,1.0,0.0,1.0,116.0,,,,,,106.0,,10.0,,,6128.0,1172.0,,,,4619.0,337.0,,5491.0,,,,,,,,,,,,,753.0,,753.0,,,,6244.0,6244.0,,28587.0,-24949.0,3638.0,,,2990.0,,,,1.0,-649.0,2444.0,-546.0,,,,,,,,2444.0,,,,,,,,,,,,,,,,,,,,,,,,,,,,,,,,,,,,,,,,,,,,,,,,,,,,,,,,,,,,,,,,,,,,,,,,,,,,,,,,,,,,,,,,,,,,,,,,,,,,,,,,,,,,,,,,,,,,,,,,,,,,,,,,,,,,,,,,1.0,1084220003405,2008-10-22,,17.0,47.73,G,57624298,12300,4210014,16,32731000001,kemerovo,4200,1.0,0.0,87.1539539,53.759582,house,0.0
4217109628,1.0,none,1.0,0.0,1.0,,,,,,,,,,,,51346.0,27257.0,,,,23975.0,114.0,,453.0,,,,,,,,,,,,,50893.0,24800.0,26093.0,,,,51346.0,51346.0,,103467.0,-100225.0,3242.0,,,794.0,,,-1803.0,400.0,-1045.0,9.0,-785.0,,,,,,,,9.0,,,,,,,,,,,,,,,,,,,,,,,,,,,,,,,,,,,,,,,,,,,,,,,,,,,,,,,,,,,,,,,,,,,,,,,,,,,,,,,,,,,,,,,,,,,,,,,,,,,,,,,,,,,,,,,,,,,,,,,,,,,,,,,,,,,,,,,,1.0,1084217009150,2008-10-27,,17.0,33.12,C,87489745,12300,4210014,16,32701000001,kemerovo,4200,1.0,0.0,86.05882,55.3189874,street,0.0
4217109787,1.0,none,1.0,0.0,0.0,48817.0,,,,,,0.0,48817.0,,,,3535.0,0.0,,,3322.0,,213.0,0.0,35832.0,21.0,,,,,,35811.0,15813.0,15813.0,,,,707.0,,707.0,,,,52352.0,52352.0,3398.0,14262.0,-10864.0,3398.0,,,2530.0,,,-770.0,0.0,-98.0,1991.0,,,,,,,,-539.0,1991.0,,,,,,,,,,,,,,,,,,,,,,,,,,,,,,,,,,,,,,,,,,,,,,,,,,,,,,,,,,,,,,,,,,,,,,,,,,,,,,,,,,,,,,,,,,,,,,,,,,,,,,,,,,,,,,,,,,,,,,,,,,,,,,,,,,,,,,,,0.0,1084217009315,2008-10-31,,17.0,47.10,G,87490560,12300,4210014,16,32731000001,kemerovo,4200,1.0,0.0,87.1261352,53.7511379,house,0.0
4217109868,1.0,none,1.0,0.0,1.0,446.0,,,,,,446.0,,,,,269.0,138.0,,,,39.0,92.0,,313.0,,,,,,,,300.0,300.0,,,,102.0,,102.0,,,,715.0,715.0,,2209.0,-2137.0,72.0,,,68.0,,,,,-4.0,2.0,-66.0,,,,,,,,2.0,,,,,,,,,,,,,,,,,,,,,,,,,,,,,,,,,,,,,,,,,,,,,,,,,,,,,,,,,,,,,,,,,,,,,,,,,,,,,,,,,,,,,,,,,,,,,,,,,,,,,,,,,,,,,,,,,,,,,,,,,,,,,,,,,,,,,,,,1.0,1084217009381,2008-11-05,,17.0,86.23,Q,87491179,12300,4210014,16,32731000001,kemerovo,4200,1.0,0.0,87.14653,53.7582436,city,0.0
4217109875,1.0,none,1.0,0.0,1.0,,,,,,,,,,,,30.0,25.0,,,,0.0,5.0,,15.0,,,,,,,,,,,,,15.0,,15.0,,,,30.0,30.0,,504.0,-500.0,4.0,,,-35.0,,,,,-39.0,-50.0,-15.0,,,,,,,,-50.0,,,,,,,,,,,,,,,,,,,,,,,,,,,,,,,,,,,,,,,,,,,,,,,,,,,,,,,,,,,,,,,,,,,,,,,,,,,,,,,,,,,,,,,,,,,,,,,,,,,,,,,,,,,,,,,,,,,,,,,,,,,,,,,,,,,,,,,,1.0,1084217009392,2008-11-05,,17.0,68.10,L,87491185,12300,4210014,16,32731000001,kemerovo,4200,1.0,0.0,87.1066489,53.7571447,house,0.0
4217110084,1.0,none,1.0,0.0,1.0,,,,,,,,,,,,4104.0,98.0,,,,,4006.0,,2284.0,,,,,,,,,,,,,1820.0,82.0,1738.0,,,,4104.0,4104.0,,7529.0,-6612.0,917.0,,,917.0,,,,,0.0,780.0,-137.0,,,,,,,,780.0,,,,,,,,,,,,,,,,,,,,,,,,,,,,,,,,,,,,,,,,,,,,,,,,,,,,,,,,,,,,,,,,,,,,,,,,,,,,,,,,,,,,,,,,,,,,,,,,,,,,,,,,,,,,,,,,,,,,,,,,,,,,,,,,,,,,,,,,1.0,1084217009590,2008-11-10,,17.0,47.59.10,G,87491831,12300,4210014,16,32731000001,kemerovo,4200,1.0,0.0,87.1619366,53.7876637,house,0.0
4217110091,1.0,none,1.0,0.0,1.0,,,,,,,,,,,,989.0,,,,,983.0,6.0,,390.0,,,,,,,,0.0,0.0,,,,599.0,,599.0,,,,989.0,989.0,,10000.0,-8753.0,1247.0,,,1233.0,,,,,-14.0,633.0,-600.0,,,,,,,,633.0,,,,,,,,,,,,,,,,,,,,,,,,,,,,,,,,,,,,,,,,,,,,,,,,,,,,,,,,,,,,,,,,,,,,,,,,,,,,,,,,,,,,,,,,,,,,,,,,,,,,,,,,,,,,,,,,,,,,,,,,,,,,,,,,,,,,,,,,1.0,1084217009601,2008-11-10,,17.0,43.30,F,87491848,12300,4210014,16,32731000001,kemerovo,4200,1.0,0.0,87.130782,53.749735,house,0.0
4217110133,1.0,none,1.0,0.0,1.0,,,,,,,,,,,,12.0,,,,,,12.0,,12.0,,,,,,,,,,,,,,,,,,,12.0,12.0,,,,,,,,,,,,,,,,,,,,,,,,,,,,,,,,,,,,,,,,,,,,,,,,,,,,,,,,,,,,,,,,,,,,,,,,,,,,,,,,,,,,,,,,,,,,,,,,,,,,,,,,,,,,,,,,,,,,,,,,,,,,,,,,,,,,,,,,,,,,,,,,,,,,,,,,,,,,,,1.0,1084217009645,2008-11-12,,17.0,47.10,G,87492291,12300,4210014,16,32731000001,kemerovo,4200,1.0,0.0,87.1141089,53.7415,street,0.0
4217110278,1.0,none,1.0,0.0,1.0,437.0,,,,,,112.0,,325.0,,,3883.0,1316.0,,,,1572.0,995.0,,-185.0,,,,,,,,,,,,,4504.0,,4504.0,,,,4319.0,4319.0,,13704.0,-13635.0,69.0,,,-243.0,,,,5.0,-317.0,-441.0,-198.0,,,,,,,,-441.0,,,,,,,,,,,,,,,,,,,,,,,,,,,,,,,,,,,,,,,,,,,,,,,,,,,,,,,,,,,,,,,,,,,,,,,,,,,,,,,,,,,,,,,,,,,,,,,,,,,,,,,,,,,,,,,,,,,,,,,,,,,,,,,,,,,,,,,,1.0,1084217009777,2008-11-18,,17.0,68.31.12,L,87493209,12300,4210014,16,45375000000,moscow city,7700,1.0,0.0,37.6640506,55.7611919,house,0.0
4217110341,1.0,none,1.0,0.0,1.0,1441.0,,,,,,1441.0,,,,,879.0,120.0,,,,744.0,15.0,,2273.0,,,,,,,,,,,,,47.0,,47.0,,,,2320.0,2320.0,,15277.0,-14159.0,1118.0,,,23.0,,,,,-1095.0,-145.0,-168.0,,,,,,,,-145.0,,,,,,,,,,,,,,,,,,,,,,,,,,,,,,,,,,,,,,,,,,,,,,,,,,,,,,,,,,,,,,,,,,,,,,,,,,,,,,,,,,,,,,,,,,,,,,,,,,,,,,,,,,,,,,,,,,,,,,,,,,,,,,,,,,,,,,,,1.0,1084217009821,2008-11-20,,17.0,46.34.10,G,87493623,12300,4210014,16,32731000001,kemerovo,4200,1.0,0.0,87.106869,53.7676077,house,0.0
4217110599,1.0,none,1.0,0.0,1.0,2298.0,,,,,,2298.0,,,,,13515.0,,,,,7717.0,5798.0,,15367.0,,,,,,,,,,,,,446.0,,446.0,,,,15813.0,15813.0,,42934.0,-38831.0,4103.0,,,4121.0,,,,189.0,-171.0,2779.0,-1342.0,,,,,,,,2779.0,,,,,,14852.0,14852.0,,,14588.0,14588.0,3736.0,3736.0,,,,,,,-4000.0,,,,,,,-4000.0,,,,14588.0,15367.0,2779.0,2779.0,,,,,,,-2000.0,,,,,,,-2000.0,,,,,,,,,,,,,,,,,,,,,,,,,,,,,,,,,,,,,,,,,,,,,,,,,,,,,,,,,,,,,,,,,,,,,,,,,,,,,,,,,,,,,,,,1.0,1084217009986,2008-11-25,,17.0,46.30,G,87494456,12300,4210014,16,32731000001,kemerovo,4200,1.0,0.0,87.0932723,53.7627875,house,0.0
4217110648,1.0,none,1.0,0.0,0.0,4093.0,,0.0,,,,4093.0,0.0,0.0,,0.0,5193.0,2754.0,,0.0,2272.0,0.0,167.0,0.0,-40443.0,33.0,,,0.0,,0.0,-40476.0,35345.0,35345.0,,,0.0,14384.0,10857.0,3527.0,,,,9285.0,9285.0,12745.0,39345.0,-26600.0,-448.0,,-13193.0,-9835.0,,0.0,-6903.0,329.0,-2813.0,-10231.0,-396.0,,,,,,,,-10231.0,0.0,,,,,-451.0,-451.0,,,-30213.0,-30213.0,-29762.0,-29762.0,,,,,,,,,,,,,,,,,,-30213.0,-40443.0,-10230.0,-10230.0,,,,,,,,,,,,,,,,,,,,,,,,,,,,,,,-3879.0,38455.0,38453.0,,,,2.0,,-42334.0,-32078.0,-6702.0,,,-191.0,-3363.0,219.0,219.0,,,,219.0,,,,,,,,,,3532.0,3532.0,3500.0,32.0,,,,,,,,,,,-128.0,295.0,,167.0,,,,,,,,,,,,,,,,,,,,,,,,1.0,1084217010096,2008-11-26,,17.0,56.10,I,87494746,12300,4210014,16,18701000001,volgograd,3400,1.0,0.0,44.5153353,48.7081906,city,0.0
4217110800,1.0,none,1.0,0.0,0.0,385.0,,,,,,385.0,,,,,1628.0,,,,1628.0,,0.0,0.0,267.0,10.0,,,,,,257.0,,,,,,1746.0,289.0,1457.0,,,,2013.0,2013.0,68.0,6280.0,-6212.0,68.0,0.0,,48.0,,,,9.0,-29.0,36.0,-12.0,-12.0,,,,,,,36.0,,,,,,,,,,,,,,,,,,,,,,,,,,,,,,,,,,,,,,,,,,,,,,,,,,,,,,,,,,,,,,,,,,,,,,,,,,,,,,,,,,,,,,,,,,,,,,,,,,,,,,,,,,,,,,,,,,,,,,,,,,,,,,,,,,,,,,,,0.0,1084217010250,2008-12-02,,17.0,46.73.10,G,87495935,12300,4210014,16,32731000001,kemerovo,4200,1.0,0.0,87.1562912,53.8216638,house,0.0
4217110895,1.0,none,1.0,0.0,0.0,,,,,,,,,,,,4329.0,745.0,,,3392.0,,192.0,,3958.0,10.0,,,,,,3948.0,290.0,290.0,,,,81.0,,81.0,,,,4329.0,4329.0,1170.0,4285.0,-3115.0,1170.0,,,438.0,,,,,-732.0,5.0,-71.0,-71.0,,,,,,-362.0,5.0,,,,,,,,,,,,,,,,,,,,,,,,,,,,,,,,,,,,,,,,,,,,,,,,,,,,,,,,,,,,,,,,,,,,,,,,,,,,,,,,,,,,,,,,,,,,,,,,,,,,,,,,,,,,,,,,,,,,,,,,,,,,,,,,,,,,,,,,0.0,1084217010349,2008-12-03,,17.0,26.30,C,87496231,12300,4210014,16,32731000001,kemerovo,4200,1.0,0.0,87.1192834,53.7712729,house,0.0
4217110905,1.0,none,1.0,0.0,1.0,,,,,,,,,,,,7448.0,944.0,,,,4547.0,1957.0,,6213.0,,,,,,,,,,,,,1235.0,0.0,1235.0,,,,7448.0,7448.0,,7528.0,-3427.0,4101.0,,,4024.0,,,0.0,7.0,-84.0,3798.0,-226.0,,,,,,,,3798.0,,,,,,,,,,,,,,,,,,,,,,,,,,,,,,,,,,,,,,,,,,,,,,,,,,,,,,,,,,,,,,,,,,,,,,,,,,,,,,,,,,,,,,,,,,,,,,,,,,,,,,,,,,,,,,,,,,,,,,,,,,,,,,,,,,,,,,,,1.0,1084217010350,2008-12-04,,17.0,47.52,G,87496320,12300,4210014,16,03701000001,krasnodar,2300,1.0,0.0,38.9772396,45.0351532,city,0.0
4217110944,1.0,none,1.0,0.0,0.0,,,,,,,,,,,,10.0,,,,,,10.0,,,,,,,,,,,,,,,,,,,,,10.0,10.0,,,,,,,,,,,,,,,,,,,,,,,,,,,,,,,,,,,,,,,,,,,,,,,,,,,,,,,,,,,,,,,,,,,,,,,,,,,,,,,,,,,,,,,,,,,,,,,,,,,,,,,,,,,,,,,,,,,,,,,,,,,,,,,,,,,,,,,,,,,,,,,,,,,,,,,,,,,,,,0.0,1084217010393,2008-12-04,,17.0,68.32.20,L,87496372,20702,4210014,16,32731000001,kemerovo,4200,0.0,0.0,87.1253992,53.7638788,house,0.0
4217110990,1.0,none,1.0,0.0,1.0,0.0,,,,,,0.0,,0.0,,,5140.0,0.0,,,,5140.0,0.0,,-26622.0,,,,,,,,0.0,0.0,,,0.0,31762.0,0.0,31762.0,,,0.0,5140.0,5140.0,,0.0,0.0,,,,0.0,,,0.0,0.0,0.0,0.0,0.0,,,,,,,,0.0,,,,,,,,,,,,,,,,,,,,,,,,,,,,,,,,,,,,,,,,,,,,,,,,,,,,,,,,,,,,,,,,,,,,,,,,,,,,,,,,,,,,,,,,,,,,,,,,,,,,,,,,,,,,,,,,,,,,,,,,,,,,,,,,,,,,,,,,1.0,1084217010448,2008-12-09,,17.0,68.32.10,L,87497035,12300,4210014,16,32731000001,kemerovo,4200,1.0,0.0,87.1718538,53.756632,house,0.0
4217111063,1.0,none,1.0,0.0,1.0,,,,,,,,,,,,235.0,208.0,,,,27.0,0.0,,215.0,,,,,,,,,,,,,20.0,6.0,14.0,,,,235.0,235.0,,141.0,-187.0,-46.0,,,-389.0,,,,,-343.0,-391.0,-2.0,,,,,,,,-391.0,,,,,,,,,,,,,,,,,,,,,,,,,,,,,,,,,,,,,,,,,,,,,,,,,,,,,,,,,,,,,,,,,,,,,,,,,,,,,,,,,,,,,,,,,,,,,,,,,,,,,,,,,,,,,,,,,,,,,,,,,,,,,,,,,,,,,,,,1.0,1084217010514,2008-12-10,,17.0,43.31,F,87497331,12300,4210014,16,40305000000,sankt-petersburg,7800,1.0,0.0,30.3157923,59.90353,house,0.0
4217111313,1.0,none,1.0,0.0,1.0,1722.0,,,,,,1722.0,,,,,628.0,0.0,,,,628.0,0.0,,2350.0,,,,,,,,,,,,,,,,,,,2350.0,2350.0,,1200.0,-438.0,762.0,,,762.0,,,0.0,0.0,0.0,690.0,-72.0,,,,,,,,690.0,,,,,,,,,,,,,,,,,,,,,,,,,,,,,,,,,,,,,,,,,,,,,,,,,,,,,,,,,,,,,,,,,,,,,,,,,,,,,,,,,,,,,,,,,,,,,,,,,,,,,,,,,,,,,,,,,,,,,,,,,,,,,,,,,,,,,,,,1.0,1084217010790,2008-12-22,,17.0,46.90,G,87499181,12300,4210014,16,32731000001,kemerovo,4200,1.0,0.0,87.1120789,53.7574324,house,0.0
4217111715,1.0,none,1.0,0.0,0.0,,,,,,,,,,,,38.0,,,,3.0,,35.0,,35.0,,,35.0,,,,,,,,,,3.0,,3.0,,,,38.0,38.0,,,,,,,,,,,,,,,,,,,,,,0.0,,,,,,,,,,,,,,,,,,,,,,,,,,,,,,,,,,,,,,,,,,,,,,,,,,,,,,,,,,,,,,,,,-1442.0,,,,,,,,-1442.0,-1069.0,-322.0,,,-51.0,,,,,,,,,,,,,,,,,1474.0,1474.0,,14.0,,,1460.0,,0.0,,,,0.0,,32.0,3.0,,35.0,31.0,1474.0,,14.0,,1460.0,0.0,,-1470.0,-1008.0,,,-1008.0,-411.0,-322.0,,,,,-89.0,,-51.0,35.0,0.0,1084200006681,2008-12-25,,17.0,93.19,R,89912998,20200,4220003,53,32701000001,kemerovo,4200,1.0,0.0,86.0824969,55.3582321,house,0.0
4217111730,1.0,none,1.0,0.0,1.0,9904.0,,,,,,9904.0,,0.0,,,15545.0,0.0,,,,15538.0,7.0,,-1053.0,,,,,,,,22291.0,22291.0,,,0.0,4211.0,0.0,4211.0,,,0.0,25449.0,25449.0,,12530.0,-17373.0,-4843.0,,,-7430.0,,,-2157.0,0.0,-430.0,-7430.0,0.0,,,,,,,,-7430.0,,,,,,2806.0,0.0,0.0,0.0,6377.0,0.0,0.0,0.0,0.0,,,,0.0,,0.0,,,,,,,0.0,,0.0,0.0,0.0,-1053.0,-7430.0,-7430.0,0.0,,,,0.0,,0.0,,,,,,,0.0,,0.0,0.0,,,,,,,,,,,,,,-4712.0,12530.0,0.0,12530.0,,,,,-17242.0,-10859.0,-3883.0,-2157.0,0.0,-343.0,,0.0,0.0,0.0,0.0,0.0,0.0,0.0,,0.0,0.0,0.0,0.0,0.0,0.0,,4719.0,4950.0,4950.0,0.0,0.0,0.0,0.0,,-231.0,0.0,0.0,-231.0,0.0,,7.0,0.0,0.0,7.0,,,,,,,,,,,,,,,,,,,,,,,,1.0,1094217000118,2009-01-19,,16.0,77.39.26,N,89911823,12300,4210014,16,32731000001,kemerovo,4200,1.0,0.0,87.153601,53.7614179,house,0.0
4217111786,1.0,none,1.0,0.0,0.0,658.0,,,,,,658.0,,,,,531.0,132.0,,32.0,367.0,,0.0,0.0,-13241.0,10.0,,,,,,-13251.0,12284.0,12284.0,,,,2146.0,0.0,2146.0,,,,1189.0,1189.0,5.0,2768.0,-2763.0,5.0,,,5.0,,,,,,5.0,,,,,,,,,5.0,,,,,,,,,,,,,,,,,,,,,,,,,,,,,,,,,,,,,,,,,,,,,,,,,,,,,,,,,,,,,,,,,0.0,0.0,0.0,,,,0.0,,0.0,0.0,0.0,,,0.0,,,,,,,,,,,,,,,,,,,,,,,,,,,,,,,0.0,0.0,,0.0,0.0,,,,,,,,,,,,,,,,,,,,,,0.0,0.0,1094217000162,2009-01-21,,16.0,11.05,C,89912449,12300,4210014,16,27701000001,kaliningrad,3900,1.0,0.0,,,,0.0
4217111970,1.0,none,1.0,0.0,0.0,1890.0,,0.0,,,,1811.0,0.0,0.0,79.0,0.0,96261.0,4687.0,,68.0,75721.0,0.0,15785.0,0.0,82024.0,100.0,,,0.0,,0.0,81924.0,453.0,0.0,453.0,,0.0,15674.0,0.0,15357.0,,,317.0,98151.0,98151.0,29659.0,351755.0,-322096.0,5878.0,-23781.0,,1064.0,,1061.0,-5628.0,34.0,-281.0,688.0,-376.0,-314.0,-62.0,,,,,,688.0,0.0,,,,,,,,,,,,,,,,,,,,,,,,,,,,,,,,,,,,,,,,,,,,,,,,,,,,,,,,,,,,,,,,,,,,,,,,,,,,,,,,,,,,,,,,,,,,,,,,,,,,,,,,,,,,,,,,,,,,,,,,,,,,,,,,,,,,,,,0.0,1094217000349,2009-01-28,,16.0,46.72.21,G,89913928,12300,4210014,16,32731000001,kemerovo,4200,1.0,0.0,87.1213013,53.7860756,house,0.0
4217112148,1.0,none,1.0,0.0,0.0,9239.0,,,,,,9239.0,,0.0,,,35967.0,5230.0,,4330.0,23037.0,0.0,3326.0,44.0,30466.0,10.0,,,,,,30456.0,,,,,,14740.0,,14740.0,,,,45206.0,45206.0,80853.0,918944.0,-838091.0,16649.0,-64204.0,,18991.0,,384.0,,2904.0,-946.0,14190.0,-4801.0,-4801.0,,,,,,0.0,14190.0,,,,,,35181.0,35181.0,0.0,0.0,36270.0,36270.0,21089.0,21089.0,0.0,,,,0.0,,-20000.0,,,,,,,-20000.0,,0.0,0.0,36270.0,30466.0,14190.0,14190.0,0.0,,,,0.0,,-20000.0,,,,,,,-20000.0,,0.0,6.0,,,,,,,,,,,,,,19615.0,922157.0,919712.0,,,,2445.0,,-902542.0,-871534.0,-24348.0,,-5508.0,-1152.0,,,,,,,,,,,,,,,,,-20000.0,0.0,,,,,0.0,,-20000.0,,-20000.0,,,,-385.0,712.0,,327.0,,,,,,,,,,,,,,,,,,,,,,,,1.0,1094217000514,2009-02-04,,16.0,46.73,G,89915181,12300,4210014,16,32731000001,kemerovo,4200,1.0,0.0,87.14653,53.7582436,city,0.0
4217112243,1.0,none,1.0,0.0,0.0,0.0,,,,,,,,,,,446.0,,,,,,446.0,,446.0,,,446.0,,,,,0.0,,,,,0.0,,,,,,446.0,446.0,,,,,,,,,,,,,,,,,,,,,,,,,,,,,,,,,,,,,,,,,,,,,,,,,,,,,,,,,,,,,,,,,,,,,,,,,,,,,,,,,,,,,,,,,,,,,,,,,,,,,,,,,,,,,,,,,,,,,,,,,,,,,,,,,,,,,,,0.0,1560.0,,,1560.0,,,,-1114.0,-838.0,0.0,0.0,-838.0,-276.0,-276.0,0.0,0.0,0.0,0.0,0.0,0.0,0.0,446.0,0.0,1094200000135,2009-02-03,,16.0,88.10,Q,89916571,71400,4210014,16,32731000001,kemerovo,4200,1.0,0.0,87.1148167,53.7525238,house,0.0
4217112701,1.0,none,1.0,0.0,1.0,0.0,,,,,,,,0.0,,,490.0,,,,,50.0,440.0,,490.0,,,,,,,,,,,,,0.0,,0.0,,,,490.0,490.0,,993.0,-864.0,129.0,,,109.0,,,,,-20.0,49.0,-60.0,,,,,,,,49.0,,,,,,,,,,,,,,,,,,,,,,,,,,,,,,,,,,,,,,,,,,,,,,,,,,,,,,,,,,,,,,,,,,,,,,,,,,,,,,,,,,,,,,,,,,,,,,,,,,,,,,,,,,,,,,,,,,,,,,,,,,,,,,,,,,,,,,,,1.0,1094217001053,2009-02-24,,16.0,86.21,Q,89918274,12300,4210014,16,32731000001,kemerovo,4200,1.0,0.0,87.162561,53.7549785,house,0.0
4217112980,1.0,none,1.0,0.0,0.0,215303.0,,,,,,215299.0,,,,4.0,164662.0,29356.0,,118.0,133763.0,,1425.0,,144477.0,12.0,,,,,,144465.0,82200.0,26844.0,,,55356.0,153288.0,8176.0,145112.0,,,,379965.0,379965.0,104849.0,667638.0,-562789.0,67930.0,-36919.0,0.0,68381.0,,,-5631.0,16963.0,-10881.0,59593.0,-8508.0,-8508.0,,,,,,-280.0,59593.0,,,,,,,,,,,,,,,,,,,,,,,,,,,,,,,,,,,,,,,,,,,,,,,,,,,,,,,,,,,,,,,,,,,,,,,,,,,,,,,,,,,,,,,,,,,,,,,,,,,,,,,,,,,,,,,,,,,,,,,,,,,,,,,,,,,,,,,,0.0,1094217001328,2009-03-03,,16.0,49.41,H,89919948,12300,4210014,16,50701000001,novosibirsk,5400,1.0,0.0,82.9170513,55.0343069,house,0.0
4217113021,1.0,none,1.0,0.0,0.0,30.0,,0.0,,0.0,0.0,30.0,,0.0,0.0,0.0,14503.0,,,0.0,14429.0,0.0,74.0,0.0,8990.0,10.0,0.0,,0.0,0.0,0.0,8980.0,0.0,0.0,0.0,0.0,0.0,5543.0,0.0,5543.0,0.0,0.0,0.0,14533.0,14533.0,4227.0,5414.0,-1187.0,1550.0,,-2677.0,1532.0,0.0,0.0,0.0,0.0,-18.0,1390.0,0.0,0.0,0.0,,,,,-142.0,1390.0,0.0,,,,,,,,,,,,,,,,,,,,,,,,,,,,,,,,,,,,,,,,,,,,,,,,,,,,,,,,,,,,,,,,,,,,,,,,,,,,,,,,,,,,,,,,,,,,,,,,,,,,,,,,,,,,,,,,,,,,,,,,,,,,,,,,,,,,,,,0.0,1094217001361,2009-03-04,,16.0,68.20,L,89920130,12300,4210014,16,32519000596,kemerovo,4200,1.0,0.0,87.3753017,53.9611268,city,0.0
4217113141,1.0,none,1.0,0.0,1.0,,,,,,,,,,,,10371.0,7656.0,,,,1337.0,1378.0,,8220.0,,,,,,,,100.0,100.0,,,,2051.0,,2051.0,,,,10371.0,10371.0,,27867.0,-26002.0,1865.0,,,1637.0,,,,46.0,-274.0,1126.0,-511.0,,,,,,,,1126.0,,,,,,,,,,,,,,,,,,,,,,,,,,,,,,,,,,,,,,,,,,,,,,,,,,,,,,,,,,,,,,,,,,,,,,,,,,,,,,,,,,,,,,,,,,,,,,,,,,,,,,,,,,,,,,,,,,,,,,,,,,,,,,,,,,,,,,,,1.0,1094217001471,2009-03-06,,16.0,45.40.20,G,89920271,12300,4210014,16,32731000001,kemerovo,4200,1.0,0.0,87.1213013,53.7860756,house,0.0
4217113261,1.0,none,1.0,0.0,1.0,,,,,,,,,,,,3202.0,,,,,556.0,2646.0,,2969.0,,,,,,,,,,,,,233.0,,233.0,,,,3202.0,3202.0,,9445.0,-6768.0,2677.0,,,2637.0,,,,3.0,-43.0,2231.0,-406.0,,,,,,,,2231.0,,,,,,,,,,,,,,,,,,,,,,,,,,,,,,,,,,,,,,,,,,,,,,,,,,,,,,,,,,,,,,,,,,,,,,,,,,,,,,,,,,,,,,,,,,,,,,,,,,,,,,,,,,,,,,,,,,,,,,,,,,,,,,,,,,,,,,,,1.0,1094217001570,2009-03-11,,16.0,80.10,N,89920874,12300,4210014,16,32731000001,kemerovo,4200,1.0,0.0,87.1352393,53.7584203,street,0.0
4217113328,1.0,none,1.0,0.0,1.0,21.0,,,,,,,,21.0,,,2301.0,5.0,,,,2045.0,251.0,,-82.0,,,,,,,,,,,,,2402.0,,2402.0,,,,2321.0,2321.0,,26972.0,-25998.0,974.0,,,551.0,,,,0.0,-423.0,287.0,-264.0,,,,,,,,287.0,,,,,,,,,,,,,,,,,,,,,,,,,,,,,,,,,,,,,,,,,,,,,,,,,,,,,,,,,,,,,,,,,,,,,,,,,,,,,,,,,,,,,,,,,,,,,,,,,,,,,,,,,,,,,,,,,,,,,,,,,,,,,,,,,,,,,,,,1.0,1094217001636,2009-03-12,,16.0,82.99,N,89921187,12300,4210014,16,32731000001,kemerovo,4200,1.0,0.0,87.1226062,53.7578929,house,0.0
4217113430,1.0,none,1.0,0.0,1.0,,,,,,,,,,,,851.0,192.0,,,,645.0,14.0,,811.0,,,,,,,,,,,,,40.0,,40.0,,,,851.0,851.0,,910.0,-836.0,74.0,,,9.0,,,,0.0,-65.0,3.0,-6.0,,,,,,,,3.0,,,,,,,,,,,,,,,,,,,,,,,,,,,,,,,,,,,,,,,,,,,,,,,,,,,,,,,,,,,,,,,,,,,,,,,,,,,,,,,,,,,,,,,,,,,,,,,,,,,,,,,,,,,,,,,,,,,,,,,,,,,,,,,,,,,,,,,,1.0,1094217001735,2009-03-16,,16.0,47.29,G,89921454,12300,4210014,16,32731000001,kemerovo,4200,1.0,0.0,87.124482,53.9058659,house,0.0
4217113543,1.0,none,1.0,0.0,1.0,4572.0,,,,,,4572.0,,,,,38433.0,1429.0,,,,28712.0,8292.0,,9368.0,,,,,,,,0.0,,,,0.0,33637.0,,33637.0,,,,43005.0,43005.0,,69749.0,-68614.0,1135.0,,,4013.0,,,,3181.0,-303.0,3010.0,-1003.0,,,,,,,,3010.0,,,,,,,,,,,,,,,,,,,,,,,,,,,,,,,,,,,,,,,,,,,,,,,,,,,,,,,,,,,,,,,,,,,,,,,,,,,,,,,,,,,,,,,,,,,,,,,,,,,,,,,,,,,,,,,,,,,,,,,,,,,,,,,,,,,,,,,,1.0,1094217001845,2009-03-19,,16.0,43.20,F,89922376,12300,4210014,16,32731000001,kemerovo,4200,1.0,0.0,87.1050773,53.7621115,house,0.0
4217113590,1.0,none,1.0,0.0,0.0,102.0,,,,,96.0,,,,,6.0,4174.0,1592.0,,,2474.0,,108.0,,1309.0,250.0,0.0,,,,,1059.0,,,,,,2967.0,409.0,2558.0,,,,4276.0,4276.0,,,,,,,,,,,,,,,,,,,,,,,,,,,,,,,,,,,,,,,,,,,,,,,,,,,,,,,,,,,,,,,,,,,,,,,,,,,,,,,,,,,,,,,,,,,,,,,,,,,,,,,,,,,,,,,,,,,,,,,,,,,,,,,,,,,,,,,,,,,,,,,,,,,,,,,,,,,,,,0.0,1094217001889,2009-03-20,,16.0,80.10,N,89922488,12300,4210014,16,32731000001,kemerovo,4200,1.0,0.0,87.2144177,53.7795904,house,0.0
4217113624,1.0,none,1.0,0.0,1.0,0.0,,,,,,0.0,,0.0,,,10.0,0.0,,,,10.0,0.0,,10.0,,,,,,,,0.0,0.0,,,0.0,0.0,0.0,0.0,,,0.0,10.0,10.0,,0.0,0.0,,,,0.0,,,0.0,0.0,0.0,0.0,0.0,,,,,,,,0.0,,,,,,,,,,,,,,,,,,,,,,,,,,,,,,,,,,,,,,,,,,,,,,,,,,,,,,,,,,,,,,,,,,,,,,,,,,,,,,,,,,,,,,,,,,,,,,,,,,,,,,,,,,,,,,,,,,,,,,,,,,,,,,,,,,,,,,,,1.0,1094217001911,2009-03-23,,16.0,78.10,N,89922583,12300,4210014,16,50701000001,novosibirsk,5400,1.0,0.0,82.9486108,55.000536,house,0.0
4217113631,1.0,none,1.0,0.0,1.0,487.0,,,,,,487.0,,,,,360.0,,,,,195.0,165.0,,811.0,,,,,,,,,,,,,36.0,,36.0,,,,847.0,847.0,,629.0,-238.0,391.0,,,-2178.0,,,,,-2569.0,-2198.0,-20.0,,,,,,,,-2198.0,,,,,,,,,,,,,,,,,,,,,,,,,,,,,,,,,,,,,,,,,,,,,,,,,,,,,,,,,,,,,,,,,,,,,,,,,,,,,,,,,,,,,,,,,,,,,,,,,,,,,,,,,,,,,,,,,,,,,,,,,,,,,,,,,,,,,,,,1.0,1094217001922,2009-03-23,,16.0,68.20.20,L,89922590,12300,4210014,16,32731000001,kemerovo,4200,1.0,0.0,87.1346742,53.7624135,house,0.0
4217113663,1.0,none,1.0,0.0,1.0,1692.0,,,,,,1692.0,,0.0,,,2071.0,0.0,,,,1892.0,179.0,,3661.0,,,,,,,,0.0,0.0,,,0.0,102.0,0.0,102.0,,,0.0,3763.0,3763.0,,16116.0,-15205.0,911.0,,,911.0,,,0.0,,,428.0,-483.0,,,,,,,,428.0,,,,,,,,,,,,,,,,,,,,,,,,,,,,,,,,,,,,,,,,,,,,,,,,,,,,,,,,,,,,,,,,,,,,,,,,,,,,,,,,,,,,,,,,,,,,,,,,,,,,,,,,,,,,,,,,,,,,,,,,,,,,,,,,,,,,,,,,1.0,1094217001955,2009-03-23,,16.0,70.22,M,89922637,12300,4210014,16,32731000001,kemerovo,4200,0.0,0.0,87.1590514,53.7541329,house,0.0
4217113705,1.0,none,1.0,0.0,0.0,4372.0,,,,,,4332.0,,40.0,,,45780.0,25674.0,,,17208.0,,2898.0,,8946.0,40.0,,,,,,8906.0,0.0,,,,0.0,41206.0,25123.0,16083.0,,,,50152.0,50152.0,27728.0,586696.0,-558968.0,2910.0,-24818.0,,1512.0,,,-1301.0,68.0,-165.0,1385.0,-127.0,-127.0,,,,,,,1385.0,,,,,,,,,,,,,,,,,,,,,,,,,,,,,,,,,,,,,,,,,,,,,,,,,,,,,,,,,,,,,,,,,,,,,,,,,,,,,,,,,,,,,,,,,,,,,,,,,,,,,,,,,,,,,,,,,,,,,,,,,,,,,,,,,,,,,,,,0.0,1094217001999,2009-03-24,,16.0,47.91,G,89923097,12300,4210014,16,32731000001,kemerovo,4200,1.0,0.0,87.1348076,53.7820541,street,0.0
4217113945,1.0,none,1.0,0.0,1.0,11220.0,,,,,,11220.0,,0.0,,,8971.0,3403.0,,,,5478.0,90.0,,4058.0,,,,,,,,3957.0,3957.0,,,0.0,12176.0,,12176.0,,,,20191.0,20191.0,,58108.0,-57271.0,837.0,,,0.0,,,,,-837.0,0.0,0.0,,,,,,,,0.0,,,,,,,,,,,,,,,,,,,,,,,,,,,,,,,,,,,,,,,,,,,,,,,,,,,,,,,,,,,,,,,,,,,,,,,,,,,,,,,,,,,,,,,,,,,,,,,,,,,,,,,,,,,,,,,,,,,,,,,,,,,,,,,,,,,,,,,,1.0,1094217002220,2009-04-03,,16.0,49.41,H,89924731,12300,4210014,16,32731000001,kemerovo,4200,1.0,0.0,87.1065107,53.7639896,house,0.0
4217113984,1.0,none,1.0,0.0,1.0,4640.0,,,,,,4640.0,,,,,8847.0,,,,,8835.0,12.0,,4185.0,,,,,,,,925.0,925.0,,,,8377.0,3162.0,5215.0,,,,13486.0,13486.0,,44213.0,-37484.0,6729.0,,,6553.0,,,,182.0,-358.0,6149.0,-404.0,,,,,,,,6149.0,,,,,,,,,,,,,,,,,,,,,,,,,,,,,,,,,,,,,,,,,,,,,,,,,,,,,,,,,,,,,,,,,,,,,,,,,,,,,,,,,,,,,,,,,,,,,,,,,,,,,,,,,,,,,,,,,,,,,,,,,,,,,,,,,,,,,,,,1.0,1094217002263,2009-04-03,,16.0,71.11.10,M,89924760,12300,4210014,16,32731000001,kemerovo,4200,1.0,0.0,87.210642,53.7667691,street,0.0
4217114184,1.0,none,1.0,0.0,1.0,0.0,,,,,,0.0,,0.0,,,1.0,0.0,,,,,1.0,,1.0,,,,,,,,0.0,0.0,,,0.0,0.0,0.0,,,,0.0,1.0,1.0,,974.0,-578.0,396.0,,,396.0,,,,,,367.0,-29.0,,,,,,,,367.0,,,,,,,,,,,,,,,,,,,,,,,,,,,,,,,,,,,,,,,,,,,,,,,,,,,,,,,,,,,,,,,,,,,,,,,,,,,,,,,,,,,,,,,,,,,,,,,,,,,,,,,,,,,,,,,,,,,,,,,,,,,,,,,,,,,,,,,,1.0,1094217002440,2009-04-08,,16.0,62.09,J,89925469,12300,4210014,16,32731000001,kemerovo,4200,1.0,0.0,87.1345123,53.7455676,house,0.0
4217114297,1.0,none,1.0,0.0,1.0,857.0,,,,,,857.0,,,,,17222.0,199.0,,,,16776.0,247.0,,16947.0,,,,,,,,,,,,,1132.0,,1132.0,,,,18079.0,18079.0,,16057.0,-11436.0,4621.0,,,4722.0,,,,146.0,-45.0,4177.0,-545.0,,,,,,,,4177.0,,,,,,,,,,,,,,,,,,,,,,,,,,,,,,,,,,,,,,,,,,,,,,,,,,,,,,,,,,,,,,,,,,,,,,,,,,,,,,,,,,,,,,,,,,,,,,,,,,,,,,,,,,,,,,,,,,,,,,,,,,,,,,,,,,,,,,,,1.0,1094217002560,2009-04-13,,16.0,71.10,M,89926196,12300,4210014,16,32701000001,kemerovo,4200,1.0,0.0,86.1279264,55.4091537,house,0.0
4217114392,1.0,none,1.0,0.0,1.0,30364.0,,,,,,197.0,,30167.0,,,216471.0,1274.0,,,,214381.0,816.0,,183605.0,,,,,,,,115.0,0.0,,,115.0,63114.0,,63114.0,,,,246835.0,246835.0,,136244.0,-119030.0,17214.0,,,13067.0,,,,3840.0,-7987.0,6374.0,-6693.0,,,,,,,,6374.0,,,,,,,,,,,,,,,,,,,,,,,,,,,,,,,,,,,,,,,,,,,,,,,,,,,,,,,,,,,,,,,,,,,,,,,,,,,,,,,,,,,,,,,,,,,,,,,,,,,,,,,,,,,,,,,,,,,,,,,,,,,,,,,,,,,,,,,,1.0,1094217002660,2009-04-16,,16.0,46.10,G,89926836,12300,4210014,16,32519000631,kemerovo,4200,1.0,0.0,87.3974322,53.7862114,street,0.0
4217114434,1.0,none,1.0,0.0,1.0,,,,,,,,,,,,17.0,10.0,,,,,7.0,,10.0,,,,,,,,,,,,,7.0,,7.0,,,,17.0,17.0,,1978.0,-1324.0,654.0,,,540.0,,,,6.0,-120.0,481.0,-59.0,,,,,,,,481.0,,,,,,,,,,,,,,,,,,,,,,,,,,,,,,,,,,,,,,,,,,,,,,,,,,,,,,,,,,,,,,,,,,,,,,,,,,,,,,,,,,,,,,,,,,,,,,,,,,,,,,,,,,,,,,,,,,,,,,,,,,,,,,,,,,,,,,,,1.0,1094217002703,2009-04-17,,16.0,46.43.10,G,89927020,12300,4210014,16,32731000001,kemerovo,4200,0.0,0.0,87.1150133,53.7500778,house,0.0
4217114498,1.0,none,1.0,0.0,1.0,,,,,,,,,,,,63.0,0.0,,,,0.0,63.0,,63.0,,,,,,,,,,,,,0.0,0.0,0.0,,,,63.0,63.0,,0.0,0.0,,,,0.0,,,,,0.0,0.0,0.0,,,,,,,,0.0,,,,,,,,,,,,,,,,,,,,,,,,,,,,,,,,,,,,,,,,,,,,,,,,,,,,,,,,,,,,,,,,,,,,,,,,,,,,,,,,,,,,,,,,,,,,,,,,,,,,,,,,,,,,,,,,,,,,,,,,,,,,,,,,,,,,,,,,1.0,1094217002769,2009-04-20,,16.0,47.73,G,89927296,12300,4210014,16,32731000001,kemerovo,4200,1.0,0.0,87.1347417,53.7614942,house,0.0
4217114515,1.0,none,1.0,0.0,1.0,6197.0,,,,,,6197.0,,,,,51670.0,23310.0,,,,28262.0,98.0,,49475.0,,,,,,,,,,,,,8392.0,,8392.0,,,,57867.0,57867.0,,12772.0,-27938.0,-15166.0,,,-23852.0,,,,5864.0,-14550.0,-23874.0,-22.0,,,,,,,,-23874.0,,,,,,,,,,,,,,,,,,,,,,,,,,,,,,,,,,,,,,,,,,,,,,,,,,,,,,,,,,,,,,,,,,,,,,,,,,,,,,,,,,,,,,,,,,,,,,,,,,,,,,,,,,,,,,,,,,,,,,,,,,,,,,,,,,,,,,,,1.0,1094217002780,2009-04-20,,16.0,46.69,G,89927327,12300,4210014,16,32731000001,kemerovo,4200,1.0,0.0,87.1613973,53.7516285,house,0.0
4217114586,1.0,none,1.0,0.0,0.0,9092.0,,0.0,,0.0,0.0,9092.0,,0.0,0.0,0.0,7660.0,2087.0,,0.0,4011.0,0.0,1562.0,0.0,,,,,,,,,5595.0,5575.0,0.0,0.0,20.0,40955.0,0.0,17820.0,0.0,0.0,23135.0,16752.0,16752.0,58243.0,58243.0,0.0,-2666.0,-60909.0,0.0,-3079.0,0.0,0.0,-413.0,0.0,0.0,-3661.0,0.0,0.0,0.0,,,,,-582.0,-3661.0,0.0,0.0,0.0,0.0,0.0,-21999.0,0.0,0.0,0.0,-26137.0,0.0,0.0,0.0,0.0,,,,0.0,,0.0,,,,,,,0.0,,0.0,0.0,0.0,-29798.0,,-3661.0,0.0,,,,0.0,,,,,,,,,0.0,,0.0,0.0,,,,,,,,,,,,,,-1181.0,58243.0,58243.0,0.0,0.0,0.0,0.0,,-59424.0,-31803.0,-26650.0,-413.0,0.0,-558.0,,0.0,0.0,0.0,0.0,0.0,0.0,0.0,,0.0,0.0,0.0,0.0,0.0,0.0,,693.0,1450.0,1450.0,0.0,0.0,0.0,0.0,,-757.0,0.0,0.0,-757.0,0.0,,-488.0,2050.0,0.0,1562.0,174.0,39991.0,0.0,0.0,0.0,0.0,0.0,39991.0,-40093.0,0.0,0.0,0.0,0.0,-36804.0,-14192.0,0.0,0.0,-20830.0,0.0,-1782.0,-3218.0,-71.0,72.0,,1094200001114,2009-04-17,,16.0,86.21,Q,89928924,71400,4210014,16,32731000001,kemerovo,4200,0.0,0.0,87.1536842,53.7608049,house,0.0
4217114730,1.0,none,1.0,0.0,0.0,,,,,,,,,,,,1220.0,,,,728.0,,492.0,,656.0,10.0,,,,,,646.0,,,,,,564.0,,564.0,,,,1220.0,1220.0,2669.0,8741.0,-6072.0,2669.0,,,2578.0,,,,,-91.0,2317.0,-261.0,,,,,,,,2317.0,,,,,,,,,,,,,,,,,,,,,,,,,,,,,,,,,,,,,,,,,,,,,,,,,,,,,,,,,,,,,,,,,,,,,,,,,,,,,,,,,,,,,,,,,,,,,,,,,,,,,,,,,,,,,,,,,,,,,,,,,,,,,,,,,,,,,,,,0.0,1094217002967,2009-04-27,,16.0,63.11.10,J,89928597,12300,4210014,16,32731000001,kemerovo,4200,1.0,0.0,87.14653,53.7582436,city,0.0
4217114804,1.0,none,1.0,0.0,1.0,,,,,,,,,,,,2501.0,1886.0,,,,529.0,86.0,,1570.0,,,,,,,,,,,,,931.0,,931.0,,,,2501.0,2501.0,,13726.0,-13355.0,371.0,,,189.0,,,,0.0,-182.0,138.0,-51.0,,,,,,,,138.0,,,,,,,,,,,,,,,,,,,,,,,,,,,,,,,,,,,,,,,,,,,,,,,,,,,,,,,,,,,,,,,,,,,,,,,,,,,,,,,,,,,,,,,,,,,,,,,,,,,,,,,,,,,,,,,,,,,,,,,,,,,,,,,,,,,,,,,,1.0,1094217003033,2009-04-27,,16.0,46.69.50,G,89928663,12300,4210014,16,50701000001,novosibirsk,5400,1.0,0.0,82.9008333,55.0791009,house,0.0
4217115100,1.0,none,1.0,0.0,1.0,23013.0,,,,,,23013.0,,,,,48977.0,6345.0,,,,41554.0,1078.0,,24942.0,,,,,,,,18466.0,18322.0,,,144.0,28582.0,0.0,28582.0,,,,71990.0,71990.0,,148397.0,-134120.0,14277.0,,,5090.0,,,-4433.0,418.0,-5172.0,4105.0,-985.0,,,,,,,,4105.0,,,,,,,,,,,,,,,,,,,,,,,,,,,,,,,,,,,,,,,,,,,,,,,,,,,,,,,,,,,,,,,,,,,,,,,,,,,,,,,,,,,,,,,,,,,,,,,,,,,,,,,,,,,,,,,,,,,,,,,,,,,,,,,,,,,,,,,,1.0,1094217003330,2009-05-07,,16.0,25.11,C,89929823,12300,4210014,16,32731000001,kemerovo,4200,1.0,0.0,87.0995565,53.7672644,house,0.0
4217115156,1.0,none,1.0,0.0,1.0,,,,,,,,,,,,85.0,,,,,0.0,85.0,,34.0,,,,,,,,,,,,,51.0,,51.0,,,,85.0,85.0,,3279.0,-3109.0,170.0,,,148.0,,,,,-22.0,18.0,-130.0,,,,,,,,18.0,,,,,,,,,,,,,,,,,,,,,,,,,,,,,,,,,,,,,,,,,,,,,,,,,,,,,,,,,,,,,,,,,,,,,,,,,,,,,,,,,,,,,,,,,,,,,,,,,,,,,,,,,,,,,,,,,,,,,,,,,,,,,,,,,,,,,,,,1.0,1094217003385,2009-05-12,,16.0,74.20,M,89930223,12300,4210014,16,32731000001,kemerovo,4200,1.0,0.0,87.1305906,53.7631922,street,0.0
4217115283,1.0,none,1.0,0.0,1.0,,,,,,,,,,,,10.0,,,,,3.0,7.0,,10.0,,,,,,,,,,,,,0.0,,0.0,,,,10.0,10.0,,44.0,-51.0,-7.0,,,-7.0,,,0.0,,0.0,-7.0,,,,,,,,,-7.0,,,,,,,,,,,,,,,,,,,,,,,,,,,,,,,,,,,,,,,,,,,,,,,,,,,,,,,,,,,,,,,,,,,,,,,,,,,,,,,,,,,,,,,,,,,,,,,,,,,,,,,,,,,,,,,,,,,,,,,,,,,,,,,,,,,,,,,,1.0,1094217003495,2009-05-18,,16.0,62.02,J,89931257,12300,4210014,16,32731000001,kemerovo,4200,1.0,0.0,87.1556687,53.7510548,house,0.0
4217115420,1.0,none,1.0,0.0,1.0,8.0,,,,,,8.0,,,,,2977.0,79.0,,,,794.0,2104.0,,2615.0,,,,,,,,,,,,,370.0,20.0,350.0,,,,2985.0,2985.0,,5056.0,-4484.0,572.0,,,707.0,,,,193.0,-58.0,557.0,-150.0,,,,,,,,557.0,,,,,,,,,,,,,,,,,,,,,,,,,,,,,,,,,,,,,,,,,,,,,,,,,,,,,,,,,,,,,,,,,,,,,,,,,,,,,,,,,,,,,,,,,,,,,,,,,,,,,,,,,,,,,,,,,,,,,,,,,,,,,,,,,,,,,,,,1.0,1094217003638,2009-05-22,,16.0,81.22,N,89931837,12300,4210014,16,32731000001,kemerovo,4200,1.0,0.0,87.1253992,53.7638788,house,0.0
4217115477,1.0,none,1.0,0.0,1.0,0.0,,,,,,0.0,,0.0,,,10.0,0.0,,,,10.0,0.0,,10.0,,,,,,,,0.0,0.0,,,0.0,0.0,0.0,0.0,,,0.0,10.0,10.0,,0.0,0.0,,,,0.0,,,0.0,0.0,0.0,0.0,0.0,,,,,,,,0.0,,,,,,,,,,,,,,,,,,,,,,,,,,,,,,,,,,,,,,,,,,,,,,,,,,,,,,,,,,,,,,,,,,,,,,,,,,,,,,,,,,,,,,,,,,,,,,,,,,,,,,,,,,,,,,,,,,,,,,,,,,,,,,,,,,,,,,,,1.0,1094217003682,2009-05-26,2025-12-22,16.0,41.20,F,89932593,12300,4210014,16,32731000001,kemerovo,4200,1.0,0.0,87.1243311,53.7743389,house,0.0
4217115484,1.0,none,1.0,0.0,1.0,2380.0,,,,,,2380.0,,,,,3326.0,424.0,,,,2746.0,156.0,,5566.0,,,,,,,,,,,,,140.0,,140.0,,,,5706.0,5706.0,,1651.0,-1808.0,-157.0,,,-808.0,,,0.0,195.0,-846.0,-874.0,-66.0,,,,,,,,-874.0,,,,,,,,,,,,,,,,,,,,,,,,,,,,,,,,,,,,,,,,,,,,,,,,,,,,,,,,,,,,,,,,,,,,,,,,,,,,,,,,,,,,,,,,,,,,,,,,,,,,,,,,,,,,,,,,,,,,,,,,,,,,,,,,,,,,,,,,1.0,1094217003693,2009-05-26,,16.0,14.12,C,89932601,12300,4210014,16,32731000001,kemerovo,4200,1.0,0.0,87.1236373,53.7657421,house,0.0
4217115501,1.0,none,1.0,0.0,0.0,1675181.0,,3256.0,,586913.0,,474745.0,,0.0,317777.0,292490.0,236703.0,104262.0,,85814.0,4321.0,,34.0,42272.0,-542320.0,8965.0,,,,263379.0,,-814664.0,753967.0,185117.0,371574.0,197276.0,0.0,1700237.0,756695.0,853532.0,,47713.0,42297.0,1911884.0,1911884.0,-33081.0,34191.0,-67272.0,-115214.0,-3133.0,-79000.0,-543427.0,,0.0,-21610.0,26099.0,-432702.0,-660900.0,-117473.0,,-117473.0,,,,,0.0,-660900.0,,,,,,286457.0,295163.0,-75.0,8781.0,-144799.0,-144799.0,-439962.0,-439962.0,,,,,,,,,,,,,,,,,,-144799.0,-542320.0,-660900.0,-660900.0,,,,,,,,,,,,,,,,,263379.0,,,,,,,,,,,,,,-259290.0,76632.0,50302.0,1286.0,,,25044.0,,-335922.0,-203514.0,-74097.0,0.0,,-58311.0,,3465.0,40122.0,,,9945.0,30177.0,,,-36657.0,-36657.0,,,,,,255773.0,264513.0,1134.0,263379.0,,,,,-8740.0,,,-7206.0,-1534.0,,-52.0,86.0,,34.0,,,,,,,,,,,,,,,,,,,,,,,,1.0,1094217003715,2009-05-26,,16.0,05.10.12,B,89932630,12300,4210014,16,32737000001,kemerovo,4200,1.0,0.0,86.663666,53.9088543,street,0.0
4217115678,1.0,none,1.0,0.0,1.0,,,,,,,,,,,,10072.0,10.0,,,,9362.0,700.0,,5315.0,,,,,,,,,,,,,4757.0,1200.0,3557.0,,,,10072.0,10072.0,,14214.0,-12961.0,1253.0,,,1093.0,,,,,-160.0,599.0,-494.0,,,,,,,,599.0,,,,,,,,,,,,,,,,,,,,,,,,,,,,,,,,,,,,,,,,,,,,,,,,,,,,,,,,,,,,,,,,,,,,,,,,,,,,,,,,,,,,,,,,,,,,,,,,,,,,,,,,,,,,,,,,,,,,,,,,,,,,,,,,,,,,,,,,1.0,1094217003870,2009-06-01,,16.0,43.99.70,F,89933598,12300,4210014,16,32731000001,kemerovo,4200,1.0,0.0,87.1492623,53.7486614,house,0.0
4217115685,1.0,none,1.0,0.0,0.0,21826.0,,0.0,,,,11962.0,,,,9864.0,598764.0,165038.0,,0.0,86409.0,1982.0,345336.0,0.0,484500.0,13.0,-51129.0,,,,,535616.0,0.0,,,,0.0,136090.0,,135510.0,,581.0,,620590.0,620590.0,229195.0,860921.0,-631726.0,149986.0,-52076.0,-27133.0,161818.0,,34406.0,,1099.0,-23673.0,118439.0,-43379.0,-43379.0,,,,,,,118439.0,,,,,,400916.0,400916.0,,,381447.0,381447.0,186031.0,186031.0,,,,,,,-205500.0,,,,,,,-205500.0,,,,381447.0,484500.0,118439.0,118439.0,,,,,,,-15385.0,,,,,,,-15385.0,,,,,,,,,,,,,,,,,182155.0,916330.0,872677.0,,,,43653.0,,-734175.0,-647309.0,-30356.0,,-47522.0,-8988.0,,9717.0,11217.0,,,11203.0,14.0,,,-1500.0,0.0,,-1500.0,,,,-12462.0,38000.0,,38000.0,,,,,-50462.0,0.0,-47774.0,,-2688.0,,179410.0,165926.0,,345336.0,,,,,,,,,,,,,,,,,,,,,,,,1.0,1094217003880,2009-06-01,,16.0,46.46,G,89933612,12300,4210014,16,50701000001,novosibirsk,5400,1.0,0.0,82.9235172,55.0233127,house,0.0
4217115773,1.0,none,1.0,0.0,1.0,,,,,,,,,,,,10.0,10.0,,,,,0.0,,10.0,,,,,,,,,,,,,,,,,,,10.0,10.0,,,,,,,,,,,,,,,,,,,,,,,,,,,,,,,,,,,,,,,,,,,,,,,,,,,,,,,,,,,,,,,,,,,,,,,,,,,,,,,,,,,,,,,,,,,,,,,,,,,,,,,,,,,,,,,,,,,,,,,,,,,,,,,,,,,,,,,,,,,,,,,,,,,,,,,,,,,,,,1.0,1094217003980,2009-06-02,,16.0,72.19,M,89933753,12300,4210014,16,32731000001,kemerovo,4200,1.0,0.0,87.1737936,53.754324,house,0.0
4217115822,1.0,none,1.0,0.0,0.0,0.0,,0.0,,,,0.0,0.0,0.0,0.0,0.0,650.0,212.0,,0.0,395.0,0.0,43.0,0.0,520.0,10.0,0.0,,0.0,0.0,0.0,510.0,0.0,0.0,0.0,0.0,0.0,130.0,0.0,10.0,120.0,0.0,0.0,650.0,650.0,18294.0,18294.0,0.0,529.0,-17765.0,0.0,510.0,0.0,0.0,0.0,0.0,-19.0,510.0,0.0,0.0,0.0,,,,,0.0,510.0,,,,,,,,,,,,,,,,,,,,,,,,,,,,,,,,,,,,,,,,,,,,,,,,,,,,,,,,,,,,,,,,,,,,,,,,,,,,,,,,,,,,,,,,,,,,,,,,,,,,,,,,,,,,,,,,,,,,,,,,,,,,,,,,,,,,,,,,0.0,1094217004034,2009-06-04,,16.0,46.74.30,G,48643486,12300,4210014,16,32731000001,kemerovo,4200,1.0,0.0,87.1181322,53.7703912,house,0.0
4217116061,1.0,none,1.0,0.0,1.0,125.0,,,,,,125.0,,0.0,,,29628.0,0.0,,,,28605.0,1023.0,,1893.0,,,,,,,,0.0,,,,0.0,27860.0,0.0,27860.0,,,0.0,29753.0,29753.0,,11329.0,-11645.0,-316.0,,,217.0,,,0.0,713.0,-180.0,163.0,-54.0,,,,,,,,163.0,,,,,,,,,,,,,,,,,,,,,,,,,,,,,,,,,,,,,,,,,,,,,,,,,,,,,,,,,,,,,,,,,,,,,,,,,,,,,,,,,,,,,,,,,,,,,,,,,,,,,,,,,,,,,,,,,,,,,,,,,,,,,,,,,,,,,,,,1.0,1094217004254,2009-06-17,,16.0,43.99.90,F,89935290,12300,4210014,16,32731000001,kemerovo,4200,1.0,0.0,87.1316218,53.776834,house,0.0
4217116093,1.0,none,1.0,0.0,1.0,,,,,,,,,,,,159.0,0.0,,,,,159.0,,10.0,,,,,,,,,,,,,149.0,,149.0,,,,159.0,159.0,,364.0,-242.0,122.0,,,122.0,,,0.0,,0.0,100.0,-22.0,,,,,,,,100.0,,,,,,,,,,,,,,,,,,,,,,,,,,,,,,,,,,,,,,,,,,,,,,,,,,,,,,,,,,,,,,,,,,,,,,,,,,,,,,,,,,,,,,,,,,,,,,,,,,,,,,,,,,,,,,,,,,,,,,,,,,,,,,,,,,,,,,,,1.0,1094217004287,2009-06-17,,16.0,69.20.20,M,89935350,12300,4210014,16,32731000001,kemerovo,4200,0.0,0.0,87.1354251,53.7650125,house,0.0
4217116128,1.0,none,1.0,0.0,0.0,6919789.0,,114.0,,,,4441617.0,22342.0,0.0,2455716.0,0.0,49027345.0,18505205.0,,294235.0,29274838.0,823707.0,98336.0,31024.0,3488001.0,296584.0,,,0.0,,0.0,3191417.0,3212085.0,33333.0,3178753.0,,0.0,49247047.0,1229351.0,47611331.0,,406366.0,0.0,55947134.0,55947134.0,3099958.0,18752866.0,-15652908.0,726620.0,,-2373338.0,357370.0,,73452.0,-389146.0,540318.0,-593874.0,357370.0,0.0,0.0,0.0,,,,,0.0,357370.0,0.0,,,,,1849178.0,1849178.0,,,3101353.0,3101353.0,1252175.0,1252175.0,,,,,,,,,,,,,,,,,,3101353.0,3488001.0,386648.0,386648.0,,,,,,,,,,,,,,,,,,,,,,,,,,,,,,,825667.0,30108110.0,29929808.0,0.0,,,178302.0,,-29282443.0,-20596982.0,-5944891.0,-129619.0,-57815.0,-2553136.0,,-297985.0,1276457.0,,,1216494.0,59879.0,84.0,,-1574442.0,-202936.0,,-1305001.0,,-66505.0,,-743360.0,1056224.0,857500.0,0.0,,,198724.0,,-1799584.0,,,-614468.0,-1185116.0,,-215678.0,314015.0,,98337.0,,,,,,,,,,,,,,,,,,,,,,,,1.0,1094217004309,2009-06-19,,16.0,71.10,M,62480080,12300,4210014,16,50701000001,novosibirsk,5400,1.0,0.0,82.9262739,55.0219283,house,0.0
4217116248,1.0,none,1.0,0.0,0.0,0.0,,0.0,,,,0.0,0.0,0.0,,0.0,6776.0,73.0,,0.0,2061.0,0.0,4642.0,0.0,5571.0,250.0,,,0.0,,0.0,5321.0,0.0,0.0,,,0.0,1205.0,0.0,1205.0,,,,6776.0,6776.0,-624.0,22297.0,-22921.0,-624.0,,,102.0,,0.0,0.0,898.0,-172.0,-360.0,-462.0,,,,,,,,-360.0,0.0,,,,,,,,,,,,,,,,,,,,,,,,,,,,,,,,,,,,,,,,,,,,,,,,,,,,,,,,,,,,,,,,,,,,,,,,,,,,,,,,,,,,,,,,,,,,,,,,,,,,,,,,,,,,,,,,,,,,,,,,,,,,,,,,,,,,,,,0.0,1094217004386,2009-06-23,,16.0,80.10,N,62480358,12300,4210014,16,32731000001,kemerovo,4200,1.0,0.0,87.1330233,53.7799717,house,0.0
4217116262,1.0,none,1.0,0.0,0.0,,,,,,,,,,,,4306.0,10.0,,,960.0,3224.0,112.0,,4091.0,10.0,,,,,,4081.0,,,,,,215.0,,215.0,,,,4306.0,4306.0,2709.0,2709.0,,962.0,,-1747.0,915.0,,,,,-47.0,815.0,-100.0,-100.0,,,,,,,815.0,,,,,,,,,,,,,,,,,,,,,,,,,,,,,,,,,,,,,,,,,,,,,,,,,,,,,,,,,,,,,,,,,,,,,,,,,,,,,,,,,,,,,,,,,,,,,,,,,,,,,,,,,,,,,,,,,,,,,,,,,,,,,,,,,,,,,,,,0.0,1094217004408,2009-06-24,,16.0,69.10,M,62480619,12300,4210014,16,32731000001,kemerovo,4200,1.0,0.0,87.1279505,53.7455679,house,0.0
4217116304,1.0,none,1.0,0.0,1.0,,,,,,,,,,,,35.0,,,,,0.0,35.0,,30.0,,,,,,,,,,,,,5.0,,5.0,,,,35.0,35.0,,,-3.0,-3.0,,,31.0,,,,42.0,-8.0,31.0,0.0,,,,,,,,31.0,,,,,,,,,,,,,,,,,,,,,,,,,,,,,,,,,,,,,,,,,,,,,,,,,,,,,,,,,,,,,,,,,,,,,,,,,,,,,,,,,,,,,,,,,,,,,,,,,,,,,,,,,,,,,,,,,,,,,,,,,,,,,,,,,,,,,,,,1.0,1094217004441,2009-06-29,,16.0,68.32.10,L,62481205,12300,4210014,16,32731000001,kemerovo,4200,1.0,0.0,87.1199815,53.7515797,house,0.0
4217116470,1.0,none,1.0,0.0,1.0,756.0,,,,,,756.0,,,,,3739.0,,,,,3735.0,4.0,,-2821.0,,,,,,,,390.0,390.0,,,,6926.0,,6926.0,,,,4495.0,4495.0,,,-128.0,-128.0,,,-545.0,,,,,-417.0,-1745.0,-1200.0,,,,,,,,-1745.0,,,,,,,,,,,,,,,,,,,,,,,,,,,,,,,,,,,,,,,,,,,,,,,,,,,,,,,,,,,,,,,,,,,,,,,,,,,,,,,,,,,,,,,,,,,,,,,,,,,,,,,,,,,,,,,,,,,,,,,,,,,,,,,,,,,,,,,,1.0,1094217004628,2009-07-13,,16.0,68.20.20,L,62482558,12300,4210014,16,32731000001,kemerovo,4200,0.0,0.0,87.1189216,53.7582965,house,0.0
4217116696,1.0,none,1.0,0.0,1.0,0.0,,,,,,0.0,,,,,6.0,,,,,,6.0,,,,,,,6.0,,,,,,,,,,,,,,6.0,6.0,,68.0,-69.0,-1.0,,,-1.0,,,0.0,0.0,0.0,-1.0,0.0,,,,,,,,-1.0,,,,,,,,,,,,,,,,,,,,,,,,,,,,,,,,,,,,,,,,,,,,,,,,,,,,,,,,,,,,,,,,,,,,,,,,,,,,,,,,,,,,,,,,,,,,,,,,,,,,,,,,,,,,,,,,,7.0,0.0,,,,,0.0,0.0,-69.0,-69.0,,,,,,,,,,,0.0,0.0,-62.0,1.0,1094200001939,2009-07-21,,16.0,94.12,S,62485433,20600,4210014,16,32731000001,kemerovo,4200,0.0,0.0,87.116359,53.7689266,house,0.0
4217116760,1.0,none,1.0,0.0,1.0,21232.0,,,,,,18251.0,,2981.0,,,131908.0,57697.0,,,,74076.0,135.0,,114966.0,,,,,,,,4688.0,4688.0,,,0.0,33486.0,0.0,33486.0,,,,153140.0,153140.0,,477445.0,-371354.0,106091.0,,,99149.0,,,,10921.0,-17863.0,74362.0,-24787.0,,,,,,,,74362.0,,,,,,,,,,,,,,,,,,,,,,,,,,,,,,,,,,,,,,,,,,,,,,,,,,,,,,,,,,,,,,,,,,,,,,,,,,,,,,,,,,,,,,,,,,,,,,,,,,,,,,,,,,,,,,,,,,,,,,,,,,,,,,,,,,,,,,,,1.0,1094217004892,2009-07-28,,16.0,46.71,G,62484416,12300,4210014,16,32731000001,kemerovo,4200,1.0,0.0,87.114037,53.7638051,house,0.0
4217116791,1.0,none,1.0,0.0,0.0,0.0,,,,,,,,,,,0.0,,,,,,,,0.0,,,,,,,,0.0,,,,,0.0,,,,,,0.0,0.0,,,,,,,,,,,,,,,,,,,,,,,,,,,,,,,,,,,,,,,,,,,,,,,,,,,,,,,,,,,,,,,,,,,,,,,,,,,,,,,,,,,,,,,0.0,4.0,,,,,4.0,,-4.0,-4.0,0.0,0.0,0.0,0.0,,0.0,,,,,,,,,,,,,,,0.0,,,,,,,,,,,,,,0.0,0.0,,0.0,0.0,4.0,,,,4.0,,,-4.0,-4.0,0.0,0.0,-4.0,0.0,0.0,0.0,0.0,0.0,0.0,0.0,0.0,0.0,0.0,0.0,1094200001950,2009-07-27,,16.0,94.99,S,62487001,20200,4220003,53,32731000001,kemerovo,4200,1.0,0.0,87.1148167,53.7525238,house,0.0
4217116826,1.0,none,1.0,0.0,1.0,5777.0,,,,,,5777.0,,,,,1726.0,46.0,,,,1344.0,336.0,,5182.0,,,,,,,,,,,,,2321.0,,2321.0,,,,7503.0,7503.0,,4291.0,-4585.0,-294.0,,,-320.0,,,,65.0,-91.0,-451.0,-131.0,,,,,,,,-451.0,,,,,,,,,,,,,,,,,,,,,,,,,,,,,,,,,,,,,,,,,,,,,,,,,,,,,,,,,,,,,,,,,,,,,,,,,,,,,,,,,,,,,,,,,,,,,,,,,,,,,,,,,,,,,,,,,,,,,,,,,,,,,,,,,,,,,,,,1.0,1094217004958,2009-07-30,,16.0,68.20.20,L,62484675,12300,4210014,16,32731000001,kemerovo,4200,1.0,0.0,87.162824,53.7492798,house,0.0
4217116907,1.0,none,1.0,0.0,1.0,26924.0,,,,,,26924.0,,,,,80586.0,66788.0,,,,13630.0,168.0,,14602.0,,,,,,,,44403.0,44403.0,,,,48505.0,,48505.0,,,,107510.0,107510.0,,134885.0,-125553.0,9332.0,,,368.0,,,-9373.0,923.0,-514.0,113.0,-255.0,,,,,,,,113.0,,,,,,,,,,,,,,,,,,,,,,,,,,,,,,,,,,,,,,,,,,,,,,,,,,,,,,,,,,,,,,,,,,,,,,,,,,,,,,,,,,,,,,,,,,,,,,,,,,,,,,,,,,,,,,,,,,,,,,,,,,,,,,,,,,,,,,,,1.0,1094217005035,2009-07-31,,16.0,16.10,C,62485025,12300,4210014,16,32731000001,kemerovo,4200,1.0,0.0,87.1181335,53.7864125,street,0.0
4217116921,1.0,none,1.0,0.0,0.0,,,,,,,,,,,,138.0,,,,,,138.0,,138.0,,,138.0,,,,,,,,,,,,,,,,138.0,138.0,0.0,0.0,0.0,0.0,0.0,0.0,0.0,0.0,0.0,0.0,0.0,0.0,0.0,,,,,,,,0.0,0.0,0.0,0.0,0.0,,,,,,,,,,,,,,,,,,,,,,,,,,,,,,,,,,,,,,,,,,,,,,,,,,,,,,,,,,,,,,,,,,,,,,,,,,,,,,,,,,,,,,,,,,,,,,,,,,,,,,,,,,,,,,161.0,4151.0,,,,4151.0,0.0,,-4174.0,-4131.0,-4131.0,,,-43.0,-36.0,0.0,,0.0,,-7.0,,,138.0,0.0,1094200001994,2009-07-29,,16.0,64.99,K,62486102,70412,4210014,50,32731000001,kemerovo,4200,1.0,0.0,87.1462093,53.755606,house,0.0
4217117026,1.0,none,1.0,0.0,1.0,2670.0,,,,,,,,2670.0,,,14634.0,186.0,,,,13532.0,916.0,,15716.0,,,,,,,,481.0,481.0,,,,1106.0,-6.0,1112.0,,,,17303.0,17303.0,,13041.0,-6143.0,6898.0,,,6894.0,,,,18.0,-22.0,6477.0,-417.0,,,,,,,,6477.0,,,,,,,,,,,,,,,,,,,,,,,,,,,,,,,,,,,,,,,,,,,,,,,,,,,,,,,,,,,,,,,,,,,,,,,,,,,,,,,,,,,,,,,,,,,,,,,,,,,,,,,,,,,,,,,,,,,,,,,,,,,,,,,,,,,,,,,,1.0,1094217005123,2009-08-04,,16.0,69.20,M,62485373,12300,4210014,16,50701000001,novosibirsk,5400,1.0,0.0,82.9387633,55.0120489,house,0.0
4217117107,1.0,none,1.0,0.0,1.0,,,,,,,,,,,,20.0,,,,,15.0,5.0,,19.0,,,,,,,,,,,,,1.0,,1.0,,,,20.0,20.0,,122.0,-79.0,43.0,,,37.0,,,,,-6.0,30.0,-7.0,,,,,,,,30.0,,,,,,,,,,,,,,,,,,,,,,,,,,,,,,,,,,,,,,,,,,,,,,,,,,,,,,,,,,,,,,,,,,,,,,,,,,,,,,,,,,,,,,,,,,,,,,,,,,,,,,,,,,,,,,,,,,,,,,,,,,,,,,,,,,,,,,,,1.0,1094217005211,2009-08-10,,16.0,69.10,M,62486177,12300,4210014,16,32731000001,kemerovo,4200,1.0,0.0,87.1222879,53.7629927,house,0.0
4217117298,1.0,none,1.0,0.0,1.0,512.0,,,,,,512.0,,,,,5223.0,2371.0,,,,2850.0,2.0,,81.0,,,,,,,,814.0,814.0,,,,4840.0,3846.0,994.0,,,,5735.0,5735.0,,7922.0,-7923.0,-1.0,,,-695.0,,,,43.0,-737.0,-699.0,-4.0,,,,,,,,-699.0,,,,,,,,,,,,,,,,,,,,,,,,,,,,,,,,,,,,,,,,,,,,,,,,,,,,,,,,,,,,,,,,,,,,,,,,,,,,,,,,,,,,,,,,,,,,,,,,,,,,,,,,,,,,,,,,,,,,,,,,,,,,,,,,,,,,,,,,1.0,1094217005409,2009-08-13,,16.0,46.90,G,62486906,12300,4210014,16,50701000001,novosibirsk,5400,1.0,0.0,82.9323173,55.0212832,house,0.0
4217117330,1.0,none,1.0,0.0,1.0,25006.0,,,,,,3923.0,,21083.0,,,9739.0,,,,,9710.0,29.0,,30664.0,,,,,,,,3847.0,3847.0,,,,234.0,,234.0,,,,34745.0,34745.0,,2291.0,-2009.0,282.0,,,262.0,,,,,-20.0,173.0,-89.0,,,,,,,,173.0,,,,,,,,,,,,,,,,,,,,,,,,,,,,,,,,,,,,,,,,,,,,,,,,,,,,,,,,,,,,,,,,,,,,,,,,,,,,,,,,,,,,,,,,,,,,,,,,,,,,,,,,,,,,,,,,,,,,,,,,,,,,,,,,,,,,,,,,1.0,1094217005442,2009-08-13,,16.0,68.20,L,62486935,12300,4210014,16,32731000001,kemerovo,4200,1.0,0.0,87.1112805,53.7629474,house,0.0
4217117403,1.0,none,1.0,0.0,0.0,,,,,,,,,,,,108.0,104.0,,0.0,,,4.0,,38.0,10.0,,,,,,28.0,,,,,,70.0,,70.0,,,,108.0,108.0,266.0,3812.0,-3546.0,266.0,,,266.0,,,,,,38.0,-228.0,-228.0,,,,,,,38.0,,,,,,,,,,,,,,,,,,,,,,,,,,,,,,,,,,,,,,,,,,,,,,,,,,,,,,,,,,,,,,,,,,,,,,,,,,,,,,,,,,,,,,,,,,,,,,,,,,,,,,,,,,,,,,,,,,,,,,,,,,,,,,,,,,,,,,,,0.0,1094217005520,2009-08-18,,16.0,46.46,G,62487739,12300,4210014,16,32731000001,kemerovo,4200,1.0,0.0,87.114037,53.7638051,house,0.0
4217117450,1.0,none,1.0,0.0,1.0,,,,,,,,,,,,16.0,,,,,16.0,0.0,,,,,,,,,,16.0,,,,16.0,0.0,0.0,0.0,,,,16.0,16.0,,0.0,0.0,,,,0.0,,,,,0.0,0.0,0.0,,,,,,,,0.0,,,,,,,,,,,,,,,,,,,,,,,,,,,,,,,,,,,,,,,,,,,,,,,,,,,,,,,,,,,,,,,,,,,,,,,,,,,,,,,,,,,,,,,,,,,,,,,,,,,,,,,,,,,,,,,,,,,,,,,,,,,,,,,,,,,,,,,,1.0,1094217005574,2009-08-20,,16.0,68.20.20,L,62488176,20101,4210014,16,32731000001,kemerovo,4200,1.0,0.0,87.116712,53.7718213,house,0.0
4217117509,1.0,none,1.0,0.0,1.0,4555.0,,,,,,4555.0,,,,,52161.0,3376.0,,,,46778.0,2007.0,,50686.0,,,,,,,,0.0,,,,0.0,6030.0,,6030.0,,,,56716.0,56716.0,,155475.0,-138549.0,16926.0,,,20212.0,,,,3768.0,-482.0,16018.0,-4194.0,,,,,,,,16018.0,,,,,,,,,,,,,,,,,,,,,,,,,,,,,,,,,,,,,,,,,,,,,,,,,,,,,,,,,,,,,,,,,,,,,,,,,,,,,,,,,,,,,,,,,,,,,,,,,,,,,,,,,,,,,,,,,,,,,,,,,,,,,,,,,,,,,,,,1.0,1094217005629,2009-08-20,,16.0,81.22,N,62488242,12300,4210014,16,32731000001,kemerovo,4200,1.0,0.0,87.0613379,53.7520189,house,0.0
4217117555,1.0,none,1.0,0.0,1.0,0.0,,,,,,0.0,,,,,4518.0,732.0,,,,2985.0,801.0,,804.0,,,,,,,,0.0,,,,0.0,3714.0,460.0,3254.0,,,,4518.0,4518.0,,27410.0,-27162.0,248.0,,,1063.0,,,,917.0,-102.0,794.0,-269.0,,,,,,,,794.0,,,,,,,,,,,,,,,,,,,,,,,,,,,,,,,,,,,,,,,,,,,,,,,,,,,,,,,,,,,,,,,,,,,,,,,,,,,,,,,,,,,,,,,,,,,,,,,,,,,,,,,,,,,,,,,,,,,,,,,,,,,,,,,,,,,,,,,,1.0,1094217005673,2009-08-24,,16.0,46.49,G,62488584,12300,4210014,16,32731000001,kemerovo,4200,1.0,0.0,87.1102456,53.7709997,house,0.0
4217117643,1.0,none,1.0,0.0,0.0,0.0,,,,,,,,,,,2208.0,,,,1012.0,,1196.0,,-106438.0,1000.0,,,,,,-107438.0,0.0,,,,,108646.0,,108646.0,,,,2208.0,2208.0,0.0,0.0,0.0,0.0,,,-1109.0,,,,,-1109.0,-1109.0,,,,,,,,,-1109.0,,,,,,,,,,,,,,,,,,,,,,,,,,,,,,,,,,,,,,,,,,,,,,,,,,,,,,,,,,,,,,,,,,,,,,,,,,,,,,,,,,,,,,,,,,,,,,,,,,,,,,,,,,,,,,,,,,,,,,,,,,,,,,,,,,,,,,,,0.0,1094217005761,2009-08-27,,16.0,25.11,C,62489075,12300,4210014,16,50701000001,novosibirsk,5400,1.0,0.0,82.9851881,55.1052802,house,0.0
4217117668,1.0,none,1.0,0.0,1.0,0.0,,,,,,0.0,,,,,4720.0,,,,,2104.0,2616.0,,3738.0,,,,,,,,0.0,0.0,,,,982.0,,982.0,,,,4720.0,4720.0,,11125.0,-9458.0,1667.0,,,1667.0,,,0.0,,0.0,1336.0,-331.0,,,,,,,,1336.0,,,,,,,,,,,,,,,,,,,,,,,,,,,,,,,,,,,,,,,,,,,,,,,,,,,,,,,,,,,,,,,,,,,,,,,,,,,,,,,,,,,,,,,,,,,,,,,,,,,,,,,,,,,,,,,,,,,,,,,,,,,,,,,,,,,,,,,,1.0,1094217005783,2009-08-27,,16.0,71.20.60,M,62489098,12300,4210014,16,32731000001,kemerovo,4200,1.0,0.0,87.1097088,53.75835,house,0.0
4217117690,1.0,none,1.0,0.0,1.0,0.0,,,,,,0.0,,0.0,,,6.0,0.0,,,,,6.0,,,,,,,6.0,,,0.0,0.0,,,0.0,0.0,0.0,,,,0.0,6.0,6.0,,9923.0,-6634.0,3289.0,,,3289.0,,,,,,2767.0,-522.0,,,,,,,,2767.0,,,,,,,,,,,,,,,,,,,,,,,,,,,,,,,,,,,,,,,,,,,,,,,,,,,,,,,,,,,,,,,,,,,,,,,,,,,,,,,,,,,,,,,,,,,,,,,,,,,,,,,,,,,,,,,,,,,,,,,,,,,,,,,,,,,,,,,,1.0,1094200002159,2009-08-25,,16.0,85.41.90,P,62490150,75500,4210014,16,32731000001,kemerovo,4200,0.0,0.0,87.1206914,53.7514306,house,0.0
4217117717,1.0,none,1.0,0.0,1.0,,,,,,,,,,,,8814.0,,,,,8123.0,691.0,,1369.0,,,,,,,,7445.0,7445.0,,,,,,,,,,8814.0,8814.0,,4111.0,-2767.0,1344.0,,,1344.0,,,,,,1142.0,-202.0,,,,,,,,1142.0,,,,,,,,,,,,,,,,,,,,,,,,,,,,,,,,,,,,,,,,,,,,,,,,,,,,,,,,,,,,,,,,,,,,,,,,,,,,,,,,,,,,,,,,,,,,,,,,,,,,,,,,,,,,,,,,,,,,,,,,,,,,,,,,,,,,,,,,1.0,1094217005827,2009-08-31,,16.0,79.11,N,62489649,12300,4210014,16,32731000001,kemerovo,4200,1.0,0.0,,,,0.0
4217118301,1.0,none,1.0,0.0,0.0,0.0,,0.0,,,,,,,,,10.0,0.0,,,0.0,,10.0,,10.0,10.0,,,,,,,,,,,,,,,,,,10.0,10.0,,,,,,,,,,,,,,,,,,,,,,,,,,,,,,,,,,,,,,,,,,,,,,,,,,,,,,,,,,,,,,,,,,,,,,,,,,,,,,,,,,,,,,,,,,,,,,,,,,,,,,,,,,,,,,,,,,,,,,,,,,,,,,,,,,,,,,,,,,,,,,,,,,,,,,,,,,,,,,0.0,1094217006400,2009-10-02,,16.0,96.04,S,62494343,12300,4210014,16,32731000001,kemerovo,4200,1.0,0.0,87.1112805,53.7629474,house,0.0
4217118460,1.0,none,1.0,0.0,1.0,,,,,,,,,,,,730.0,0.0,,,,100.0,630.0,,672.0,,,,,,,,0.0,0.0,,,,58.0,,58.0,,,,730.0,730.0,,2414.0,-1865.0,549.0,,,546.0,,,,,-3.0,474.0,-72.0,,,,,,,,474.0,,,,,,,,,,,,,,,,,,,,,,,,,,,,,,,,,,,,,,,,,,,,,,,,,,,,,,,,,,,,,,,,,,,,,,,,,,,,,,,,,,,,,,,,,,,,,,,,,,,,,,,,,,,,,,,,,,,,,,,,,,,,,,,,,,,,,,,,1.0,1094217006542,2009-10-12,,16.0,69.20,M,62495816,12300,4210014,16,32731000001,kemerovo,4200,1.0,0.0,87.1325904,53.7603811,house,0.0
4217118541,1.0,none,1.0,0.0,1.0,,,,,,,,,,,,188.0,,,,,,188.0,,12.0,,,,,,,,,,,,,176.0,,176.0,,,,188.0,188.0,,1140.0,-1000.0,140.0,,,140.0,,,,,0.0,88.0,-52.0,,,,,,,,88.0,,,,,,,,,,,,,,,,,,,,,,,,,,,,,,,,,,,,,,,,,,,,,,,,,,,,,,,,,,,,,,,,,,,,,,,,,,,,,,,,,,,,,,,,,,,,,,,,,,,,,,,,,,,,,,,,,,,,,,,,,,,,,,,,,,,,,,,,1.0,1094217006620,2009-10-13,,16.0,72.19,M,62496106,12300,4210014,16,32731000001,kemerovo,4200,1.0,0.0,87.1427134,53.7448593,house,0.0
4217118559,1.0,none,1.0,0.0,1.0,,,,,,,,,,,,122.0,0.0,,,,0.0,122.0,,122.0,,,,,,,,,,,,,0.0,,0.0,,,,122.0,122.0,,16606.0,-24011.0,-7405.0,,,-7646.0,,,,83.0,-324.0,-7652.0,-6.0,,,,,,,,-7652.0,,,,,,,,,,,,,,,,,,,,,,,,,,,,,,,,,,,,,,,,,,,,,,,,,,,,,,,,,,,,,,,,,,,,,,,,,,,,,,,,,,,,,,,,,,,,,,,,,,,,,,,,,,,,,,,,,,,,,,,,,,,,,,,,,,,,,,,,1.0,1094217006630,2009-10-13,,16.0,47.20,G,62496112,12300,4210014,16,84701000001,altai rep.,0400,1.0,0.0,85.9780089,51.9298335,house,0.0
4217118566,1.0,none,1.0,0.0,0.0,1073.0,,,,,,1073.0,,,,,3407.0,253.0,,,2789.0,260.0,105.0,,4445.0,,,4445.0,,,,,,,,,,35.0,,35.0,,,,4480.0,4480.0,,,,,,,,,,,,,,,,,,,,,,,,,,,,,,,,,,,,,,,,,,,,,,,,,,,,,,,,,,,,,,,,,,,,,,,,,,,,,,,,,,,,,,,,,,,,,,,,,,,,,,,,,,,,,,,,,,,,,,,,,,,,,,,,,,,,,,,3072.0,1444.0,,568.0,765.0,,,111.0,-4411.0,-3474.0,,0.0,-3474.0,-937.0,-582.0,-275.0,0.0,,0.0,-80.0,0.0,0.0,105.0,0.0,1094200002522,2009-10-08,,16.0,70.22,M,62498447,20600,4210014,16,32731000001,kemerovo,4200,1.0,0.0,87.1362831,53.761489,house,0.0
4217118573,1.0,none,1.0,0.0,1.0,,,,,,,,,,,,1271.0,0.0,,,,353.0,918.0,,1170.0,,,,,,,,,,,,,101.0,,101.0,,,,1271.0,1271.0,,4741.0,-3920.0,821.0,,,767.0,,,,,-54.0,624.0,-143.0,,,,,,,,624.0,,,,,,,,,,,,,,,,,,,,,,,,,,,,,,,,,,,,,,,,,,,,,,,,,,,,,,,,,,,,,,,,,,,,,,,,,,,,,,,,,,,,,,,,,,,,,,,,,,,,,,,,,,,,,,,,,,,,,,,,,,,,,,,,,,,,,,,,1.0,1094217006641,2009-10-13,,16.0,71.20.20,M,62496129,12300,4210014,16,32731000001,kemerovo,4200,1.0,0.0,87.1269366,53.7679902,house,0.0
4217118816,1.0,none,1.0,0.0,0.0,4916.0,,,,,,4162.0,,,754.0,,33363.0,7191.0,,0.0,11484.0,,14100.0,,26099.0,10.0,,,,,1.0,26088.0,740.0,,740.0,,,11440.0,,8855.0,,1530.0,,38279.0,38279.0,29647.0,92135.0,-62488.0,12293.0,-2966.0,-14388.0,12903.0,,1494.0,,1844.0,-2728.0,9580.0,-3323.0,-2633.0,-690.0,,,,,,9580.0,,,,95.8,,20717.0,20717.0,,,20519.0,20519.0,,3802.0,,,,,,,,,,,,,,-4000.0,,,,20519.0,26099.0,,9580.0,,,,,,,,,,,,,,-4000.0,,,,,,,,,,,,,,,,,4166.0,98910.0,94673.0,,,,4237.0,,-94744.0,-59914.0,-18256.0,,0.0,0.0,-16574.0,,,,,,,,,,,,,,,,-5088.0,,,,,,,,-5088.0,,-3750.0,,-1338.0,,-922.0,15022.0,,14100.0,,,,,,,,,,,,,,,,,,,,,,,,,1094217006872,2009-10-20,,16.0,33.12,C,62497672,12267,4210014,16,32731000001,kemerovo,4200,0.0,0.0,87.14653,53.7582436,city,0.0
4217118862,1.0,none,1.0,0.0,1.0,68256.0,,,,,,68256.0,,,,,6857.0,0.0,,,,6857.0,0.0,,5526.0,,,,,,,,66775.0,66775.0,,,,2812.0,0.0,2812.0,,,,75113.0,75113.0,,37287.0,-40533.0,-3246.0,,,-9042.0,,,0.0,651.0,-6447.0,-9406.0,-364.0,,,,,,,,-9406.0,,,,,,,,,,,,,,,,,,,,,,,,,,,,,,,,,,,,,,,,,,,,,,,,,,,,,,,,,,,,,,,,,,,,,,,,,,,,,,,,,,,,,,,,,,,,,,,,,,,,,,,,,,,,,,,,,,,,,,,,,,,,,,,,,,,,,,,,1.0,1094217006927,2009-10-21,,16.0,68.20.20,L,62497927,12300,4210014,16,45348000000,moscow city,7700,1.0,0.0,37.5203822,55.7981821,house,0.0
4217118894,1.0,none,1.0,0.0,0.0,0.0,,,,,,,,,,0.0,10.0,10.0,,,,,,,10.0,10.0,0.0,,,,,,0.0,,,,0.0,0.0,,,,,0.0,10.0,10.0,,,,,,,,,,,,,,,,,,,,,,,,,,,,,,,,,,,,,,,,,,,,,,,,,,,,,,,,,,,,,,,,,,,,,,,,,,,,,,,,,,,,,,,,,,,,,,,,,,,,,,,,,,,,,,,,,,,,,,,,,,,,,,,,,,,,,,,,,,,,,,,,,,,,,,,,,,,,,,0.0,1094217006950,2009-10-22,,16.0,68.31.10,L,62500612,12300,4210014,16,32737000001,kemerovo,4200,1.0,0.0,86.6156546,53.8674987,house,0.0
4217118911,1.0,none,1.0,0.0,1.0,44119.0,,,,,,44119.0,,,,,30026.0,20284.0,,,,7573.0,2169.0,,2209.0,,,,,,,,43785.0,43785.0,,,,28151.0,,28151.0,,,,74145.0,74145.0,,234738.0,-228059.0,6679.0,,,-2222.0,,,-5571.0,159.0,-3489.0,-4590.0,-2368.0,,,,,,,,-4590.0,,,,,,,,,,,,,,,,,,,,,,,,,,,,,,,,,,,,,,,,,,,,,,,,,,,,,,,,,,,,,,,,,,,,,,,,,,,,,,,,,,,,,,,,,,,,,,,,,,,,,,,,,,,,,,,,,,,,,,,,,,,,,,,,,,,,,,,,1.0,1094217006971,2009-10-22,,16.0,47.30,G,62500658,12300,4210014,16,32519000366,kemerovo,4200,1.0,0.0,87.0057708,53.685272,city,0.0
4217118982,1.0,none,1.0,0.0,1.0,,,,,,,,,,,,1427.0,,,,,168.0,1259.0,,,,,,,1395.0,,,,,,,,32.0,,32.0,,,,1427.0,1427.0,,,,,,,,,,,,,,,,,,,,,,,,,,,,,,,,,,,,,,,,,,,,,,,,,,,,,,,,,,,,,,,,,,,,,,,,,,,,,,,,,,,,,,,,,,,,,,,,,,,,,,,,,,,,,,,,,,,,,,,,,,,,,,,,,,,,,,,652.0,17.0,,,,,17.0,,-212.0,-212.0,,,,,,,,,,,,,457.0,1.0,1094217007048,2009-10-23,,16.0,68.32.10,L,62498476,20716,4210014,16,32731000001,kemerovo,4200,0.0,0.0,87.1564003,53.7606102,house,0.0
4217119263,1.0,none,1.0,0.0,1.0,,,,,,,,,,,,53.0,29.0,,,,24.0,,,53.0,,,,,,,,,,,,,0.0,,0.0,,,,53.0,53.0,,335.0,-275.0,60.0,,,60.0,,,,,,44.0,-16.0,,,,,,,,44.0,,,,,,,,,,,,,,,,,,,,,,,,,,,,,,,,,,,,,,,,,,,,,,,,,,,,,,,,,,,,,,,,,,,,,,,,,,,,,,,,,,,,,,,,,,,,,,,,,,,,,,,,,,,,,,,,,,,,,,,,,,,,,,,,,,,,,,,,1.0,1094217008038,2009-11-05,,16.0,79.11,N,62500569,12300,4210014,16,32731000001,kemerovo,4200,1.0,0.0,87.1419382,53.7545194,house,0.0
4217119545,1.0,none,1.0,0.0,1.0,,,,,,,,,,,,8092.0,,,,,1534.0,6558.0,,,,,,,7830.0,,,,,,,,262.0,,262.0,,,,8092.0,8092.0,,0.0,0.0,,,,0.0,,,,,0.0,0.0,0.0,,,,,,,,0.0,,,,,,,,,,,,,,,,,,,,,,,,,,,,,,,,,,,,,,,,,,,,,,,,,,,,,,,,,,,,,,,,,,,,,,,,,,,,,,,,,,,,,,,,,,,,,,,,,,,,,,,,,,,,,,,,,5606.0,27.0,,,,,27.0,0.0,-2110.0,-2110.0,,,,,,,,,,,,,3523.0,1.0,1094217010140,2009-11-13,,16.0,68.32.10,L,62502373,20700,4210014,49,32731000001,kemerovo,4200,0.0,0.0,87.1569716,53.7626124,house,0.0
4217119633,1.0,none,1.0,0.0,0.0,33533.0,,,,,,33533.0,,0.0,,,1050037.0,18297.0,,109130.0,405037.0,443773.0,31558.0,42242.0,150613.0,13.0,,,,,,150600.0,39.0,,39.0,,,932918.0,30.0,932888.0,,,,1083570.0,1083570.0,15329.0,64008.0,-48679.0,-44079.0,-214.0,-59194.0,-30131.0,,1575.0,,14426.0,-2053.0,-30320.0,-189.0,-189.0,,,,,,,-30320.0,,,,,,181044.0,181044.0,,,184502.0,184502.0,3458.0,3458.0,,,,,,,,,,,,,,,,,,184502.0,150614.0,-33888.0,-33888.0,,,,,,,,,,,,,,,,,,,,,,,,,,,,,,,321065.0,412212.0,392063.0,,,,20149.0,,-91147.0,-56104.0,-22650.0,,0.0,-12393.0,,-312727.0,20000.0,,,20000.0,,,,-332727.0,,,-332727.0,,,,0.0,0.0,,,,,,,,,,,,,8338.0,23219.0,,31557.0,,,,,,,,,,,,,,,,,,,,,,,,1.0,1094217010755,2009-11-17,,16.0,46.72,G,62502982,12300,4210014,16,45319000000,moscow city,7700,1.0,0.0,37.4583972,55.7619877,house,0.0
4217119841,1.0,none,1.0,0.0,0.0,0.0,,,,,,,0.0,,,,0.0,,,,,,0.0,0.0,0.0,,,,,,,0.0,0.0,0.0,,,,0.0,,0.0,,,,0.0,0.0,0.0,0.0,0.0,0.0,,,-1058.0,,,0.0,61.0,-1119.0,-1068.0,-10.0,,,,,,,,-1068.0,,,,,,,,,,,,,,,,,,,,,,,,,,,,,,,,,,,,,,,,,,,,,,,,,,,,,,,,,,,,,,,,,,,,,,,,,,,,,,,,,,,,,,,,,,,,,,,,,,,,,,,,,,,,,,,,,,,,,,,,,,,,,,,,,,,,,,,,0.0,1094217010964,2009-11-24,,16.0,49.41,H,62504461,12300,4210014,16,50701000001,novosibirsk,5400,1.0,0.0,83.0130822,55.0201754,house,0.0
4217119866,1.0,none,1.0,0.0,1.0,,,,,,,,,,,,504.0,353.0,,,,111.0,40.0,,386.0,,,,,,,,,,,,,118.0,,,,,118.0,504.0,504.0,,2014.0,-1956.0,58.0,,,58.0,,,,,0.0,0.0,-58.0,,,,,,,,0.0,,,,,,,,,,,,,,,,,,,,,,,,,,,,,,,,,,,,,,,,,,,,,,,,,,,,,,,,,,,,,,,,,,,,,,,,,,,,,,,,,,,,,,,,,,,,,,,,,,,,,,,,,,,,,,,,,,,,,,,,,,,,,,,,,,,,,,,,1.0,1094217010986,2009-11-24,,16.0,69.20.20,M,62504484,12300,4210014,16,32731000001,kemerovo,4200,1.0,0.0,87.1599901,53.7512431,house,0.0
4217119922,1.0,none,1.0,0.0,0.0,0.0,,0.0,,0.0,0.0,0.0,,0.0,0.0,0.0,1.0,0.0,,0.0,0.0,0.0,1.0,0.0,1.0,10.0,0.0,,0.0,776.0,0.0,-785.0,0.0,0.0,0.0,0.0,0.0,0.0,0.0,0.0,0.0,0.0,0.0,1.0,1.0,0.0,278.0,-278.0,0.0,0.0,0.0,0.0,0.0,0.0,0.0,0.0,0.0,0.0,0.0,0.0,0.0,,,,,0.0,0.0,,,,,,,,,,,,,,,,,,,,,,,,,,,,,,,,,,,,,,,,,,,,,,,,,,,,,,,,,,,,,,,,,,,,,,,,,,,,,,,,,,,,,,,,,,,,,,,,,,,,,,,,,,,,,,,,,,,,,,,,,,,,,,,,,,,,,,,,0.0,1094217011041,2009-11-25,,16.0,52.29,H,62505207,12300,4210014,16,32731000001,kemerovo,4200,1.0,0.0,87.1352393,53.7584203,street,0.0
4217119947,1.0,none,1.0,0.0,1.0,,,,,,,,,,,,541.0,382.0,,,,,159.0,,217.0,,,,,,,,,,,,,324.0,5.0,319.0,,,,541.0,541.0,,4560.0,-4436.0,124.0,,,77.0,,,,,-47.0,28.0,-49.0,,,,,,,,28.0,,,,,,,,,,,,,,,,,,,,,,,,,,,,,,,,,,,,,,,,,,,,,,,,,,,,,,,,,,,,,,,,,,,,,,,,,,,,,,,,,,,,,,,,,,,,,,,,,,,,,,,,,,,,,,,,,,,,,,,,,,,,,,,,,,,,,,,,1.0,1094217011063,2009-11-25,,16.0,96.03,S,62505590,12300,4210014,16,32731000001,kemerovo,4200,1.0,0.0,87.2138507,53.7846464,house,0.0
4217119979,1.0,none,1.0,0.0,0.0,0.0,,0.0,,0.0,0.0,0.0,,0.0,0.0,0.0,1556.0,0.0,0.0,0.0,1523.0,0.0,33.0,0.0,1444.0,10.0,0.0,,,0.0,0.0,1434.0,0.0,0.0,0.0,0.0,0.0,112.0,0.0,112.0,0.0,0.0,0.0,1556.0,1556.0,7857.0,7857.0,0.0,671.0,-7186.0,0.0,577.0,0.0,0.0,0.0,15.0,-109.0,490.0,-87.0,-87.0,0.0,0.0,,,,0.0,490.0,0.0,0.0,0.0,,,,,,,,,,,,,,,,,,,,,,,,,,,,,,,,,,,,,,,,,,,,,,,,,,,,,,,,,,,,,,,,,,,,,,,,,,,,,,,,,,,,,,,,,,,,,,,,,,,,,,,,,,,,,,,,,,,,,,,,,,,,,,,,,,,,,0.0,1094217011085,2009-11-26,,16.0,43.22,F,62505615,12300,4210014,16,32731000001,kemerovo,4200,1.0,0.0,87.106869,53.7676077,house,0.0
4217120050,1.0,none,1.0,0.0,1.0,,,,,,,,,,,,10.0,,,,,10.0,0.0,,10.0,,,,,,,,,,,,,,,,,,,10.0,10.0,,,,,,,,,,,,,,,,,,,,,,,,,,,,,,,,,,,,,,,,,,,,,,,,,,,,,,,,,,,,,,,,,,,,,,,,,,,,,,,,,,,,,,,,,,,,,,,,,,,,,,,,,,,,,,,,,,,,,,,,,,,,,,,,,,,,,,,,,,,,,,,,,,,,,,,,,,,,,,1.0,1094217011195,2009-11-30,,16.0,43.30,F,62505791,12300,4210014,16,32731000001,kemerovo,4200,1.0,0.0,87.0641936,53.7468143,house,0.0
4217120068,1.0,none,1.0,0.0,1.0,,,,,,,,,,,,1263.0,38.0,,,,1199.0,26.0,,-510.0,,,,,,,,1302.0,1302.0,,,,471.0,,471.0,,,,1263.0,1263.0,,2276.0,-2118.0,158.0,,,146.0,,,,,-12.0,127.0,-19.0,,,,,,,,127.0,,,,,,,,,,,,,,,,,,,,,,,,,,,,,,,,,,,,,,,,,,,,,,,,,,,,,,,,,,,,,,,,,,,,,,,,,,,,,,,,,,,,,,,,,,,,,,,,,,,,,,,,,,,,,,,,,,,,,,,,,,,,,,,,,,,,,,,,1.0,1094217011217,2009-11-30,,16.0,47.59.20,G,62505822,12300,4210014,16,32731000001,kemerovo,4200,1.0,0.0,87.1436545,53.7607272,house,0.0
4217120205,1.0,none,1.0,0.0,0.0,42092.0,,0.0,,,,40677.0,0.0,0.0,1415.0,0.0,125140.0,38014.0,,0.0,86919.0,0.0,67.0,139.0,87563.0,10.0,,,57510.0,,0.0,30044.0,7083.0,0.0,7083.0,,0.0,72584.0,22800.0,44736.0,,,5048.0,167231.0,167231.0,48019.0,261138.0,-213119.0,2317.0,,-45702.0,2365.0,,511.0,-1129.0,733.0,-67.0,15.0,-2350.0,-2094.0,-256.0,,,,,,15.0,0.0,,,,,,,,,,,,,,,,,,,,,,,,,,,,,,,,,,,,,,,,,,,,,,,,,,,,,,,,,,,,,,,,,,,,,,,,,,,,,,,,,,,,,,,,,,,,,,,,,,,,,,,,,,,,,,,,,,,,,,,,,,,,,,,,,,,,,,,0.0,1094217011305,2009-12-03,,16.0,41.20,F,62506891,12300,4210014,16,32731000001,kemerovo,4200,1.0,0.0,87.1192834,53.7712729,house,0.0
4217120244,1.0,none,1.0,0.0,1.0,,,,,,,,,,,,331.0,102.0,,,,201.0,28.0,,20.0,,,,,,,,,,,,,311.0,,311.0,,,,331.0,331.0,,4841.0,-4465.0,376.0,,,351.0,,,,,-25.0,298.0,-53.0,,,,,,,,298.0,,,,,,,,,,,,,,,,,,,,,,,,,,,,,,,,,,,,,,,,,,,,,,,,,,,,,,,,,,,,,,,,,,,,,,,,,,,,,,,,,,,,,,,,,,,,,,,,,,,,,,,,,,,,,,,,,,,,,,,,,,,,,,,,,,,,,,,,1.0,1094217011349,2009-12-04,,16.0,47.59,G,62506661,12300,4210014,16,32731000001,kemerovo,4200,0.0,0.0,87.1594213,53.8331458,house,0.0
4217120484,1.0,none,1.0,0.0,1.0,68.0,,,,,,68.0,,,,,1262.0,348.0,,,,285.0,629.0,,,,,,,-175.0,,,1166.0,1166.0,,,,339.0,,339.0,,,,1330.0,1330.0,,,,,,,,,,,,,,,,,,,,,,,,,,,,,,,,,,,,,,,,,,,,,,,,,,,,,,,,,,,,,,,,,,,,,,,,,,,,,,,,,,,,,,,,,,,,,,,,,,,,,,,,,,,,,,,,,,,,,,,,,,,,,,,,,,,,,,,-908.0,4595.0,,,,,4595.0,0.0,-287.0,-189.0,,,,,,,,,,,,-98.0,3400.0,1.0,1094200003017,2009-12-07,,16.0,85.30,P,62509949,75500,4210014,16,32731000001,kemerovo,4200,0.0,0.0,87.1301967,53.7560451,house,0.0
4217120491,1.0,none,1.0,0.0,1.0,,,,,,,,,,,,21369.0,17791.0,,,,3193.0,385.0,,15289.0,,,,,,,,,,,,,6080.0,3467.0,2613.0,,,,21369.0,21369.0,,19981.0,-16664.0,3317.0,,,3123.0,,,0.0,0.0,-194.0,2650.0,-473.0,,,,,,,,2650.0,,,,,,,,,,,,,,,,,,,,,,,,,,,,,,,,,,,,,,,,,,,,,,,,,,,,,,,,,,,,,,,,,,,,,,,,,,,,,,,,,,,,,,,,,,,,,,,,,,,,,,,,,,,,,,,,,,,,,,,,,,,,,,,,,,,,,,,,1.0,1094217011570,2009-12-10,,16.0,46.42,G,62508074,12300,4210014,16,32731000001,kemerovo,4200,1.0,0.0,87.1148906,53.7647864,house,0.0
4217120533,1.0,none,1.0,0.0,1.0,10858.0,,,,,,8658.0,,2200.0,,,20915.0,10953.0,,,,9713.0,249.0,,10294.0,,,,,,,,0.0,,,,0.0,21479.0,20773.0,706.0,,,,31773.0,31773.0,,17511.0,-14091.0,3420.0,,,1758.0,,,,1222.0,-2884.0,1318.0,-440.0,,,,,,,,1318.0,,,,,,,,,,,,,,,,,,,,,,,,,,,,,,,,,,,,,,,,,,,,,,,,,,,,,,,,,,,,,,,,,,,,,,,,,,,,,,,,,,,,,,,,,,,,,,,,,,,,,,,,,,,,,,,,,,,,,,,,,,,,,,,,,,,,,,,,1.0,1094217011613,2009-12-10,,16.0,46.69.90,G,62508128,12300,4210014,16,32731000001,kemerovo,4200,1.0,0.0,87.14653,53.7582436,city,0.0
4217120621,1.0,none,1.0,0.0,0.0,0.0,,0.0,,,,0.0,0.0,0.0,,0.0,12335.0,2728.0,,0.0,9579.0,0.0,28.0,0.0,4445.0,20.0,,,0.0,,0.0,4425.0,0.0,0.0,,,0.0,7890.0,1712.0,6178.0,,,0.0,12335.0,12335.0,2731.0,11456.0,-8725.0,610.0,-2121.0,,610.0,,0.0,0.0,0.0,0.0,458.0,-152.0,0.0,-152.0,,,,,,458.0,0.0,,,,,,,,,,,,,,,,,,,,,,,,,,,,,,,,,,,,,,,,,,,,,,,,,,,,,,,,,,,,,,,,,,,,,,,,,,,,,,,,,,,,,,,,,,,,,,,,,,,,,,,,,,,,,,,,,,,,,,,,,,,,,,,,,,,,,,,0.0,1094217011701,2009-12-14,,16.0,46.66,G,62508921,12300,4210014,16,32731000001,kemerovo,4200,1.0,0.0,87.1451283,53.756044,house,0.0
4217120678,1.0,none,1.0,0.0,0.0,16.0,,,,,,16.0,,,,,1356.0,,,,1024.0,,332.0,,184.0,16.0,,,,,,168.0,,,,,,1188.0,,,,,1188.0,1372.0,1372.0,642.0,2205.0,-1563.0,168.0,,-474.0,168.0,,,,,,168.0,,,,,,,,,168.0,,,,,,,,,,,,,,,,,,,,,,,,,,,,,,,,,,,,,,,,,,,,,,,,,,,,,,,,,,,,,,,,,,,,,,,,,,,,,,,,,,,,,,,,,,,,,,,,,,,,,,,,,,,,,,,,,,,,,,,,,,,,,,,,,,,,,,,,0.0,1094217011756,2009-12-16,,16.0,71.12.53,M,89938779,12300,4210014,16,32731000001,kemerovo,4200,1.0,0.0,87.1736598,53.7561171,house,0.0
4217120685,1.0,none,1.0,0.0,1.0,,,,,,,,,,,,10.0,,,,,10.0,0.0,,10.0,,,,,,,,,,,,,0.0,0.0,0.0,,,,10.0,10.0,,0.0,0.0,,,,0.0,,,0.0,,0.0,0.0,0.0,,,,,,,,0.0,,,,,,,,,,,,,,,,,,,,,,,,,,,,,,,,,,,,,,,,,,,,,,,,,,,,,,,,,,,,,,,,,,,,,,,,,,,,,,,,,,,,,,,,,,,,,,,,,,,,,,,,,,,,,,,,,,,,,,,,,,,,,,,,,,,,,,,,1.0,1094217011767,2009-12-16,,16.0,46.72.20,G,89936728,12300,4210014,16,32731000001,kemerovo,4200,1.0,0.0,87.1667275,53.754925,house,0.0
4217120734,1.0,none,1.0,0.0,1.0,,,,,,,,,,,,12385.0,10098.0,,,,2269.0,18.0,,473.0,,,,,,,,1030.0,1030.0,,,,10882.0,,10882.0,,,,12385.0,12385.0,,22077.0,-21685.0,392.0,,,0.0,,,,0.0,-392.0,0.0,0.0,,,,,,,,0.0,,,,,,,,,,,,,,,,,,,,,,,,,,,,,,,,,,,,,,,,,,,,,,,,,,,,,,,,,,,,,,,,,,,,,,,,,,,,,,,,,,,,,,,,,,,,,,,,,,,,,,,,,,,,,,,,,,,,,,,,,,,,,,,,,,,,,,,,1.0,1094217011811,2009-12-16,,16.0,38.32.30,E,89936734,12300,4210014,16,32731000001,kemerovo,4200,1.0,0.0,87.1262702,53.7740727,house,0.0
4217120886,1.0,none,1.0,0.0,1.0,,,,,,,,,,,,9437.0,,,,,8373.0,1064.0,,9427.0,,,,,,,,,,,,,10.0,,10.0,,,,9438.0,9438.0,,782.0,-676.0,106.0,,,45.0,,,,,-61.0,22.0,-23.0,,,,,,,,22.0,,,,,,,,,,,,,,,,,,,,,,,,,,,,,,,,,,,,,,,,,,,,,,,,,,,,,,,,,,,,,,,,,,,,,,,,,,,,,,,,,,,,,,,,,,,,,,,,,,,,,,,,,,,,,,,,,,,,,,,,,,,,,,,,,,,,,,,,1.0,1094217011976,2009-12-22,,16.0,58.13,J,89938874,12300,4210014,16,32731000001,kemerovo,4200,1.0,0.0,87.1462093,53.755606,house,0.0
4217120942,1.0,none,1.0,0.0,1.0,,,,,,,,,,,,6.0,,,,,6.0,,,,,,,,,,,,,,,,6.0,,,,,6.0,6.0,6.0,,,,,,,,,,,,,,,,,,,,,,,,,,,,,,,,,,,,,,,,,,,,,,,,,,,,,,,,,,,,,,,,,,,,,,,,,,,,,,,,,,,,,,,,,,,,,,,,,,,,,,,,,,,,,,,,,,,,,,,,,,,,,,,,,,,,,,,,,,,,,,,,,,,,,,,,,,,,,,1.0,1094217012031,2009-12-24,,16.0,94.99,S,89936355,20702,4210014,16,32731000001,kemerovo,4200,1.0,0.0,87.1543481,53.7477332,house,0.0
4217120950,1.0,none,1.0,0.0,1.0,,,,,,,,,,,,6.0,,,,,6.0,,,,,,,,,,,,,,,,6.0,,,,,6.0,6.0,6.0,,,,,,,,,,,,,,,,,,,,,,,,,,,,,,,,,,,,,,,,,,,,,,,,,,,,,,,,,,,,,,,,,,,,,,,,,,,,,,,,,,,,,,,,,,,,,,,,,,,,,,,,,,,,,,,,,,,,,,,,,,,,,,,,,,,,,,,,,,,,,,,,,,,,,,,,,,,,,,1.0,1094217012042,2009-12-24,,16.0,94.99,S,89936384,20702,4210014,16,32731000001,kemerovo,4200,1.0,0.0,87.1543481,53.7477332,house,0.0
4217120974,1.0,none,1.0,0.0,0.0,,,,,,,,,,,,205.0,,,,,,205.0,,0.0,,,,,,,,,,,,,205.0,,,,,205.0,205.0,205.0,25.0,2497.0,-2472.0,25.0,,,0.0,,,,,-25.0,0.0,,,,,,,,,0.0,,,,,,,,,,,,,,,,,,,,,,,,,,,,,,,,,,,,,,,,,,,,,,,,,,,,,,,,,,,,,,,,,,,,,,,,,,,,,,,,,,,,,,,,,,,,,,,,,,,,,,,,,,,,,,,,,,,,,,,,,,,,,,,,,,,,,,,,1.0,1094217012064,2009-12-24,,16.0,68.32.10,L,89936390,20700,4210014,16,32731000001,kemerovo,4200,1.0,0.0,87.1510385,53.7631258,house,0.0
4217121209,1.0,none,1.0,0.0,1.0,,,,,,,,,,,,16.0,0.0,,,,14.0,2.0,,-12.0,,,,,,,,,,,,,28.0,,28.0,,,,16.0,16.0,,0.0,-13.0,-13.0,,,-13.0,,,0.0,,0.0,-13.0,0.0,,,,,,,,-13.0,,,,,,,,,,,,,,,,,,,,,,,,,,,,,,,,,,,,,,,,,,,,,,,,,,,,,,,,,,,,,,,,,,,,,,,,,,,,,,,,,,,,,,,,,,,,,,,,,,,,,,,,,,,,,,,,,,,,,,,,,,,,,,,,,,,,,,,,1.0,1104217000018,2010-01-11,,15.0,68.20.20,L,89937610,12300,4210014,16,32731000001,kemerovo,4200,1.0,0.0,87.1382705,53.7541522,house,0.0
4217121390,1.0,none,1.0,0.0,1.0,,,,,,,,,,,,9902.0,8507.0,,,,1251.0,144.0,,9440.0,,,,,,,,,,,,,462.0,,462.0,,,,9902.0,9902.0,,19886.0,-19931.0,-45.0,,,-45.0,,,,52.0,-52.0,-246.0,-201.0,,,,,,,,-246.0,,,,,,,,,,,,,,,,,,,,,,,,,,,,,,,,,,,,,,,,,,,,,,,,,,,,,,,,,,,,,,,,,,,,,,,,,,,,,,,,,,,,,,,,,,,,,,,,,,,,,,,,,,,,,,,,,,,,,,,,,,,,,,,,,,,,,,,,1.0,1104217000205,2010-01-13,,15.0,46.90,G,89938331,12300,4210014,16,32731000001,kemerovo,4200,1.0,0.0,87.1097291,53.7693611,house,0.0
4217121576,1.0,none,1.0,0.0,0.0,,,,,,,,,,,,44.0,,,,,,44.0,,44.0,,,44.0,,,,,,,,,,,,,,,,44.0,44.0,,,,,,,,,,,,,0.0,,,,,,,,,0.0,,,,,,,,,,,,,,,,,,,,,,,,,,,,,,,,,,,,,,,,,,,,,,,,,,,,,,,,,,,,,,,,,,,,,,,,,,,,,,,,,,,,,,,,,,,,,,,,,,,,,,,,,,,,,0.0,0.0,,0.0,,,,,,,,,,,,,,,,,,,,,,,,0.0,1104217000370,2010-01-25,,15.0,68.32.20,L,65140522,20702,4210014,16,32731000001,kemerovo,4200,1.0,0.0,87.1277019,53.7753741,house,0.0
4217121713,1.0,none,1.0,0.0,1.0,,,,,,,,,,,,0.0,,,,,0.0,0.0,,-25.0,,,,,,,,,,,,,25.0,25.0,,,,,0.0,0.0,,,,,,,-5.0,,,,,-5.0,-5.0,,,,,,,,,-5.0,,,,,,,,,,,,,,,,,,,,,,,,,,,,,,,,,,,,,,,,,,,,,,,,,,,,,,,,,,,,,,,,,,,,,,,,,,,,,,,,,,,,,,,,,,,,,,,,,,,,,,,,,,,,,,,,,,,,,,,,,,,,,,,,,,,,,,,,1.0,1104217000513,2010-01-26,2025-11-28,15.0,79.11,N,65140864,12300,4210014,16,50701000001,novosibirsk,5400,1.0,0.0,83.1423319,54.9404961,house,0.0
4217121745,1.0,none,1.0,0.0,0.0,1200.0,,,,,,1200.0,,,,,27809.0,2.0,,,27646.0,,161.0,,4441.0,12.0,,,,,,4429.0,8333.0,8333.0,,,,16235.0,,16235.0,,,0.0,29009.0,29009.0,1486.0,6391.0,-4905.0,1069.0,,-417.0,927.0,,,,,-142.0,927.0,,,,,,,,,927.0,,,,,,,,,,,,,,,,,,,,,,,,,,,,,,,,,,,,,,,,,,,,,,,,,,,,,,,,,,,,,,,,,,,,,,,,,,,,,,,,,,,,,,,,,,,,,,,,,,,,,,,,,,,,,,,,,,,,,,,,,,,,,,,,,,,,,,,,0.0,1104217000546,2010-01-26,,15.0,52.29,H,65140901,12300,4210014,16,32731000001,kemerovo,4200,1.0,0.0,87.1718538,53.756632,house,0.0
4217121858,1.0,none,1.0,0.0,0.0,120741.0,,687.0,,,,103217.0,0.0,,16837.0,,2402456.0,1334287.0,,648.0,1063974.0,200.0,3223.0,124.0,873907.0,100.0,,,,290702.0,,583105.0,730081.0,706450.0,23631.0,,,919209.0,538921.0,370489.0,,9799.0,,2523197.0,2523197.0,600330.0,5879891.0,-5279561.0,49881.0,-550449.0,,18077.0,,2969.0,-128613.0,149855.0,-56015.0,8778.0,-9299.0,-13537.0,4238.0,,,,,,8778.0,,,,,,860009.0,860009.0,,,865129.0,865129.0,5120.0,5120.0,,,,,,,,,,,,,,,,,,865129.0,873907.0,8778.0,8778.0,,,,,,,,,,,,,,,,,,,,,,,,,,,,,,,109271.0,5727849.0,5635194.0,9620.0,,,83035.0,,-5618578.0,-5359560.0,-57904.0,-110303.0,-10696.0,-80115.0,,-4007.0,,,,,,,,-4007.0,-3807.0,,-200.0,,,,-109656.0,2620290.0,2620290.0,,,,,,-2729946.0,,,-2721408.0,,-8538.0,-4392.0,7615.0,0.0,3223.0,,,,,,,,,,,,,,,,,,,,,,,,1.0,1104217000645,2010-01-29,,15.0,46.72,G,65141941,12300,4210014,16,45375000000,moscow city,7700,1.0,0.0,37.6826129,55.7706446,street,0.0
4217121880,1.0,none,1.0,0.0,1.0,,,,,,,,,,,,10.0,0.0,,,,,10.0,,10.0,,,,,,,,,,,,,0.0,,0.0,,,0.0,10.0,10.0,,0.0,0.0,,,,0.0,,,,,0.0,0.0,0.0,,,,,,,,0.0,,,,,,,,,,,,,,,,,,,,,,,,,,,,,,,,,,,,,,,,,,,,,,,,,,,,,,,,,,,,,,,,,,,,,,,,,,,,,,,,,,,,,,,,,,,,,,,,,,,,,,,,,,,,,,,,,,,,,,,,,,,,,,,,,,,,,,,,1.0,1104217000678,2010-02-01,,15.0,69.10,M,65141177,12300,4210014,16,32731000001,kemerovo,4200,1.0,0.0,87.1349597,53.7771205,house,0.0
4217122033,1.0,none,1.0,0.0,0.0,,,,,,,,,,,,10.0,,,,,,10.0,,10.0,10.0,,,,,,,,,,,,,,,,,,10.0,10.0,,,,,,,,,,,,,,,,,,,,,,0.0,,,,,,,,,,,,,,,,,,,,,,,,,,,,,,,,,,,,,,,,,,,,,,,,,,,,,,,,,,,,,,,,,,,,,,,,,,,,,,,,,,,,,,,,,,,,,,,,,,,,,,,,,,,,,,,,,,,,,,,,,,,,,,,,,,,,,,,,0.0,1104217000788,2010-02-04,2025-12-26,15.0,45.10,G,65143176,12300,4210014,16,32731000001,kemerovo,4200,1.0,0.0,87.14653,53.7582436,city,0.0
4217122065,1.0,none,1.0,0.0,1.0,,,,,,,,,,,,10.0,,,,,,10.0,,10.0,,,,,,,,,,,,,,,,,,,10.0,10.0,,,,,,,,,,,,,,,,,,,,,,,,,,,,,,,,,,,,,,,,,,,,,,,,,,,,,,,,,,,,,,,,,,,,,,,,,,,,,,,,,,,,,,,,,,,,,,,,,,,,,,,,,,,,,,,,,,,,,,,,,,,,,,,,,,,,,,,,,,,,,,,,,,,,,,,,,,,,,,1.0,1104217000800,2010-02-04,,15.0,95.11,S,65143199,12300,4210014,16,32731000001,kemerovo,4200,1.0,0.0,87.1142093,53.7541266,house,0.0
4217122072,1.0,none,1.0,0.0,1.0,2877.0,,,,,,1499.0,,1378.0,,,60133.0,6061.0,,,,53001.0,1071.0,,29714.0,,,,,,,,50.0,,,,50.0,33246.0,,33246.0,,,,63010.0,63010.0,,200059.0,-165192.0,34867.0,,,32534.0,,,,71.0,-2404.0,24222.0,-8312.0,,,,,,,,24222.0,,,,,,,,,,,,,,,,,,,,,,,,,,,,,,,,,,,,,,,,,,,,,,,,,,,,,,,,,,,,,,,,,,,,,,,,,,,,,,,,,,,,,,,,,,,,,,,,,,,,,,,,,,,,,,,,,,,,,,,,,,,,,,,,,,,,,,,,1.0,1104217000821,2010-02-04,,15.0,46.90,G,65143242,12300,4210014,16,32731000001,kemerovo,4200,1.0,0.0,87.1220882,53.7714571,house,0.0
4217122330,1.0,none,1.0,0.0,1.0,38645.0,,,,,,38645.0,,,,,811.0,,,,,677.0,134.0,,24709.0,,,,,,,,7257.0,7257.0,,,0.0,7490.0,0.0,7490.0,,,,39456.0,39456.0,,18946.0,-11350.0,7596.0,,,5320.0,,,-2128.0,19.0,-167.0,5126.0,-194.0,,,,,,,,5126.0,,,,,,,,,,,,,,,,,,,,,,,,,,,,,,,,,,,,,,,,,,,,,,,,,,,,,,,,,,,,,,,,,,,,,,,,,,,,,,,,,,,,,,,,,,,,,,,,,,,,,,,,,,,,,,,,,,,,,,,,,,,,,,,,,,,,,,,,1.0,1104217001130,2010-02-11,,15.0,68.20,L,65145117,12300,4210014,16,32731000001,kemerovo,4200,1.0,0.0,87.1562725,53.745698,house,0.0
4217122354,1.0,none,1.0,0.0,1.0,25001.0,,,,,,25001.0,,,,,97340.0,10.0,,,,95703.0,1627.0,,85738.0,,,,,,,,,,,,,36603.0,,36603.0,,,,122341.0,122341.0,,101154.0,-78746.0,22408.0,,,18343.0,,,,101.0,-4166.0,14653.0,-3690.0,,,,,,,,14653.0,,,,,,,,,,,,,,,,,,,,,,,,,,,,,,,,,,,,,,,,,,,,,,,,,,,,,,,,,,,,,,,,,,,,,,,,,,,,,,,,,,,,,,,,,,,,,,,,,,,,,,,,,,,,,,,,,,,,,,,,,,,,,,,,,,,,,,,,1.0,1104217001151,2010-02-11,,15.0,68.20,L,65145146,12300,4210014,16,32731000001,kemerovo,4200,1.0,0.0,87.14653,53.7582436,city,0.0
4217122428,1.0,none,1.0,0.0,1.0,,,,,,,,,,,,384.0,,,,,,384.0,,,,,,,384.0,,,0.0,,,,0.0,0.0,,,,,0.0,384.0,384.0,,,,,,,,,,,,,,,,,,,,,,,,,,,,,,,,,,,,,,,,,,,,,,,,,,,,,,,,,,,,,,,,,,,,,,,,,,,,,,,,,,,,,,,,,,,,,,,,,,,,,,,,,,,,,,,,,,,,,,,,,,,,,,,,,,,,,,,104.0,400.0,,,,,,,-120.0,-120.0,,,,,,,,,,,,0.0,384.0,1.0,1104200000222,2010-02-10,,15.0,94.99,S,65148765,20200,4220003,53,32731000001,kemerovo,4200,0.0,0.0,87.1127035,53.765313,house,0.0
4217122570,1.0,none,1.0,0.0,0.0,91.0,,0.0,,,,91.0,0.0,,,,6733.0,5859.0,,,550.0,,324.0,,3608.0,11.0,,,,,,3597.0,3045.0,3045.0,,,,171.0,,171.0,,,,6824.0,6824.0,5478.0,31463.0,-25985.0,3539.0,,-1939.0,2473.0,,0.0,0.0,0.0,-1066.0,1768.0,-705.0,,,,,,,,1768.0,,,,,,3993.0,3993.0,,,4719.0,4719.0,2427.0,2427.0,,,,,,,-1701.0,,,,,,,-1701.0,,,,4719.0,3608.0,1768.0,1768.0,,,,,,,-2879.0,,,,,,,-2879.0,,,,,,,,,,,,,,,,,,,,,,,,,,,,,,,,,,,,,,,,,,,,,,,,,,,,,,,,,,,,,,,,,,,,,,,,,,,,,,,,,,,,,,,,1.0,1104217001350,2010-02-18,,15.0,47.91.20,G,65146677,12300,4210014,16,32731000001,kemerovo,4200,1.0,0.0,87.152238,53.759566,house,0.0
4217122643,1.0,none,1.0,0.0,0.0,118577.0,,2421.0,,,,86544.0,0.0,0.0,29475.0,137.0,928578.0,585374.0,,0.0,317583.0,15154.0,6330.0,4137.0,117553.0,10.0,,,0.0,,0.0,117543.0,44680.0,34610.0,10070.0,,0.0,884922.0,1453.0,870091.0,,,,1047155.0,1047155.0,50717.0,250489.0,-199772.0,-78473.0,,-129190.0,-9097.0,,1154.0,-53.0,99214.0,-30939.0,1550.0,10647.0,-6114.0,16762.0,,,,,0.0,1550.0,0.0,,,,,137556.0,137556.0,,,116003.0,116003.0,,3737.0,,,,,,,,,,,,,,-25290.0,,,,116003.0,117553.0,,1550.0,,,,,,,,,,,,,,,,,,,,,,,,,,,,,,,-570094.0,270835.0,231575.0,-955.0,,,40215.0,,-840929.0,-128404.0,-84047.0,,,-628478.0,,-5680.0,1000.0,,,1000.0,,0.0,,-6680.0,,,-6680.0,,0.0,,19744.0,34610.0,34610.0,,,,,,-14866.0,,0.0,,-14866.0,,-556030.0,562360.0,,6330.0,,,,,,,,,,,,,,,,,,,,,,,,,1104217001415,2010-02-24,,15.0,41.20,F,65147493,12300,4210014,16,50701000001,novosibirsk,5400,0.0,0.0,82.9744939,54.9902075,house,0.0
4217122756,1.0,none,1.0,0.0,1.0,,,,,,,,,,,,14.0,,,,,,14.0,,,,,,,,,,,,,,,14.0,,,,,14.0,14.0,14.0,,,,,,,,,,,,,,,,,,,,,,,,,,,,,,,,,,,,,,,,,,,,,,,,,,,,,,,,,,,,,,,,,,,,,,,,,,,,,,,,,,,,,,,,,,,,,,,,,,,,,,,,,,,,,,,,,,,,,,,,,,,,,,,,,,,,,,,,,,,,,,,,,,,,,,,,,,,,,,1.0,1104217001514,2010-02-25,,15.0,68.32.20,L,65147435,20120,4210014,16,32731000001,kemerovo,4200,1.0,0.0,87.124185,53.7491701,house,0.0
4217122957,1.0,none,1.0,0.0,1.0,6209.0,,,,,,6209.0,,,,,24896.0,3868.0,,,,20674.0,354.0,,4291.0,,,,,,,,1369.0,1369.0,,,0.0,25445.0,,25445.0,,,,31105.0,31105.0,,108865.0,-102095.0,6770.0,,,4944.0,,,-330.0,861.0,-2357.0,3708.0,-1236.0,,,,,,,,3708.0,,,,,,,,,,,,,,,,,,,,,,,,,,,,,,,,,,,,,,,,,,,,,,,,,,,,,,,,,,,,,,,,,,,,,,,,,,,,,,,,,,,,,,,,,,,,,,,,,,,,,,,,,,,,,,,,,,,,,,,,,,,,,,,,,,,,,,,,1.0,1104217001712,2010-03-04,,15.0,29.32,C,65149316,12300,4210014,16,32731000001,kemerovo,4200,1.0,0.0,87.2577891,53.7826735,house,0.0
4217123245,1.0,none,1.0,0.0,0.0,,,,,,,,,,,,480.0,175.0,,,305.0,,0.0,,393.0,10.0,,,,,,383.0,,,,,,87.0,0.0,87.0,,,,480.0,480.0,31.0,276.0,-245.0,31.0,0.0,,31.0,,,,,0.0,26.0,-5.0,-5.0,,,,,,,26.0,,,,,,,,,,,,,,,,,,,,,,,,,,,,,,,,,,,,,,,,,,,,,,,,,,,,,,,,,,,,,,,,,,,,,,,,,,,,,,,,,,,,,,,,,,,,,,,,,,,,,,,,,,,,,,,,,,,,,,,,,,,,,,,,,,,,,,,,0.0,1104217002010,2010-03-16,,15.0,46.30,G,65151394,12300,4210014,16,32731000001,kemerovo,4200,1.0,0.0,87.1205731,53.7481802,house,0.0
4217123252,1.0,none,1.0,0.0,1.0,,,,,,,,,,,,4615.0,783.0,,,,3815.0,17.0,,1381.0,,,,,,,,,,,,,3234.0,0.0,3234.0,,,,4615.0,4615.0,,86.0,-42.0,44.0,,,26.0,,,,0.0,-18.0,20.0,-6.0,,,,,,,,20.0,,,,,,,,,,,,,,,,,,,,,,,,,,,,,,,,,,,,,,,,,,,,,,,,,,,,,,,,,,,,,,,,,,,,,,,,,,,,,,,,,,,,,,,,,,,,,,,,,,,,,,,,,,,,,,,,,,,,,,,,,,,,,,,,,,,,,,,,1.0,1104217002020,2010-03-16,,15.0,46.90,G,65151419,12300,4210014,16,32731000001,kemerovo,4200,1.0,0.0,,,,0.0
4217123492,1.0,none,1.0,0.0,1.0,0.0,,,,,,0.0,,,,,13725.0,13294.0,,,,0.0,431.0,,13622.0,,,,,,,,0.0,0.0,,,,103.0,,103.0,,,,13725.0,13725.0,,7410.0,-7254.0,156.0,,,409.0,,,,272.0,-19.0,307.0,-102.0,,,,,,,,307.0,,,,,,,,,,,,,,,,,,,,,,,,,,,,,,,,,,,,,,,,,,,,,,,,,,,,,,,,,,,,,,,,,,,,,,,,,,,,,,,,,,,,,,,,,,,,,,,,,,,,,,,,,,,,,,,,,,,,,,,,,,,,,,,,,,,,,,,,1.0,1104217002262,2010-03-26,,15.0,46.73,G,65153565,12300,4210014,16,32731000001,kemerovo,4200,1.0,0.0,87.1605403,53.7623842,house,0.0
4217123598,1.0,none,1.0,0.0,1.0,0.0,,,,,,,,0.0,,,6815.0,,,,,6333.0,482.0,,3342.0,,,,,,,,,,,,,3472.0,,3472.0,,,,6814.0,6814.0,,77156.0,-75207.0,1949.0,,,259.0,,,,8.0,-1698.0,147.0,-112.0,,,,,,,,147.0,,,,,,,,,,,,,,,,,,,,,,,,,,,,,,,,,,,,,,,,,,,,,,,,,,,,,,,,,,,,,,,,,,,,,,,,,,,,,,,,,,,,,,,,,,,,,,,,,,,,,,,,,,,,,,,,,,,,,,,,,,,,,,,,,,,,,,,,1.0,1104217002372,2010-03-31,,15.0,68.32,L,65154375,12300,4210014,16,32734000001,kemerovo,4200,0.0,0.0,87.3426838,53.5995884,house,0.0
4217123647,1.0,none,1.0,0.0,1.0,90336.0,,,,,,87236.0,,3100.0,,,104433.0,805.0,,,,103094.0,534.0,,33889.0,,,,,,,,0.0,0.0,,,,160880.0,8000.0,152880.0,,,,194769.0,194769.0,,108560.0,-108474.0,86.0,,,3794.0,,,-519.0,10234.0,-6007.0,3617.0,-177.0,,,,,,,,3617.0,,,,,,,,,,,,,,,,,,,,,,,,,,,,,,,,,,,,,,,,,,,,,,,,,,,,,,,,,,,,,,,,,,,,,,,,,,,,,,,,,,,,,,,,,,,,,,,,,,,,,,,,,,,,,,,,,,,,,,,,,,,,,,,,,,,,,,,,1.0,1104217002493,2010-04-02,,15.0,41.20,F,65154636,12300,4210014,16,45338000000,moscow city,7700,1.0,0.0,37.4894584,55.8398321,house,0.0
4217123686,1.0,none,1.0,0.0,1.0,,,,,,,,,,,,1594.0,129.0,,,,1134.0,331.0,,-281.0,,,,,,,,,,,,,1875.0,813.0,1062.0,,,,1594.0,1594.0,,6514.0,-5649.0,865.0,,,810.0,,,-33.0,,-22.0,607.0,-203.0,,,,,,,,607.0,,,,,,,,,,,,,,,,,,,,,,,,,,,,,,,,,,,,,,,,,,,,,,,,,,,,,,,,,,,,,,,,,,,,,,,,,,,,,,,,,,,,,,,,,,,,,,,,,,,,,,,,,,,,,,,,,,,,,,,,,,,,,,,,,,,,,,,,1.0,1104217002526,2010-04-02,,15.0,25.11,C,65154955,12300,4210014,16,32731000001,kemerovo,4200,1.0,0.0,87.1231728,53.7630138,house,0.0
4217123887,1.0,none,1.0,0.0,1.0,0.0,,,,,,0.0,,0.0,,,2947.0,,,,,2947.0,,,1035.0,,,,,,,,0.0,0.0,,,,1912.0,0.0,1912.0,,,,2947.0,2947.0,,1234.0,-925.0,309.0,,,-83.0,,,,-392.0,0.0,-83.0,,,,,,,,,-83.0,,,,,,,,,,,,,,,,,,,,,,,,,,,,,,,,,,,,,,,,,,,,,,,,,,,,,,,,,,,,,,,,,,,,,,,,,,,,,,,,,,,,,,,,,,,,,,,,,,,,,,,,,,,,,,,,,,,,,,,,,,,,,,,,,,,,,,,,1.0,1104217002658,2010-04-07,,15.0,68.32.10,L,65156078,12300,4210014,16,32731000001,kemerovo,4200,1.0,0.0,87.16803,53.7568458,house,0.0
4217123894,1.0,none,1.0,0.0,1.0,39761.0,,,,,,39761.0,,,,,829.0,,,,,827.0,2.0,,39609.0,,,,,,,,,,,,,981.0,,981.0,,,,40590.0,40590.0,,16519.0,-339.0,16180.0,,,16057.0,,,,0.0,-123.0,15090.0,-967.0,,,,,,,,15090.0,,,,,,,,,,,,,,,,,,,,,,,,,,,,,,,,,,,,,,,,,,,,,,,,,,,,,,,,,,,,,,,,,,,,,,,,,,,,,,,,,,,,,,,,,,,,,,,,,,,,,,,,,,,,,,,,,,,,,,,,,,,,,,,,,,,,,,,,1.0,1104217002669,2010-04-07,,15.0,74.90,M,65156084,12300,4210014,16,32731000001,kemerovo,4200,1.0,0.0,87.1562725,53.745698,house,0.0
4217123936,1.0,none,1.0,0.0,0.0,,,,,,,,,,,,2362.0,,,,1476.0,,886.0,,1212.0,10.0,,,,,,1202.0,,,,,,1150.0,,1150.0,,,,2362.0,2362.0,168.0,14960.0,-14792.0,168.0,,,168.0,,,,,,318.0,150.0,,,,,,,,318.0,,,,,,,,,,,,,,,,,,,,,,,,,,,,,,,,,,,,,,,,,,,,,,,,,,,,,,,,,,,,,,,,,,,,,,,,,,,,,,,,,,,,,,,,,,,,,,,,,,,,,,,,,,,,,,,,,,,,,,,,,,,,,,,,,,,,,,,,0.0,1104217002702,2010-04-07,,15.0,69.10,M,65156121,12300,4210014,16,32731000001,kemerovo,4200,1.0,0.0,87.1658919,53.7598917,house,0.0
4217124070,1.0,none,1.0,0.0,0.0,701290.0,,104.0,,,,701187.0,0.0,0.0,,0.0,541400.0,68479.0,,0.0,404088.0,68750.0,83.0,0.0,781019.0,10.0,,,0.0,,0.0,781009.0,0.0,0.0,,,0.0,461671.0,0.0,179249.0,,,,1242690.0,1242690.0,869995.0,2750180.0,-1880185.0,200674.0,,-669321.0,260820.0,,13602.0,-31.0,51158.0,-4583.0,227356.0,-33464.0,-33464.0,,,,,,,227356.0,0.0,,,,,229240.0,229240.0,,,593565.0,593565.0,,387860.0,,,,,,,,,,,,,,,,,-23535.0,593565.0,781019.0,,227356.0,,,,,,,,,,,,,,,,,-39902.0,,,,,,,,,,,,,,72781.0,2788705.0,2769274.0,4959.0,,,14472.0,,-2715924.0,-2294008.0,-361462.0,-31.0,-40166.0,-7614.0,-12643.0,-137540.0,18667.0,18667.0,,0.0,0.0,,,-156207.0,-156207.0,,0.0,,,,-15583.0,,,,,,,,-15583.0,,-12000.0,-3583.0,,,-80342.0,149175.0,,68833.0,,,,,,,,,,,,,,,,,,,,,,,,,1104217002823,2010-04-09,,15.0,49.41.20,H,65156492,12300,4210014,16,32731000001,kemerovo,4200,0.0,0.0,87.0853281,53.7595899,street,0.0
4217124168,1.0,none,1.0,0.0,1.0,,,,,,,,,,,,53.0,53.0,,,,,0.0,,53.0,,,,,,,,,,,,,,,,,,,53.0,53.0,,109.0,-102.0,7.0,,,5.0,,,,,-2.0,4.0,-1.0,,,,,,,,4.0,,,,,,,,,,,,,,,,,,,,,,,,,,,,,,,,,,,,,,,,,,,,,,,,,,,,,,,,,,,,,,,,,,,,,,,,,,,,,,,,,,,,,,,,,,,,,,,,,,,,,,,,,,,,,,,,,,,,,,,,,,,,,,,,,,,,,,,,1.0,1104217002900,2010-04-15,,15.0,69.10,M,65157675,12300,4210014,16,32731000001,kemerovo,4200,1.0,0.0,87.110332,53.7453102,house,0.0
4217124270,1.0,none,1.0,0.0,1.0,2736.0,,,,,,2736.0,,,,,46764.0,34521.0,,,,12188.0,55.0,,9179.0,,,,,,,,,,,,,40321.0,4125.0,36196.0,,,,49500.0,49500.0,,72403.0,-71370.0,1033.0,,,2681.0,,,,1744.0,-96.0,1997.0,-684.0,,,,,,,,1997.0,,,,,,,,,,,,,,,,,,,,,,,,,,,,,,,,,,,,,,,,,,,,,,,,,,,,,,,,,,,,,,,,,,,,,,,,,,,,,,,,,,,,,,,,,,,,,,,,,,,,,,,,,,,,,,,,,,,,,,,,,,,,,,,,,,,,,,,,1.0,1104217003010,2010-04-19,,15.0,46.73.60,G,65158396,12300,4210014,16,50701000001,novosibirsk,5400,1.0,0.0,82.9092228,54.9977119,house,0.0
4217124369,1.0,none,1.0,0.0,0.0,1203.0,,,,,,1203.0,,,,,30163.0,15988.0,,,14175.0,,,,4248.0,14.0,,,,,,4234.0,597.0,597.0,,,,26521.0,6448.0,20073.0,,,,31366.0,31366.0,,,,,,,,,,,,,,,,,,,,,,0.0,,,,,,,,,,,,,,,,,,,,,,,,,,,,,,,,,,,,,,,,,,,,,,,,,,,,,,,,,,,,,,,,,,,,,,,,,,,,,,,,,,,,,,,,,,,,,,,,,,,,,,,,,,,,,,,,,,,,,,,,,,,,,,,,,,,,,,,,0.0,1104217003109,2010-04-20,,15.0,47.54,G,65158775,12300,4210014,16,32731000001,kemerovo,4200,1.0,0.0,87.1141785,53.7526827,house,0.0
4217124506,1.0,none,1.0,0.0,1.0,,,,,,,,,,,,346.0,,,,,311.0,35.0,,96.0,,,,,,,,,,,,,251.0,,251.0,,,,346.0,346.0,,3296.0,-3266.0,30.0,,,-62.0,,,,0.0,-92.0,-161.0,-99.0,,,,,,,,-161.0,,,,,,,,,,,,,,,,,,,,,,,,,,,,,,,,,,,,,,,,,,,,,,,,,,,,,,,,,,,,,,,,,,,,,,,,,,,,,,,,,,,,,,,,,,,,,,,,,,,,,,,,,,,,,,,,,,,,,,,,,,,,,,,,,,,,,,,,1.0,1104217003208,2010-04-23,,15.0,96.04,S,65159467,12300,4210014,16,32731000001,kemerovo,4200,1.0,0.0,87.1333348,53.7705101,house,0.0
4217124545,1.0,none,1.0,0.0,1.0,4030.0,,,,,,4030.0,,,,,17609.0,3115.0,,,,13396.0,1098.0,,17255.0,,,,,,,,,,,,,4384.0,,4384.0,,,,21639.0,21639.0,,66613.0,-58601.0,8012.0,,,7834.0,,,,1.0,-179.0,7235.0,-599.0,,,,,,,,7235.0,,,,,,,,,,,,,,,,,,,,,,,,,,,,,,,,,,,,,,,,,,,,,,,,,,,,,,,,,,,,,,,,,,,,,,,,,,,,,,,,,,,,,,,,,,,,,,,,,,,,,,,,,,,,,,,,,,,,,,,,,,,,,,,,,,,,,,,,1.0,1104217003241,2010-04-27,,15.0,41.20,F,65160022,12300,4210014,16,32731000001,kemerovo,4200,1.0,0.0,87.1235215,53.7704261,house,0.0
4217124552,1.0,none,1.0,0.0,1.0,25195.0,,,,,,25195.0,,,,,38143.0,179.0,,,,37629.0,335.0,,53483.0,,,,,,,,,,,,,9855.0,,9855.0,,,,63338.0,63338.0,,51628.0,-50344.0,1284.0,,,535.0,,,,18.0,-767.0,57.0,-478.0,,,,,,,,57.0,,,,,,,,,,,,,,,,,,,,,,,,,,,,,,,,,,,,,,,,,,,,,,,,,,,,,,,,,,,,,,,,,,,,,,,,,,,,,,,,,,,,,,,,,,,,,,,,,,,,,,,,,,,,,,,,,,,,,,,,,,,,,,,,,,,,,,,,1.0,1104217003252,2010-04-27,,15.0,81.29.90,N,65160039,12300,4210014,16,32731000001,kemerovo,4200,1.0,0.0,87.1235215,53.7704261,house,0.0
4217124560,1.0,none,1.0,0.0,1.0,0.0,,,,,,0.0,,,,,2891.0,314.0,,,,2269.0,308.0,,1305.0,,,,,,,,,,,,,1586.0,0.0,1586.0,,,,2891.0,2891.0,,31971.0,-31561.0,410.0,,,173.0,,,,972.0,-1209.0,-194.0,-367.0,,,,,,,,-194.0,,,,,,,,,,,,,,,,,,,,,,,,,,,,,,,,,,,,,,,,,,,,,,,,,,,,,,,,,,,,,,,,,,,,,,,,,,,,,,,,,,,,,,,,,,,,,,,,,,,,,,,,,,,,,,,,,,,,,,,,,,,,,,,,,,,,,,,,1.0,1104217003263,2010-04-27,,15.0,69.20,M,65160051,12300,4210014,16,32731000001,kemerovo,4200,1.0,0.0,87.1235215,53.7704261,house,0.0
4217124601,1.0,none,1.0,0.0,0.0,,,,,,,,,,,,748.0,0.0,,0.0,494.0,,254.0,,-2936.0,20.0,,,,,,-2956.0,3467.0,3467.0,,,,217.0,,217.0,,,,748.0,748.0,4848.0,4848.0,,-324.0,-3998.0,-1174.0,-365.0,,,,25.0,-66.0,-414.0,-49.0,,,,,,,,-414.0,,,,,,,,,,,,,,,,,,,,,,,,,,,,,,,,,,,,,,,,,,,,,,,,,,,,,,,,,,,,,,,,,,,,,,,,,,,,,,,,,,,,,,,,,,,,,,,,,,,,,,,,,,,,,,,,,,,,,,,,,,,,,,,,,,,,,,,,0.0,1104217003307,2010-04-29,,15.0,93.29.20,R,65160476,12300,4210014,16,32731000001,kemerovo,4200,1.0,0.0,87.1036273,53.751447,house,0.0
4217124633,1.0,none,1.0,0.0,1.0,,,,,,,,,,,,11186.0,7.0,,,,9744.0,1435.0,,1326.0,,,,,,,,4554.0,4554.0,,,,5307.0,-5.0,3627.0,,,1685.0,11187.0,11187.0,,13453.0,-11989.0,1464.0,,,133.0,,,-901.0,27.0,-457.0,1.0,-132.0,,,,,,,,1.0,,,,,,,,,,,,,,,,,,,,,,,,,,,,,,,,,,,,,,,,,,,,,,,,,,,,,,,,,,,,,,,,,,,,,,,,,,,,,,,,,,,,,,,,,,,,,,,,,,,,,,,,,,,,,,,,,,,,,,,,,,,,,,,,,,,,,,,,1.0,1104217003330,2010-04-29,,15.0,68.32,L,65160507,12300,4210014,16,32731000001,kemerovo,4200,1.0,0.0,87.1607965,53.7472627,house,0.0
4217124753,1.0,none,1.0,0.0,1.0,772.0,,,,,,772.0,,,,,4278.0,1560.0,,,,983.0,1735.0,,4664.0,,,,,,,,0.0,0.0,,,,386.0,,386.0,,,,5050.0,5050.0,,10134.0,-8150.0,1984.0,,,1786.0,,,0.0,60.0,-258.0,1403.0,-383.0,,,,,,,,1403.0,,,,,,,,,,,,,,,,,,,,,,,,,,,,,,,,,,,,,,,,,,,,,,,,,,,,,,,,,,,,,,,,,,,,,,,,,,,,,,,,,,,,,,,,,,,,,,,,,,,,,,,,,,,,,,,,,,,,,,,,,,,,,,,,,,,,,,,,1.0,1104217003450,2010-05-05,,15.0,86.21,Q,65161731,12300,4210014,16,32731000001,kemerovo,4200,1.0,0.0,87.1131266,53.7671588,house,0.0
4217124792,1.0,none,1.0,0.0,1.0,0.0,,,,,,0.0,,0.0,,,139122.0,39990.0,,,,55715.0,43417.0,,91114.0,,,,,,,,,,,,,48008.0,0.0,48008.0,,,,139122.0,139122.0,,99865.0,-77706.0,22159.0,,,22575.0,,,,10461.0,-10045.0,16987.0,-5588.0,,,,,,,,16987.0,,,,,,,,,,,,,,,,,,,,,,,,,,,,,,,,,,,,,,,,,,,,,,,,,,,,,,,,,,,,,,,,,,,,,,,,,,,,,,,,,,,,,,,,,,,,,,,,,,,,,,,,,,,,,,,,,,,,,,,,,,,,,,,,,,,,,,,,1.0,1104217003494,2010-05-06,,15.0,46.90,G,65161808,12300,4210014,16,50701000001,novosibirsk,5400,1.0,0.0,82.9216578,55.0238836,house,0.0
4217124802,1.0,none,1.0,0.0,0.0,0.0,0.0,0.0,,0.0,0.0,0.0,0.0,0.0,0.0,0.0,35.0,0.0,0.0,0.0,0.0,0.0,35.0,,10.0,10.0,0.0,,0.0,0.0,0.0,0.0,0.0,0.0,0.0,0.0,0.0,25.0,0.0,25.0,0.0,0.0,0.0,35.0,35.0,93.0,3080.0,-2987.0,93.0,0.0,0.0,93.0,,,0.0,,0.0,0.0,-93.0,-93.0,,,,,,,0.0,,,,,,,,,,,,,,,,,,,,,,,,,,,,,,,,,,,,,,,,,,,,,,,,,,,,,,,,,,,,,,,,,,,,,,,,,,,,,,,,,,,,,,,,,,,,,,,,,,,,,,,,,,,,,,,,,,,,,,,,,,,,,,,,,,,,,,,,0.0,1104217003505,2010-05-06,,15.0,43.39,F,65161814,12300,4210014,16,32731000001,kemerovo,4200,1.0,0.0,87.1305375,53.7482701,house,0.0
4217124810,1.0,none,1.0,0.0,1.0,,,,,,,,,,,,12801.0,12074.0,,,,467.0,260.0,,414.0,,,,,,,,,,,,,12387.0,265.0,12122.0,,,,12801.0,12801.0,,41028.0,-40994.0,34.0,,,-504.0,,,,111.0,-649.0,-948.0,-444.0,,,,,,,,-948.0,,,,,,,,,,,,,,,,,,,,,,,,,,,,,,,,,,,,,,,,,,,,,,,,,,,,,,,,,,,,,,,,,,,,,,,,,,,,,,,,,,,,,,,,,,,,,,,,,,,,,,,,,,,,,,,,,,,,,,,,,,,,,,,,,,,,,,,,1.0,1104217003516,2010-05-06,,15.0,47.62.10,G,65161820,12300,4210014,16,50701000001,novosibirsk,5400,1.0,0.0,82.8949195,54.9720038,house,0.0
4217124922,1.0,none,1.0,0.0,1.0,193519.0,,,,,,76300.0,,117219.0,,,365802.0,363986.0,,,,1743.0,73.0,,-94272.0,,,,,,,,599130.0,501195.0,,,97935.0,54463.0,50793.0,3670.0,,,0.0,559321.0,559321.0,,1108.0,-1876.0,-768.0,,,158123.0,,,-879.0,165437.0,-5667.0,130971.0,-27152.0,,,,,,,,130971.0,,,,,,,,,,,,,,,,,,,,,,,,,,,,,,,,,,,,,,,,,,,,,,,,,,,,,,,,,,,,,,,,,,,,,,,,,,,,,,,,,,,,,,,,,,,,,,,,,,,,,,,,,,,,,,,,,,,,,,,,,,,,,,,,,,,,,,,,1.0,1104217003637,2010-05-14,,15.0,46.71.10,G,65163233,12300,4210014,16,32731000001,kemerovo,4200,1.0,0.0,87.3132224,53.7912514,street,0.0
4217124979,1.0,none,1.0,0.0,0.0,,,,,,,,,,,,-320.0,,,,-364.0,44.0,0.0,,-2862.0,13.0,,,,,,-2875.0,0.0,,,,,2542.0,2272.0,270.0,,,,-320.0,-320.0,-1145.0,1429.0,-2574.0,-1145.0,,,-1967.0,,,,0.0,-822.0,-1981.0,-14.0,,,,,,,,-1981.0,,,,,,,,,,,,,,,,,,,,,,,,,,,,,,,,,,,,,,,,,,,,,,,,,,,,,,,,,,,,,,,,,-215.0,1611.0,1380.0,,,,231.0,,-1826.0,-922.0,-903.0,,,-1.0,,0.0,,,,,,,,0.0,,,0.0,,,,214.0,314.0,314.0,,,,,,-100.0,,,-100.0,,,-1.0,174.0,,173.0,0.0,,,,,,,,,,,,,,,,,,,,,,0.0,1.0,1104217003681,2010-05-18,,15.0,69.10,M,65163687,12300,4210014,16,32731000001,kemerovo,4200,0.0,0.0,87.14653,53.7582436,city,0.0
4217125080,1.0,none,1.0,0.0,1.0,,,,,,,,,,,,,,,,,,,,,,,,,,,,,,,,,,,,,,,0.0,0.0,,,,,,,,,,,,,,,,,,,,,,,,,,,,,,,,,,,,,,,,,,,,,,,,,,,,,,,,,,,,,,,,,,,,,,,,,,,,,,,,,,,,,,,,,,,,,,,,,,,,,,,,,,,,,,,,,,,,,,,,,,,,,,,,,,,,,,,115.0,1595.0,,,,,,,-1271.0,,,,,,,,,,,,,-1271.0,439.0,0.0,1104200000926,2010-05-18,,15.0,94.20,S,65166160,20202,4220003,52,32731000001,kemerovo,4200,1.0,0.0,87.122766,53.749221,house,0.0
4217125098,1.0,none,1.0,0.0,1.0,0.0,,,,,,0.0,,0.0,,,1279.0,1051.0,,,,211.0,17.0,,1142.0,,,,,,,,0.0,0.0,,,0.0,137.0,0.0,137.0,,,0.0,1279.0,1279.0,,6741.0,-6444.0,297.0,,,231.0,,,0.0,0.0,-66.0,130.0,-101.0,,,,,,,,130.0,,,,,,,,,,,,,,,,,,,,,,,,,,,,,,,,,,,,,,,,,,,,,,,,,,,,,,,,,,,,,,,,,,,,,,,,,,,,,,,,,,,,,,,,,,,,,,,,,,,,,,,,,,,,,,,,,,,,,,,,,,,,,,,,,,,,,,,,1.0,1104217003824,2010-05-24,,15.0,25.12,C,65165166,12300,4210014,16,32731000001,kemerovo,4200,1.0,0.0,87.1260156,53.770378,house,0.0
4217125193,1.0,none,1.0,0.0,0.0,,,,,,,,,,,,17.0,17.0,,,,,0.0,,10.0,10.0,,,,,,,,,,,,7.0,,7.0,,,,17.0,17.0,0.0,416.0,-416.0,0.0,,,0.0,,,,,,0.0,,,,,,,,,0.0,,,,,,,,,,,,,,,,,,,,,,,,,,,,,,,,,,,,,,,,,,,,,,,,,,,,,,,,,,,,,,,,,,,,,,,,,,,,,,,,,,,,,,,,,,,,,,,,,,,,,,,,,,,,,,,,,,,,,,,,,,,,,,,,,,,,,,,,1.0,1104217003923,2010-05-27,,15.0,68.31.10,L,65165522,12300,4210014,16,32731000001,kemerovo,4200,0.0,0.0,87.1356925,53.74744,house,0.0
4217125228,1.0,none,1.0,0.0,1.0,,,,,,,,,,,,38.0,,,,,33.0,5.0,,-4230.0,,,,,,,,4193.0,4193.0,,,,75.0,,75.0,,,,38.0,38.0,,1279.0,-3025.0,-1746.0,,,-1750.0,,,,,-4.0,-1756.0,-6.0,,,,,,,,-1756.0,,,,,,,,,,,,,,,,,,,,,,,,,,,,,,,,,,,,,,,,,,,,,,,,,,,,,,,,,,,,,,,,,,,,,,,,,,,,,,,,,,,,,,,,,,,,,,,,,,,,,,,,,,,,,,,,,,,,,,,,,,,,,,,,,,,,,,,,1.0,1104217003956,2010-05-27,,15.0,62,J,65165568,12300,4210014,16,32731000001,kemerovo,4200,1.0,0.0,,,,0.0
4217125362,1.0,none,1.0,0.0,0.0,1956.0,,,,,,1935.0,,,21.0,,570270.0,481164.0,,0.0,82098.0,,6854.0,154.0,243123.0,10000.0,,,,,,233123.0,0.0,,,,,329103.0,0.0,329103.0,,,,572226.0,572226.0,95688.0,2484934.0,-2389246.0,-70022.0,-106647.0,-59063.0,489.0,,0.0,-47544.0,122559.0,-4504.0,324.0,-165.0,-165.0,0.0,,,,,,324.0,,,,,,204217.0,204217.0,,,242799.0,242799.0,38581.0,38581.0,,,,,,,,,,,,,,,,,,242799.0,243123.0,324.0,324.0,,,,,,,,,,,,,,,,,,,,,,,,,,,,,,,268061.0,2116832.0,1211824.0,0.0,,,905008.0,,-1848771.0,-1358545.0,-102944.0,-54717.0,-5967.0,-326598.0,,0.0,0.0,,,,0.0,,,,,,,,,,-281250.0,0.0,0.0,,,,,,-281250.0,,,-281250.0,,,-13189.0,20043.0,,6854.0,,,,,,,,,,,,,,,,,,,,,,,,1.0,1104217004055,2010-06-01,,15.0,45.11.20,G,65166065,12300,4210014,16,32731000001,kemerovo,4200,1.0,0.0,87.0512438,53.7517432,house,0.0
4217125387,1.0,none,1.0,0.0,0.0,0.0,,0.0,,,,0.0,0.0,0.0,,0.0,290.0,0.0,,0.0,219.0,0.0,71.0,0.0,,,,,,,,,0.0,0.0,,,0.0,114.0,0.0,114.0,,,,290.0,290.0,1671.0,1671.0,0.0,323.0,-1348.0,,241.0,,0.0,0.0,0.0,-82.0,191.0,-50.0,,,,,,,,191.0,0.0,,,,,,,,,,,,,,,,,,,,,,,,,,,,,,,,,,,,,,,,,,,,,,,,,,,,,,,,,,,,,,,,,,,,,,,,,,,,,,,,,,,,,,,,,,,,,,,,,,,,,,,,,,,,,,,,,,,,,,,,,,,,,,,,,,,,,,,,1104200001003,2010-05-27,,15.0,85.42,P,93141526,71400,4210014,16,32731000001,kemerovo,4200,0.0,0.0,87.098664,53.7686907,house,0.0
4217125411,1.0,none,1.0,0.0,1.0,59461.0,,,,,,59461.0,,0.0,,,49208.0,,,,,48924.0,284.0,,62692.0,,,,,,,,700.0,700.0,,,,45276.0,42671.0,2605.0,,,,108668.0,108668.0,,14809.0,-8602.0,6207.0,,,5820.0,,,,141.0,-528.0,4709.0,-1111.0,,,,,,,,4709.0,,,,,,,,,,,,,,,,,,,,,,,,,,,,,,,,,,,,,,,,,,,,,,,,,,,,,,,,,,,,,,,,,,,,,,,,,,,,,,,,,,,,,,,,,,,,,,,,,,,,,,,,,,,,,,,,,,,,,,,,,,,,,,,,,,,,,,,,1.0,1104217004110,2010-06-02,,15.0,68.20.20,L,65166154,12300,4210014,16,32731000001,kemerovo,4200,1.0,0.0,87.1226062,53.7578929,house,0.0
4217125475,1.0,none,1.0,0.0,0.0,0.0,,,,,,0.0,,,,,10.0,,,,0.0,,0.0,10.0,10.0,10.0,0.0,,,,,0.0,0.0,,,,,0.0,,0.0,,,,10.0,10.0,0.0,0.0,0.0,0.0,0.0,0.0,0.0,,,0.0,,0.0,0.0,,0.0,,,,,,,0.0,,,,0.0,,,,,,,,,,,,,,,,,,,,,,,,,,,,,,,,,,,,,,,,,,,,,,,,,,,,,,,,,,,,,0.0,,,,,,,,0.0,0.0,0.0,0.0,0.0,0.0,,0.0,,,,,,,,0.0,0.0,0.0,0.0,0.0,0.0,,0.0,,,,,,,,0.0,0.0,0.0,0.0,0.0,,0.0,0.0,,0.0,0.0,0.0,,,,,,,0.0,0.0,0.0,0.0,0.0,0.0,0.0,0.0,0.0,0.0,0.0,0.0,0.0,0.0,0.0,0.0,1104217004165,2010-06-04,,15.0,52.29,H,65166912,12300,4210014,16,32731000001,kemerovo,4200,1.0,0.0,87.1349597,53.7771205,house,0.0
4217125524,1.0,none,1.0,0.0,1.0,92148.0,,,,,,92148.0,,,,,4218.0,945.0,,,,1886.0,1387.0,,-73962.0,,,,,,,,164952.0,164952.0,,,,5375.0,,5375.0,,,,96365.0,96365.0,,48217.0,-89338.0,-41121.0,,,557.0,,,,42777.0,-1099.0,0.0,-557.0,,,,,,,,0.0,,,,,,,,,,,,,,,,,,,,,,,,,,,,,,,,,,,,,,,,,,,,,,,,,,,,,,,,,,,,,,,,,,,,,,,,,,,,,,,,,,,,,,,,,,,,,,,,,,,,,,,,,,,,,,,,,,,,,,,,,,,,,,,,,,,,,,,,1.0,1104217004210,2010-06-09,,15.0,93.11,R,65167484,12300,4210014,16,32731000001,kemerovo,4200,1.0,0.0,87.1251959,53.7541732,house,0.0
4217125531,1.0,none,1.0,0.0,1.0,254675.0,,,,,,254642.0,,33.0,,,4237.0,22.0,,,,3396.0,819.0,,-445998.0,,,,,,,,679992.0,679992.0,,,,24918.0,,24918.0,,,,258912.0,258912.0,,57656.0,-70877.0,-13221.0,,,-20317.0,,,,971.0,-8067.0,-20317.0,0.0,,,,,,,,-20317.0,,,,,,,,,,,,,,,,,,,,,,,,,,,,,,,,,,,,,,,,,,,,,,,,,,,,,,,,,,,,,,,,,,,,,,,,,,,,,,,,,,,,,,,,,,,,,,,,,,,,,,,,,,,,,,,,,,,,,,,,,,,,,,,,,,,,,,,,1.0,1104217004220,2010-06-09,,15.0,68.20,L,65167490,12300,4210014,16,32731000001,kemerovo,4200,1.0,0.0,87.1082666,53.763039,house,0.0
4217125588,1.0,none,1.0,0.0,0.0,30.0,,,,,,30.0,,,,,116.0,0.0,,,12.0,,104.0,,,,,,,,,,,,,,,20.0,,20.0,,,,146.0,146.0,34.0,358.0,-324.0,34.0,,,4.0,,,,,-30.0,0.0,-4.0,0.0,,,,,,,0.0,,,,,,0.0,,,,0.0,,,,,,,,,,,,,,,,,,,,,,,,,,,,,,,,,,,,,,,,,,,,,,,,,,,,,,,-12.0,965.0,358.0,,,,607.0,,-977.0,-102.0,-276.0,,-4.0,-595.0,,,,,,,,,,,,,,,,,0.0,0.0,0.0,,,,0.0,,0.0,0.0,,,0.0,,-12.0,116.0,,104.0,116.0,607.0,,,607.0,,0.0,0.0,-619.0,-619.0,,,-619.0,0.0,0.0,,,,,0.0,,,104.0,,1104200001080,2010-06-07,,15.0,88.10,Q,22929216,71400,4210014,16,32731000001,kemerovo,4200,0.0,0.0,87.1594213,53.8331458,house,0.0
4217125690,1.0,none,1.0,0.0,1.0,,,,,,,,,,,,78.0,,,,,0.0,78.0,,53.0,,,,,,,,,,,,,25.0,,25.0,,,,78.0,78.0,,1138.0,-1125.0,13.0,,,2.0,,,,1.0,-12.0,2.0,0.0,,,,,,,,2.0,,,,,,,,,,,,,,,,,,,,,,,,,,,,,,,,,,,,,,,,,,,,,,,,,,,,,,,,,,,,,,,,,,,,,,,,,,,,,,,,,,,,,,,,,,,,,,,,,,,,,,,,,,,,,,,,,,,,,,,,,,,,,,,,,,,,,,,,1.0,1104217004385,2010-06-15,,15.0,46.90,G,65168940,12300,4210014,16,32731000001,kemerovo,4200,1.0,0.0,87.1426011,53.760777,house,0.0
4217125771,1.0,none,1.0,0.0,1.0,,,,,,,,,,,,821.0,0.0,,,,775.0,46.0,,,,,,,772.0,,,,,,,,49.0,,49.0,,,,821.0,821.0,,,,,,,,,,,,,,,,,,,,,,,,,,,,,,,,,,,,,,,,,,,,,,,,,,,,,,,,,,,,,,,,,,,,,,,,,,,,,,,,,,,,,,,,,,,,,,,,,,,,,,,,,,,,,,,,,,,,,,,,,,,,,,,,,,,,,,,272.0,34.0,,,,,,34.0,-1640.0,-1640.0,,,,,,,,,,,,0.0,-1334.0,1.0,1104217004462,2010-06-18,,15.0,68.32.10,L,41878803,20716,4210014,16,32731000001,kemerovo,4200,0.0,0.0,87.1240868,53.7695597,house,0.0
4217125806,1.0,none,1.0,0.0,1.0,455.0,,,,,,450.0,,5.0,,,26081.0,13123.0,,,,12549.0,409.0,,18853.0,,,,,,,,3145.0,3145.0,,,0.0,4538.0,0.0,4538.0,,,,26536.0,26536.0,,71225.0,-62103.0,9122.0,,,8238.0,,,-8.0,46.0,-922.0,6584.0,-1654.0,,,,,,,,6584.0,,,,,,,,,,,,,,,,,,,,,,,,,,,,,,,,,,,,,,,,,,,,,,,,,,,,,,,,,,,,,,,,,,,,,,,,,,,,,,,,,,,,,,,,,,,,,,,,,,,,,,,,,,,,,,,,,,,,,,,,,,,,,,,,,,,,,,,,1.0,1104217004506,2010-06-21,,15.0,46.73,G,65169738,12300,4210014,16,32731000001,kemerovo,4200,1.0,0.0,87.1037155,53.7522446,house,0.0
4217125813,1.0,none,1.0,0.0,1.0,0.0,,,,,,0.0,,0.0,,,7992.0,0.0,,,,7758.0,234.0,,200.0,,,,,,,,0.0,,,,0.0,7791.0,,7791.0,,,,7991.0,7991.0,,6047.0,-785.0,5262.0,,,-2835.0,,,-1544.0,52.0,-6605.0,-2898.0,-63.0,,,,,,,,-2898.0,,,,,,,,,,,,,,,,,,,,,,,,,,,,,,,,,,,,,,,,,,,,,,,,,,,,,,,,,,,,,,,,,,,,,,,,,,,,,,,,,,,,,,,,,,,,,,,,,,,,,,,,,,,,,,,,,,,,,,,,,,,,,,,,,,,,,,,,1.0,1104217004517,2010-06-21,,15.0,41.20,F,65169744,12300,4210014,16,32731000001,kemerovo,4200,0.0,0.0,87.1247688,53.7971348,house,0.0
4217125860,1.0,none,1.0,0.0,1.0,,,,,,,,,,,,4004.0,,,,,3849.0,155.0,,3178.0,,,,,,,,,,,,,826.0,,826.0,,,,4004.0,4004.0,,8185.0,-7796.0,389.0,,,357.0,,,,0.0,-32.0,357.0,,,,,,,,,357.0,,,,,,,,,,,,,,,,,,,,,,,,,,,,,,,,,,,,,,,,,,,,,,,,,,,,,,,,,,,,,,,,,155.0,7049.0,7049.0,,,,,,-6894.0,-5550.0,-1199.0,,,-145.0,,0.0,,,,,,,,,,,,,,,0.0,0.0,0.0,0.0,0.0,0.0,,,,,,,,,155.0,0.0,,155.0,12.0,,,,,,,,,,,,,,,,,,,,,,12.0,1.0,1104217004550,2010-06-24,,15.0,68.32.20,L,67680234,12300,4210014,16,32731000001,kemerovo,4200,1.0,0.0,87.1078593,53.7644573,house,0.0
4217126006,1.0,none,1.0,0.0,1.0,863.0,,,,,,863.0,,0.0,,,30025.0,2722.0,,,,6440.0,20863.0,,28872.0,,,,,,,,0.0,0.0,,,0.0,2016.0,0.0,2016.0,,,0.0,30888.0,30888.0,,53848.0,-41802.0,12046.0,,,13439.0,,,0.0,1393.0,0.0,11782.0,-1657.0,,,,,,,,11782.0,,,,,,,,,,,,,,,,,,,,,,,,,,,,,,,,,,,,,,,,,,,,,,,,,,,,,,,,,,,,,,,,,,,,,,,,,,,,,,,,,,,,,,,,,,,,,,,,,,,,,,,,,,,,,,,,,,,,,,,,,,,,,,,,,,,,,,,,1.0,1104217004671,2010-06-29,,15.0,71.12.60,M,67681311,12300,4210014,16,32731000001,kemerovo,4200,1.0,0.0,87.1036273,53.751447,house,0.0
4217126165,1.0,none,1.0,0.0,0.0,,,,,,,,,,,,4317.0,4253.0,,,0.0,,64.0,,4317.0,10.0,,,,,,4307.0,,,,,,0.0,,,,,,4317.0,4317.0,45.0,1419.0,-1374.0,45.0,,,45.0,,,,,,2.0,-43.0,0.0,,,,,,,2.0,,,,,,,,,,,,,,,,,,,,,,,,,,,,,,,,,,,,,,,,,,,,,,,,,,,,,,,,,,,,,,,,,,,,,,,,,,,,,,,,,,,,,,,,,,,,,,,,,,,,,,,,,,,,,,,,,,,,,,,,,,,,,,,,,,,,,,,,0.0,1104217004847,2010-07-08,,15.0,95.10,S,67682629,12300,4210014,16,32731000001,kemerovo,4200,1.0,0.0,87.1725696,53.830769,house,0.0
4217126207,1.0,none,1.0,0.0,1.0,311.0,,,,,,311.0,,,,,,,,,,,,,311.0,,,,,,,,,,,,,,,,,,,311.0,311.0,,311.0,-305.0,6.0,,,3.0,,,-3.0,,0.0,3.0,,,,,,,,,3.0,,,,,,0.0,0.0,,,0.0,0.0,,,,,,,,,,,,,,,,,,,,0.0,0.0,,,,,,,,,,,,,,,,,,,,,,,,,,,,,,,,,311.0,311.0,311.0,,,,0.0,,0.0,0.0,0.0,0.0,0.0,0.0,,0.0,0.0,,,,,,,0.0,0.0,0.0,0.0,0.0,0.0,,0.0,0.0,,,,,,,0.0,0.0,0.0,0.0,0.0,,311.0,0.0,,311.0,,,,,,,,,,,,,,,,,,,,,,,,1.0,1104217004880,2010-07-09,,15.0,71.20,M,67682948,12300,4210014,16,32731000001,kemerovo,4200,1.0,0.0,87.119887,53.7475184,house,0.0
4217126359,1.0,none,1.0,0.0,0.0,2389850.0,,0.0,,,,659186.0,,1688441.0,42223.0,,23170209.0,6536495.0,,,16262626.0,369949.0,1139.0,,9200354.0,10.0,0.0,,,,,9200344.0,478030.0,,0.0,,478030.0,15881675.0,9572532.0,6059441.0,,54750.0,194952.0,25560059.0,25560059.0,2239275.0,41720896.0,-39481621.0,2030824.0,,-208451.0,57639.0,,494163.0,-2942281.0,578713.0,-103780.0,28572.0,-29067.0,-32018.0,2951.0,,,,,0.0,28572.0,,,,,,8733601.0,8733601.0,0.0,0.0,9171782.0,9171782.0,438181.0,438181.0,0.0,,,,0.0,,0.0,,,,,,,0.0,,0.0,0.0,9171782.0,9200354.0,28572.0,28572.0,0.0,,,,0.0,,0.0,,,,,,,0.0,,0.0,0.0,,,,,,,,,,,,,,2912723.0,42111150.0,35792661.0,1011.0,,,28240.0,6289238.0,-39198427.0,-22202260.0,-1076548.0,-3174165.0,-26672.0,-709838.0,-12008944.0,839615.0,1302606.0,,,818230.0,484376.0,,,-462991.0,-14609.0,0.0,-448382.0,0.0,0.0,,-4255758.0,41422048.0,41422048.0,,,,,,-45677806.0,0.0,0.0,-45272048.0,-405758.0,,-503420.0,504559.0,0.0,1139.0,0.0,0.0,,,,,,,0.0,0.0,0.0,0.0,0.0,0.0,0.0,0.0,0.0,0.0,0.0,0.0,0.0,0.0,0.0,1.0,1104217005034,2010-07-19,,15.0,38.32.30,E,67684077,12300,4210014,16,32731000001,kemerovo,4200,1.0,0.0,87.0917836,53.7676286,house,0.0
4217126373,1.0,none,1.0,0.0,1.0,1882.0,,,,,,1882.0,,,,,5469.0,4489.0,,,,260.0,720.0,,5637.0,,,,,,,,1714.0,,,,1714.0,0.0,,0.0,,,,7351.0,7351.0,,19468.0,-18096.0,1372.0,,,987.0,,,,0.0,-385.0,668.0,-319.0,,,,,,,,668.0,,,,,,,,,,,,,,,,,,,,,,,,,,,,,,,,,,,,,,,,,,,,,,,,,,,,,,,,,,,,,,,,,,,,,,,,,,,,,,,,,,,,,,,,,,,,,,,,,,,,,,,,,,,,,,,,,,,,,,,,,,,,,,,,,,,,,,,,1.0,1104217005056,2010-07-19,,15.0,46.14.90,G,67684108,12300,4210014,16,32731000001,kemerovo,4200,1.0,0.0,87.0951497,53.7644164,house,0.0
4217126408,1.0,none,1.0,0.0,0.0,,,,,,,,,,,,1048.0,86.0,,,962.0,,0.0,,-663.0,10.0,,,,,,-673.0,8.0,8.0,,,,1703.0,1113.0,590.0,,,,1048.0,1048.0,0.0,0.0,0.0,0.0,,0.0,-3.0,,,,,-3.0,-3.0,0.0,0.0,,,,,,,-3.0,,,,,,,,,,,,,,,,,,,,,,,,,,,,,,,,,,,,,,,,,,,,,,,,,,,,,,,,,,,,,,,,,,,,,,,,,,,,,,,,,,,,,,,,,,,,,,,,,,,,,,,,,,,,,,,,,,,,,,,,,,,,,,,,,,,,,,,,0.0,1104217005090,2010-07-21,,15.0,49.31.20,H,67684522,12300,4210014,16,32731000001,kemerovo,4200,1.0,0.0,87.1361488,53.9068485,house,0.0
4217126422,1.0,none,1.0,0.0,1.0,1046.0,,,,,,1046.0,,,,,32806.0,,,,,31608.0,1198.0,,32118.0,,,,,,,,,,,,,1734.0,0.0,1734.0,,,,33852.0,33852.0,,66065.0,-52232.0,13833.0,,,13965.0,,,,292.0,-160.0,13007.0,-958.0,,,,,,,,13007.0,,,,,,,,,,,,,,,,,,,,,,,,,,,,,,,,,,,,,,,,,,,,,,,,,,,,,,,,,,,,,,,,,,,,,,,,,,,,,,,,,,,,,,,,,,,,,,,,,,,,,,,,,,,,,,,,,,,,,,,,,,,,,,,,,,,,,,,,1.0,1104217005111,2010-07-22,,15.0,33.12,C,67684918,12300,4210014,16,32731000001,kemerovo,4200,1.0,0.0,87.3016736,53.7750927,house,0.0
4217126447,1.0,none,1.0,0.0,1.0,408.0,,,,,,408.0,,,,,137.0,,,,,119.0,18.0,,270.0,,,,,,,,,,,,,275.0,274.0,1.0,,,,545.0,545.0,,72.0,-49.0,23.0,,,-140.0,,,,,-163.0,-141.0,-1.0,,,,,,,,-141.0,,,,,,,,,,,,,,,,,,,,,,,,,,,,,,,,,,,,,,,,,,,,,,,,,,,,,,,,,,,,,,,,,,,,,,,,,,,,,,,,,,,,,,,,,,,,,,,,,,,,,,,,,,,,,,,,,,,,,,,,,,,,,,,,,,,,,,,,1.0,1104217005133,2010-07-22,,15.0,68.20,L,67684930,12300,4210014,16,32731000001,kemerovo,4200,1.0,0.0,87.1281459,53.7703567,house,0.0
4217126461,1.0,none,1.0,0.0,0.0,1114566.0,,,,,,661627.0,,355753.0,97187.0,,6609003.0,1366312.0,,20.0,4888117.0,321704.0,32848.0,,1181085.0,74400.0,,,,,,1106685.0,677198.0,404448.0,174165.0,,98585.0,5865287.0,191398.0,5653740.0,,5818.0,,7723569.0,7723569.0,1260507.0,7782584.0,-6522077.0,777174.0,,-483333.0,563884.0,3.0,20063.0,-49689.0,169480.0,-353147.0,393570.0,-170314.0,-57742.0,-112572.0,,,,,0.0,393570.0,,,,,,635504.0,635504.0,,,887515.0,887515.0,,252010.0,,,,,,,,,,,,,,,,,,887515.0,1181085.0,,393570.0,,,,,,,,,,,,,,-100000.0,,,0.0,,,,,,,,,,,,,,-153156.0,8792278.0,7019050.0,,,,1773228.0,,-8945434.0,-6682958.0,-2212988.0,-46790.0,,-2698.0,,0.0,,,,,,,,0.0,,,,,0.0,,181799.0,12605926.0,1460232.0,,,,11145694.0,,-12424127.0,,-100316.0,-11829849.0,-493962.0,,28643.0,4205.0,,32848.0,,,,,,,,,,,,,,,,,,,,,,,,,1104217005155,2010-07-23,,15.0,41.20,F,67684976,12300,4210014,16,32731000001,kemerovo,4200,0.0,0.0,87.2539763,53.7851972,house,0.0
4217126486,1.0,none,1.0,0.0,1.0,,,,,,,,,,,,4819.0,0.0,,,,4819.0,0.0,,1933.0,,,,,,,,0.0,0.0,,,,2886.0,,2886.0,,,,4819.0,4819.0,,10190.0,-7883.0,2307.0,,,2268.0,,,0.0,,-39.0,1984.0,-284.0,,,,,,,,1984.0,,,,,,,,,,,,,,,,,,,,,,,,,,,,,,,,,,,,,,,,,,,,,,,,,,,,,,,,,,,,,,,,,,,,,,,,,,,,,,,,,,,,,,,,,,,,,,,,,,,,,,,,,,,,,,,,,,,,,,,,,,,,,,,,,,,,,,,,1.0,1104217005177,2010-07-23,,15.0,71.12.20,M,67684999,12300,4210014,16,32734000001,kemerovo,4200,1.0,0.0,87.3285328,53.6055664,house,0.0
4217126662,1.0,none,1.0,0.0,0.0,1963424.0,,,,,,268364.0,1642510.0,0.0,52550.0,,61151.0,17.0,,0.0,59419.0,0.0,508.0,1207.0,1765393.0,1410000.0,,,,117288.0,,238105.0,173447.0,,136640.0,,36807.0,85735.0,,81066.0,356.0,1461.0,2852.0,2024575.0,2024575.0,301750.0,665825.0,-364075.0,247145.0,0.0,-54605.0,231347.0,,2700.0,-6558.0,36501.0,-48441.0,169355.0,-61992.0,-62902.0,910.0,,,,,,169355.0,,,,,,1440777.0,1440777.0,,,1776038.0,1776038.0,45261.0,45261.0,,,,,,,,,,,,,,,,290000.0,,1776038.0,1765393.0,169355.0,169355.0,,,,,,,,,,,,,,,,-180000.0,,,,,,,,,,,,,,,340599.0,728283.0,89699.0,566353.0,,,72231.0,,-387684.0,-218055.0,-42391.0,,-91966.0,-35272.0,,-149199.0,36847.0,36847.0,,0.0,0.0,,,-186046.0,-185539.0,-507.0,0.0,,,,-191049.0,0.0,,0.0,,,,,-191049.0,,,,-191049.0,,351.0,157.0,,508.0,,,,,,,,,,,,,,,,,,,,,,,,1.0,1104217005353,2010-07-30,,15.0,68.20,L,67687638,12300,4210014,16,32731000001,kemerovo,4200,1.0,0.0,87.1069199,53.7511867,house,0.0
4217126711,1.0,none,1.0,0.0,1.0,,,,,,,,,,,,1398.0,815.0,,,,0.0,583.0,,1371.0,,,,,,,,,,,,,27.0,27.0,0.0,,,,1398.0,1398.0,,598.0,-598.0,0.0,,,0.0,,,0.0,,0.0,-6.0,-6.0,,,,,,,,-6.0,,,,,,,,,,,,,,,,,,,,,,,,,,,,,,,,,,,,,,,,,,,,,,,,,,,,,,,,,,,,,,,,,,,,,,,,,,,,,,,,,,,,,,,,,,,,,,,,,,,,,,,,,,,,,,,,,,,,,,,,,,,,,,,,,,,,,,,,1.0,1104217005408,2010-08-03,,15.0,71.11,M,67687696,12300,4210014,16,32731000001,kemerovo,4200,0.0,0.0,87.1397785,53.7592816,house,0.0
4217126920,1.0,none,1.0,0.0,1.0,,,,,,,,,,,,11556.0,10071.0,,,,42.0,1443.0,,9818.0,,,,,,,,1025.0,1025.0,,,,713.0,,713.0,,,,11557.0,11557.0,,13363.0,-14245.0,-882.0,,,-1305.0,,,,42.0,-465.0,-1440.0,-135.0,,,,,,,,-1440.0,,,,,,,,,,,,,,,,,,,,,,,,,,,,,,,,,,,,,,,,,,,,,,,,,,,,,,,,,,,,,,,,,342.0,11337.0,11320.0,,,,17.0,,-10995.0,-25.0,-1866.0,,,-9104.0,,,,,,,,,,,,,,,,,,,,,,,,,,,,,,,342.0,1100.0,,1442.0,,,,,,,,,,,,,,,,,,,,,,,,1.0,1104217005606,2010-08-10,,15.0,47.64,G,67687408,12300,4210014,16,32731000001,kemerovo,4200,1.0,0.0,87.1423067,53.743682,house,0.0
4217126969,1.0,none,1.0,0.0,1.0,,,,,,,,,,,,6192.0,30.0,,,,4213.0,1949.0,,5032.0,,,,,,,,,,,,,1160.0,,1160.0,,,,6192.0,6192.0,,2438.0,-1565.0,873.0,,,1734.0,,,,1015.0,-154.0,1662.0,-72.0,,,,,,,,1662.0,,,,,,,,,,,,,,,,,,,,,,,,,,,,,,,,,,,,,,,,,,,,,,,,,,,,,,,,,,,,,,,,,,,,,,,,,,,,,,,,,,,,,,,,,,,,,,,,,,,,,,,,,,,,,,,,,,,,,,,,,,,,,,,,,,,,,,,,1.0,1104217005650,2010-08-12,,15.0,79.10,N,67688081,12300,4210014,16,32731000001,kemerovo,4200,1.0,0.0,87.1382466,53.7589238,house,0.0
4217126990,1.0,none,1.0,0.0,0.0,,,,,,,,,,,,92.0,,,,,,92.0,0.0,82.0,10.0,,,,,,72.0,,,,,,10.0,0.0,10.0,,,,92.0,92.0,161.0,161.0,,161.0,,,40.0,,,,,-121.0,30.0,-10.0,-10.0,,,,,,,30.0,,,,,,,,,,,,,,,,,,,,,,,,,,,,,,,,,,,,,,,,,,,,,,,,,,,,,,,,,,,,,,,,,,,,,,,,,,,,,,,,,,,,,,,,,,,,,,,,,,,,,,,,,,,,,,,,,,,,,,,,,,,,,,,,,,,,,,,,0.0,1104217005683,2010-08-13,,15.0,68.31,L,67689235,12300,4210014,16,32731000001,kemerovo,4200,1.0,0.0,87.1397785,53.7592816,house,0.0
4217127105,1.0,none,1.0,0.0,0.0,0.0,,0.0,,0.0,0.0,0.0,,0.0,0.0,0.0,104.0,103.0,,0.0,0.0,0.0,1.0,0.0,104.0,10.0,0.0,,0.0,0.0,0.0,94.0,0.0,0.0,0.0,0.0,0.0,0.0,0.0,0.0,0.0,0.0,0.0,104.0,104.0,111.0,1116.0,-1005.0,111.0,0.0,0.0,111.0,0.0,0.0,0.0,0.0,0.0,94.0,,,0.0,,,,,-17.0,94.0,0.0,,,,,,,,,,,,,,,,,,,,,,,,,,,,,,,,,,,,,,,,,,,,,,,,,,,,,,,,,,,,,,,,,,,,,,,,,,,,,,,,,,,,,,,,,,,,,,,,,,,,,,,,,,,,,,,,,,,,,,,,,,,,,,,,,,,,,,,0.0,1104217005793,2010-08-19,,15.0,46.90,G,67689376,12300,4210014,16,32731000001,kemerovo,4200,1.0,0.0,87.2137793,53.7780039,house,0.0
3257029871,1.0,none,1.0,0.0,1.0,,,,,,,,,,,,28637.0,105.0,,,,24207.0,4325.0,,18071.0,,,,,,,,3100.0,3100.0,,,,7466.0,50.0,3013.0,,,4403.0,28637.0,28637.0,,65903.0,-66181.0,-278.0,,,-29.0,,,-493.0,2094.0,-1352.0,-689.0,-660.0,,,,,,,,-689.0,,,,,,,,,,,,,,,,,,,,,,,,,,,,,,,,,,,,,,,,,,,,,,,,,,,,,,,,,,,,,,,,,,,,,,,,,,,,,,,,,,,,,,,,,,,,,,,,,,,,,,,,,,,,,,,,,,,,,,,,,,,,,,,,,,,,,,,,1.0,1153256005858,2015-04-30,,10.0,68.32,L,22352107,12300,4210014,16,15701000001,bryansk,3200,1.0,0.0,34.3000677,53.3433599,house,0.0
3257029920,1.0,none,1.0,0.0,1.0,229158.0,,,,,,55118.0,,174040.0,,,47293.0,5513.0,,,,11712.0,30068.0,,-439756.0,,,,,,,,468428.0,90072.0,,,378356.0,247780.0,2971.0,244809.0,,,,276451.0,276451.0,,,-812.0,-812.0,,,-34319.0,,,,352234.0,-385741.0,-48853.0,-14534.0,,,,,,,,-48853.0,,,,,,,,,,,,,,,,,,,,,,,,,,,,,,,,,,,,,,,,,,,,,,,,,,,,,,,,,,,,,,,,,,,,,,,,,,,,,,,,,,,,,,,,,,,,,,,,,,,,,,,,,,,,,,,,,,,,,,,,,,,,,,,,,,,,,,,,1.0,1153256005913,2015-05-05,,10.0,41.20,F,01334816,12300,4210014,16,15701000001,bryansk,3200,0.0,0.0,34.3268351,53.2388105,house,0.0
3257029991,1.0,none,1.0,0.0,1.0,,,,,,,,,,,,13707.0,0.0,,,,1666.0,12041.0,,2380.0,,,,,,,,,,,,,11327.0,,11327.0,,,,13707.0,13707.0,,45354.0,-41080.0,4274.0,,,4581.0,,,,350.0,-43.0,3436.0,-1145.0,,,,,,,,3436.0,,,,,,,,,,,,,,,,,,,,,,,,,,,,,,,,,,,,,,,,,,,,,,,,,,,,,,,,,,,,,,,,,,,,,,,,,,,,,,,,,,,,,,,,,,,,,,,,,,,,,,,,,,,,,,,,,,,,,,,,,,,,,,,,,,,,,,,,1.0,1153256005968,2015-05-06,,10.0,46.66,G,22352780,12300,4210014,16,15701000001,bryansk,3200,1.0,0.0,34.3973427,53.2132311,house,0.0
3257030027,1.0,none,1.0,0.0,0.0,,,,,,,,,,,,11216.0,5892.0,,0.0,4081.0,1000.0,243.0,,10312.0,10.0,,,,,,10302.0,0.0,,,,,904.0,0.0,904.0,,,,11216.0,11216.0,9130.0,113852.0,-104722.0,7142.0,-1988.0,,5407.0,,1.0,-1397.0,,-339.0,1555.0,-1352.0,-1352.0,,,,,,-2500.0,1555.0,,,,,,,,,,,,,,,,,,,,,,,,,,,,,,,,,,,,,,,,,,,,,,,,,,,,,,,,,,,,,,,,,,,,,,,,,,,,,,,,,,,,,,,,,,,,,,,,,,,,,,,,,,,,,,,,,,,,,,,,,,,,,,,,,,,,,,,,0.0,1153256006089,2015-05-07,,10.0,46.73,G,29500137,12300,4210014,16,15701000001,bryansk,3200,1.0,0.0,34.4319048,53.2614956,house,0.0
3257030034,1.0,none,1.0,0.0,1.0,1519.0,,,,,,1519.0,,,,,6389.0,,,,,18.0,6371.0,,6474.0,,,,,,,,,,,,,1434.0,,1434.0,,,,7908.0,7908.0,,18148.0,-16266.0,1882.0,,,1338.0,,,,,-544.0,967.0,-371.0,,,,,,,,967.0,,,,,,,,,,,,,,,,,,,,,,,,,,,,,,,,,,,,,,,,,,,,,,,,,,,,,,,,,,,,,,,,,,,,,,,,,,,,,,,,,,,,,,,,,,,,,,,,,,,,,,,,,,,,,,,,,,,,,,,,,,,,,,,,,,,,,,,,1.0,1153256006122,2015-05-07,,10.0,61.10.90,J,29500077,12300,4210014,16,15608463101,bryansk,3200,1.0,0.0,34.3155547,53.2139523,house,0.0
3257030059,1.0,none,1.0,0.0,0.0,0.0,,0.0,,,,0.0,0.0,0.0,,0.0,2830.0,396.0,,0.0,2418.0,0.0,16.0,0.0,1853.0,10.0,,,0.0,,0.0,1843.0,0.0,0.0,,,0.0,977.0,0.0,977.0,,,,2830.0,2830.0,14707.0,14995.0,-288.0,-128.0,,-14835.0,191.0,,0.0,0.0,338.0,-19.0,116.0,-133.0,,,58.0,,,,,116.0,0.0,,,,,1636.0,1636.0,,,1796.0,1796.0,160.0,160.0,,,,,,,,,,,,,,,,,,1796.0,1853.0,58.0,58.0,,,,,,,,,,,,,,,,,,,,,,,,,,,,,,,12.0,14548.0,14546.0,,,,2.0,,-14536.0,-12811.0,-192.0,,,-1277.0,-256.0,,,,,,,,,,,,,,,,,,,,,,,,,,,,,,12.0,4.0,,16.0,,,,,,,,,,,,,,,,,,,,,,,,1.0,1153256006133,2015-05-07,,10.0,43.22,F,29500095,12300,4210014,16,15701000001,bryansk,3200,1.0,0.0,34.2521798,53.3309627,house,0.0
3257030073,1.0,none,1.0,0.0,1.0,1654.0,,,,,,1654.0,,0.0,,,10857.0,618.0,,,,8922.0,1317.0,,10760.0,,,,,,,,,,,,,1751.0,,1751.0,,,,12511.0,12511.0,,60312.0,-56096.0,4216.0,,,4458.0,,,,337.0,-95.0,2660.0,-1798.0,,,,,,,,2660.0,,,,,,,,,,,,,,,,,,,,,,,,,,,,,,,,,,,,,,,,,,,,,,,,,,,,,,,,,,,,,,,,,,,,,,,,,,,,,,,,,,,,,,,,,,,,,,,,,,,,,,,,,,,,,,,,,,,,,,,,,,,,,,,,,,,,,,,,1.0,1153256006100,2015-05-07,,10.0,80.10,N,29500114,12300,4210014,16,15608463101,bryansk,3200,1.0,0.0,34.3162946,53.223849,house,0.0
3257030080,1.0,none,1.0,0.0,1.0,144.0,,,,,,144.0,,0.0,,,24791.0,4585.0,,,,19607.0,599.0,,5066.0,,,,,,,,11148.0,11148.0,,,,8721.0,,8721.0,,,,24935.0,24935.0,,138743.0,-130669.0,8074.0,,,3260.0,,,,2399.0,-7213.0,1478.0,-1782.0,,,,,,,,1478.0,,,,,,,,,,,,,,,,,,,,,,,,,,,,,,,,,,,,,,,,,,,,,,,,,,,,,,,,,,,,,,,,,,,,,,,,,,,,,,,,,,,,,,,,,,,,,,,,,,,,,,,,,,,,,,,,,,,,,,,,,,,,,,,,,,,,,,,,1.0,1153256006111,2015-05-07,,10.0,52.29,H,29500031,12300,4210014,16,15701000001,bryansk,3200,1.0,0.0,34.3613256,53.24422,house,0.0
3257030115,1.0,none,1.0,0.0,1.0,8202.0,,,,,,7902.0,,300.0,,,5614.0,4543.0,,,,1001.0,70.0,,6820.0,,,,,,,,6546.0,6546.0,,,,450.0,,450.0,,,,13816.0,13816.0,,8400.0,-8139.0,261.0,,,-89.0,,,-258.0,,-92.0,-89.0,0.0,,,,,,,,-89.0,,,,,,,,,,,,,,,,,,,,,,,,,,,,,,,,,,,,,,,,,,,,,,,,,,,,,,,,,,,,,,,,,,,,,,,,,,,,,,,,,,,,,,,,,,,,,,,,,,,,,,,,,,,,,,,,,,,,,,,,,,,,,,,,,,,,,,,,1.0,1153256006200,2015-05-08,,10.0,46.73,G,29500309,12300,4210014,16,15701000001,bryansk,3200,1.0,0.0,34.3301261,53.2619444,street,0.0
3257030154,1.0,none,1.0,0.0,0.0,1298.0,,0.0,,,,86.0,211.0,1000.0,,0.0,2714.0,0.0,,0.0,1021.0,0.0,1692.0,0.0,2212.0,10.0,,,0.0,,0.0,2202.0,0.0,0.0,,,0.0,1800.0,0.0,1800.0,,,,4012.0,4012.0,6515.0,8012.0,-1497.0,1025.0,,-5490.0,1445.0,,0.0,0.0,481.0,-61.0,962.0,-483.0,,,,,,,,962.0,0.0,,,,,,,,,,,,,,,,,,,,,,,,,,,,,,,,,,,,,,,,,,,,,,,,,,,,,,,,,,,,,,,,,,,,,,,,,,,,,,,,,,,,,,,,,,,,,,,,,,,,,,,,,,,,,,,,,,,,,,,,,,,,,,,,,,,,,,,0.0,1153256006243,2015-05-08,,10.0,71.10,M,29500290,12300,4210014,16,15701000001,bryansk,3200,1.0,0.0,34.3668288,53.2423778,city,0.0
3257030186,1.0,none,1.0,0.0,1.0,33.0,,,,,,,,33.0,,,258.0,,,,,258.0,0.0,,-88.0,,,,,,,,305.0,305.0,,,,74.0,10.0,64.0,,,,291.0,291.0,,197.0,-288.0,-91.0,,,-91.0,,,,,0.0,-91.0,0.0,,,,,,,,-91.0,,,,,,,,,,,,,,,,,,,,,,,,,,,,,,,,,,,,,,,,,,,,,,,,,,,,,,,,,,,,,,,,,,,,,,,,,,,,,,,,,,,,,,,,,,,,,,,,,,,,,,,,,,,,,,,,,,,,,,,,,,,,,,,,,,,,,,,,1.0,1153256006287,2015-05-08,,10.0,41.20,F,29500232,12300,4210014,16,15701000001,bryansk,3200,1.0,0.0,34.3199296,53.2964631,house,0.0
3257030281,1.0,none,1.0,0.0,1.0,,,,,,,,,,,,29228.0,,,,,29181.0,47.0,,22290.0,,,,,,,,,,,,,6938.0,,6938.0,,,,29228.0,29228.0,,80705.0,-78893.0,1812.0,,,778.0,,,0.0,0.0,-1034.0,207.0,-571.0,,,,,,,,207.0,,,,,,,,,,,,,,,,,,,,,,,,,,,,,,,,,,,,,,,,,,,,,,,,,,,,,,,,,,,,,,,,,,,,,,,,,,,,,,,,,,,,,,,,,,,,,,,,,,,,,,,,,,,,,,,,,,,,,,,,,,,,,,,,,,,,,,,,1.0,1153256006397,2015-05-13,,10.0,68.32,L,29500410,12300,4210014,16,15701000001,bryansk,3200,1.0,0.0,34.3673281,53.289081,house,0.0
3257030323,1.0,none,1.0,0.0,1.0,,,,,,,,,,,,10677.0,,,,,7465.0,3212.0,,750.0,,,,,,,,,,,,,9927.0,,4206.0,,,5721.0,10677.0,10677.0,,57218.0,-45281.0,11937.0,,,10840.0,,,,,-1097.0,10840.0,,,,,,,,,10840.0,,,,,,,,,,,,,,,,,,,,,,,,,,,,,,,,,,,,,,,,,,,,,,,,,,,,,,,,,,,,,,,,,,,,,,,,,,,,,,,,,,,,,,,,,,,,,,,,,,,,,,,,,,,,,,,,,,,,,,,,,,,,,,,,,,,,,,,,1.0,1153256006452,2015-05-14,,10.0,80.10,N,29500443,12300,4210014,16,15701000001,bryansk,3200,1.0,0.0,34.4416752,53.2216265,house,0.0
3257030429,1.0,none,1.0,0.0,0.0,2259.0,,0.0,,,,0.0,0.0,2259.0,,0.0,14195.0,35.0,,0.0,13341.0,0.0,819.0,0.0,5707.0,10.0,,,0.0,,0.0,5697.0,9762.0,9762.0,,,0.0,985.0,0.0,985.0,,,,16454.0,16454.0,2686.0,10034.0,-7348.0,629.0,-2057.0,,360.0,,0.0,0.0,0.0,-269.0,142.0,-218.0,,,,,,,,142.0,0.0,,,,,,,,,,,,,,,,,,,,,,,,,,,,,,,,,,,,,,,,,,,,,,,,,,,,,,,,,,,,,,,,,,,,,,,,,,,,,,,,,,,,,,,,,,,,,,,,,,,,,,,,,,,,,,,,,,,,,,,,,,,,,,,,,,,,,,,0.0,1153256006595,2015-05-19,,10.0,47.52.70,G,29500628,12300,4210014,16,15701000001,bryansk,3200,1.0,0.0,34.3301854,53.2411729,house,0.0
3257030475,1.0,none,1.0,0.0,1.0,,,,,,,,,,,,6312.0,4337.0,,,,1662.0,313.0,,6222.0,,,,,,,,,,,,,89.0,,89.0,,,,6312.0,6312.0,,6089.0,-5980.0,109.0,,,71.0,,,,,-38.0,53.0,-18.0,,,,,,,,53.0,,,,,,,,,,,,,,,,,,,,,,,,,,,,,,,,,,,,,,,,,,,,,,,,,,,,,,,,,,,,,,,,,,,,,,,,,,,,,,,,,,,,,,,,,,,,,,,,,,,,,,,,,,,,,,,,,,,,,,,,,,,,,,,,,,,,,,,,1.0,1153256006650,2015-05-20,,10.0,46.75,G,29500806,12300,4210014,16,15701000001,bryansk,3200,1.0,0.0,34.3657059,53.2278211,house,0.0
3257030549,1.0,none,1.0,0.0,1.0,,,,,,,,,,,,6.0,,,,,,6.0,,6.0,,,,,,,,,,,,,,,,,,,6.0,6.0,,,,,,,,,,,,,,,,,,,,,,,,,,,,,,,,,,,,,,,,,,,,,,,,,,,,,,,,,,,,,,,,,,,,,,,,,,,,,,,,,,,,,,,,,,,,,,,,,,,,,,,,,,,,,,,,,,,,,,,,,,,,,,,,,,,,,,,,,,,,,,,,,,,,,,,,,,,,,,1.0,1153256006738,2015-05-21,,10.0,46.69.90,G,29500841,12300,4210014,16,15701000001,bryansk,3200,1.0,0.0,34.4422198,53.212148,house,0.0
3257030563,1.0,none,1.0,0.0,1.0,,,,,,,,,,,,985.0,0.0,,,,810.0,175.0,,210.0,,,,,,,,699.0,699.0,,,,76.0,,76.0,,,,985.0,985.0,,8418.0,-7711.0,707.0,,,600.0,,,,,-107.0,407.0,-193.0,,,,,,,,407.0,,,,,,,,,,,,,,,,,,,,,,,,,,,,,,,,,,,,,,,,,,,,,,,,,,,,,,,,,,,,,,,,,,,,,,,,,,,,,,,,,,,,,,,,,,,,,,,,,,,,,,,,,,,,,,,,,,,,,,,,,,,,,,,,,,,,,,,,1.0,1153256006750,2015-05-21,,10.0,43.21,F,29500870,12300,4210014,16,15701000001,bryansk,3200,1.0,0.0,34.3210878,53.2413488,house,0.0
3257030605,1.0,none,1.0,0.0,1.0,,,,,,,,,,,,3486.0,167.0,,,,2601.0,718.0,,2458.0,,,,,,,,,,,,,1028.0,,1028.0,,,,3486.0,3486.0,,18860.0,-16338.0,2522.0,,,2437.0,,,,221.0,-306.0,2067.0,-370.0,,,,,,,,2067.0,,,,,,,,,,,,,,,,,,,,,,,,,,,,,,,,,,,,,,,,,,,,,,,,,,,,,,,,,,,,,,,,,,,,,,,,,,,,,,,,,,,,,,,,,,,,,,,,,,,,,,,,,,,,,,,,,,,,,,,,,,,,,,,,,,,,,,,,1.0,1153256006826,2015-05-21,,10.0,88.91,Q,29500887,12300,4210014,16,15701000001,bryansk,3200,1.0,0.0,34.3571378,53.2672048,house,0.0
3257030612,1.0,none,1.0,0.0,1.0,,,,,,,,,,,,2136.0,,,,,1754.0,382.0,,,,,,,2058.0,,,,,,,,78.0,,78.0,,,,2136.0,2136.0,,,,,,,,,,,,,,,,,,,,,,,,,,,,,,,,,,,,,,,,,,,,,,,,,,,,,,,,,,,,,,,,,,,,,,,,,,,,,,,,,,,,,,,,,,,,,,,,,,,,,,,,,,,,,,,,,,,,,,,,,,,,,,,,,,,,,,,2021.0,6.0,,,,,6.0,,-2513.0,-2513.0,,,,,,,,,,,,,-486.0,1.0,1153256006815,2015-05-21,,10.0,68.32.10,L,29500835,20700,4210014,16,15701000001,bryansk,3200,0.0,0.0,34.4481864,53.2507095,house,0.0
3257030620,1.0,none,1.0,0.0,1.0,1394.0,,,,,,1394.0,,,,,7277.0,0.0,,,,5800.0,1477.0,,7986.0,,,,,,,,,,,,,685.0,,685.0,,,,8671.0,8671.0,,41947.0,-17939.0,24008.0,,,24437.0,,,,899.0,-470.0,22793.0,-1644.0,,,,,,,,22793.0,,,,,,,,,,,,,,,,,,,,,,,,,,,,,,,,,,,,,,,,,,,,,,,,,,,,,,,,,,,,,,,,,,,,,,,,,,,,,,,,,,,,,,,,,,,,,,,,,,,,,,,,,,,,,,,,,,,,,,,,,,,,,,,,,,,,,,,,1.0,1153256006848,2015-05-21,,10.0,86.10,Q,29500858,12300,4210014,16,15701000001,bryansk,3200,1.0,0.0,34.3219606,53.2291331,house,0.0
3257030644,1.0,none,1.0,0.0,1.0,7336.0,,,,,,7336.0,,0.0,,,67570.0,3282.0,,,,50008.0,14280.0,,60108.0,,,,,,,,0.0,,,,0.0,14798.0,0.0,14798.0,,,,74906.0,74906.0,,312389.0,-259457.0,52932.0,,,53068.0,,,,2002.0,-1866.0,42369.0,-10699.0,,,,,,,,42369.0,,,,,,,,,,,,,,,,,,,,,,,,,,,,,,,,,,,,,,,,,,,,,,,,,,,,,,,,,,,,,,,,,,,,,,,,,,,,,,,,,,,,,,,,,,,,,,,,,,,,,,,,,,,,,,,,,,,,,,,,,,,,,,,,,,,,,,,,1.0,1153256006860,2015-05-21,,10.0,42.11,F,29500947,12300,4210014,16,15701000001,bryansk,3200,1.0,0.0,34.3722331,53.2382931,house,0.0
3257030651,1.0,none,1.0,0.0,0.0,,,,,,,,,,,,20705.0,,,,851.0,,19854.0,,0.0,,,,,,,,,,,,,20705.0,,500.0,20205.0,,,20705.0,20705.0,0.0,4890.0,-4890.0,0.0,,,0.0,,,,,,0.0,,,,,,,,,0.0,,,,,,,,,,,,,,,,,,,,,,,,,,,,,,,,,,,,,,,,,,,,,,,,,,,,,,,,,,,,,,,,,,,,,,,,,,,,,,,,,,,,,,,,,,,,,,,,,,,,,,,,,,,,,,,,,,,,,,,,,,,,,,,,,,,,,,,,0.0,1153256006870,2015-05-22,,10.0,68.32,L,29500999,20700,4210014,16,15701000001,bryansk,3200,1.0,0.0,34.3514119,53.235815,house,0.0
3257030683,1.0,none,1.0,0.0,1.0,39438.0,,,,,,39438.0,,,,,1217.0,29.0,,,,1154.0,34.0,,26266.0,,,,,,,,9291.0,9291.0,,,,5098.0,791.0,4307.0,,,,40655.0,40655.0,,21041.0,-20311.0,730.0,,,857.0,,,,227.0,-100.0,165.0,-692.0,,,,,,,,165.0,,,,,,,,,,,,,,,,,,,,,,,,,,,,,,,,,,,,,,,,,,,,,,,,,,,,,,,,,,,,,,,,,,,,,,,,,,,,,,,,,,,,,,,,,,,,,,,,,,,,,,,,,,,,,,,,,,,,,,,,,,,,,,,,,,,,,,,,1.0,1153256006925,2015-05-25,,10.0,68.20,L,29501024,12300,4210014,16,15701000001,bryansk,3200,1.0,0.0,34.3548816,53.2496484,house,0.0
3257030718,1.0,none,1.0,0.0,0.0,65.0,,,,,,65.0,,,,,18341.0,200.0,,,17963.0,,178.0,,2450.0,10.0,,,,,,2440.0,400.0,400.0,,,,15556.0,0.0,15556.0,,,0.0,18406.0,18406.0,964.0,68171.0,-67207.0,964.0,,,350.0,,,,,-614.0,350.0,0.0,0.0,,,,,,,350.0,,,,,,,,,,,,,,,,,,,,,,,,,,,,,,,,,,,,,,,,,,,,,,,,,,,,,,,,,,,,,,,,,,,,,,,,,,,,,,,,,,,,,,,,,,,,,,,,,,,,,,,,,,,,,,,,,,,,,,,,,,,,,,,,,,,,,,,,0.0,1153256006958,2015-05-26,,10.0,68.32.10,L,29501119,12300,4210014,16,15701000001,bryansk,3200,1.0,0.0,34.3033283,53.3049043,house,0.0
3257030725,1.0,none,1.0,0.0,0.0,,,,,,,,,,,,,,,,,,,,10000.0,10000.0,,,,,,,,,,,,,,,,,,0.0,10000.0,,,,,,,,,,,,,,,,,,,,,,0.0,,,,,,,,,,,,,,,,,,,,,,,,,,,,,,,,,,,,,,,,,,,,,,,,,,,,,,,,,,,,,,,,,,,,,,,,,,,,,,,,,,,,,,,,,,,,,,,,,,,,,,,,,,,,,,,,,,,,,,,,,,,,,,,,,,,,,,,,0.0,1153256006969,2015-05-26,,10.0,47.59,G,29501131,12300,4210014,16,15701000001,bryansk,3200,0.0,0.0,34.3017381,53.3341166,house,0.0
3257030740,1.0,none,1.0,0.0,1.0,5496.0,,,,,,5496.0,,,,,6133.0,977.0,,,,4775.0,381.0,,2768.0,,,,,,,,-1135.0,-1135.0,,,,9996.0,1135.0,8861.0,,,,11629.0,11629.0,,17409.0,-14501.0,2908.0,,,4902.0,,,,2752.0,-758.0,3695.0,-1207.0,,,,,,,,3695.0,,,,,,,,,,,,,,,,,,,,,,,,,,,,,,,,,,,,,,,,,,,,,,,,,,,,,,,,,,,,,,,,,,,,,,,,,,,,,,,,,,,,,,,,,,,,,,,,,,,,,,,,,,,,,,,,,,,,,,,,,,,,,,,,,,,,,,,,1.0,1153256006991,2015-05-26,,10.0,86.23,Q,29501094,12300,4210014,16,15701000001,bryansk,3200,1.0,0.0,34.3593571,53.2424017,house,0.0
3257030813,1.0,none,1.0,0.0,1.0,1335.0,,,,,,1335.0,,,,,20571.0,1.0,,,,15976.0,4594.0,,18678.0,,,,,,,,0.0,0.0,,,,3228.0,,3228.0,,,,21906.0,21906.0,,40005.0,-28567.0,11438.0,,,12479.0,,,,1297.0,-256.0,9354.0,-3125.0,,,,,,,,9354.0,,,,,,,,,,,,,,,,,,,,,,,,,,,,,,,,,,,,,,,,,,,,,,,,,,,,,,,,,,,,,,,,,,,,,,,,,,,,,,,,,,,,,,,,,,,,,,,,,,,,,,,,,,,,,,,,,,,,,,,,,,,,,,,,,,,,,,,,1.0,1153256007134,2015-05-28,,10.0,78.10,N,29501295,12300,4210014,16,15701000001,bryansk,3200,1.0,0.0,34.3028328,53.3087764,house,0.0
3257030877,1.0,none,1.0,0.0,0.0,41627.0,,0.0,,,,0.0,0.0,40559.0,1068.0,0.0,117658.0,149.0,,116.0,111340.0,0.0,5662.0,391.0,48216.0,10.0,,,0.0,,0.0,48206.0,12877.0,12877.0,0.0,,0.0,98192.0,1800.0,92118.0,,4274.0,,159285.0,159285.0,111216.0,1469784.0,-1358568.0,17614.0,-93602.0,,12382.0,,1425.0,0.0,111.0,-6768.0,9027.0,-3355.0,-3138.0,-217.0,,,,,,9027.0,0.0,,,,,48080.0,48080.0,,,49720.0,49720.0,1640.0,1640.0,,,,,,,,,,,,,,,,,,49720.0,48216.0,9028.0,9028.0,,,,,,,-10532.0,,,,,,,-10532.0,,,,,,,,,,,,,,,,,-19957.0,1546563.0,1514988.0,,,,31575.0,,-1566520.0,-1457955.0,-66910.0,,-3572.0,-38083.0,,-17884.0,980.0,,,980.0,,,,-18864.0,,,-18864.0,,,,-2485.0,21989.0,21989.0,,,,,,-24474.0,,-8282.0,-16192.0,,,-40326.0,45435.0,553.0,5662.0,,,,,,,,,,,,,,,,,,,,,,,,1.0,1153256007222,2015-05-29,,10.0,46.69,G,29501444,12300,4210014,16,15701000001,bryansk,3200,1.0,0.0,34.3862704,53.2824935,house,0.0
3257030972,1.0,none,1.0,0.0,1.0,123391.0,,,,,,103661.0,,19730.0,,,142900.0,16638.0,,,,123734.0,2528.0,,149406.0,,,,,,,,4445.0,0.0,,,4445.0,112440.0,4020.0,108420.0,,,,266291.0,266291.0,,208991.0,-180145.0,28846.0,,,30335.0,,,,1712.0,-223.0,21623.0,-8712.0,,,,,,,,21623.0,,,,,,,,,,,,,,,,,,,,,,,,,,,,,,,,,,,,,,,,,,,,,,,,,,,,,,,,,,,,,,,,,,,,,,,,,,,,,,,,,,,,,,,,,,,,,,,,,,,,,,,,,,,,,,,,,,,,,,,,,,,,,,,,,,,,,,,,1.0,1153256007387,2015-06-02,,10.0,42.11,F,29501674,12300,4210014,16,15701000001,bryansk,3200,1.0,0.0,34.4503897,53.2012653,house,0.0
3257030997,1.0,none,1.0,0.0,0.0,12695.0,,,,,,11695.0,,1000.0,,,20893.0,14783.0,,0.0,3971.0,0.0,2123.0,16.0,31078.0,1509.0,,,,,,29569.0,,,,,,2510.0,,2510.0,,,,33588.0,33588.0,28124.0,61757.0,-33633.0,1500.0,-13910.0,-12714.0,1152.0,,16.0,,155.0,-519.0,764.0,-377.0,-377.0,,,,,,-11.0,764.0,,,,,,,,,,,,,,,,,,,,,,,,,,,,,,,,,,,,,,,,,,,,,,,,,,,,,,,,,,,,,,,,,,,,,,,,,,,,,,,,,,,,,,,,,,,,,,,,,,,,,,,,,,,,,,,,,,,,,,,,,,,,,,,,,,,,,,,,0.0,1153256007410,2015-06-02,,10.0,16.23.10,C,29501668,12300,4210014,16,15701000001,bryansk,3200,1.0,0.0,34.3275168,53.2229834,house,0.0
3257031020,1.0,none,1.0,0.0,1.0,,,,,,,,,,,,85.0,,,,,83.0,2.0,,85.0,,,,,,,,,,,,,,,,,,,85.0,85.0,,,,,,,,,,,,,,,,,,,,,,,,,,,,,,,,,,,,,,,,,,,,,,,,,,,,,,,,,,,,,,,,,,,,,,,,,,,,,,,,,,,,,,,,,,,,,,,,,,,,,,,,,,,,,,,,,,,,,,,,,,,,,,,,,,,,,,,,,,,,,,,,,,,,,,,,,,,,,,1.0,1153256007475,2015-06-03,,10.0,46.73,G,29501757,12300,4210014,16,15701000001,bryansk,3200,1.0,0.0,34.3556057,53.2412484,house,0.0
3257031077,1.0,none,1.0,0.0,1.0,169.0,,,,,,169.0,,,,,5091.0,2086.0,,,,2994.0,11.0,,4985.0,,,,,,,,20.0,20.0,,,,255.0,,255.0,,,,5260.0,5260.0,,8830.0,-8468.0,362.0,,,553.0,,,,226.0,-35.0,395.0,-158.0,,,,,,,,395.0,,,,,,,,,,,,,,,,,,,,,,,,,,,,,,,,,,,,,,,,,,,,,,,,,,,,,,,,,,,,,,,,,,,,,,,,,,,,,,,,,,,,,,,,,,,,,,,,,,,,,,,,,,,,,,,,,,,,,,,,,,,,,,,,,,,,,,,,1.0,1153256007530,2015-06-04,,10.0,11.07,C,29501776,12300,4210014,16,15701000001,bryansk,3200,1.0,0.0,34.2698607,53.2727349,house,0.0
3257031084,1.0,none,1.0,0.0,1.0,3882.0,,,,,,3882.0,,,,,7825.0,0.0,,,,3372.0,4453.0,,1909.0,,,,,,,,0.0,0.0,,,,9798.0,,9798.0,,,,11707.0,11707.0,,14478.0,-13471.0,1007.0,,,827.0,,,0.0,30.0,-210.0,615.0,-212.0,,,,,,,,615.0,,,,,,,,,,,,,,,,,,,,,,,,,,,,,,,,,,,,,,,,,,,,,,,,,,,,,,,,,,,,,,,,,,,,,,,,,,,,,,,,,,,,,,,,,,,,,,,,,,,,,,,,,,,,,,,,,,,,,,,,,,,,,,,,,,,,,,,,1.0,1153256007541,2015-06-04,,10.0,43.39,F,29501786,12300,4210014,16,15701000001,bryansk,3200,1.0,0.0,34.3188425,53.2956958,house,0.0
3257031091,1.0,none,1.0,0.0,1.0,5608.0,,,,,,5608.0,,,,,15318.0,236.0,,,,15077.0,5.0,,2276.0,,,,,,,,,,,,,18650.0,2083.0,16567.0,,,,20927.0,20927.0,,,-2760.0,-2760.0,,,-1265.0,,,-184.0,3864.0,-2185.0,-1264.0,-1.0,,,,,,,,-1264.0,,,,,,,,,,,,,,,,,,,,,,,,,,,,,,,,,,,,,,,,,,,,,,,,,,,,,,,,,,,,,,,,,,,,,,,,,,,,,,,,,,,,,,,,,,,,,,,,,,,,,,,,,,,,,,,,,,,,,,,,,,,,,,,,,,,,,,,,1.0,1153256007552,2015-06-04,,10.0,46.71,G,29501846,12300,4210014,16,15701000001,bryansk,3200,1.0,0.0,34.3820211,53.2807225,house,0.0
3257031126,1.0,none,1.0,0.0,1.0,13676.0,,,,,,12146.0,,1530.0,,,15051.0,2896.0,,,,5551.0,6604.0,,7562.0,,,,,,,,,,,,,21165.0,,21165.0,,,,28727.0,28727.0,,50325.0,-55723.0,-5398.0,,,178.0,,,,5831.0,-255.0,-669.0,-847.0,,,,,,,,-669.0,,,,,,,,,,,,,,,,,,,,,,,,,,,,,,,,,,,,,,,,,,,,,,,,,,,,,,,,,,,,,,,,,,,,,,,,,,,,,,,,,,,,,,,,,,,,,,,,,,,,,,,,,,,,,,,,,,,,,,,,,,,,,,,,,,,,,,,,1.0,1153256007596,2015-06-05,,10.0,42.21,F,29501875,12300,4210014,16,15701000001,bryansk,3200,1.0,0.0,34.2896195,53.3124906,house,0.0
3257031133,1.0,none,1.0,0.0,1.0,573.0,,,,,,573.0,,,,,13.0,,,,,,13.0,,554.0,,,,,,,,25.0,25.0,,,,7.0,0.0,7.0,,,,586.0,586.0,,3638.0,-3336.0,302.0,,,303.0,,,,16.0,-15.0,258.0,-45.0,,,,,,,,258.0,,,,,,,,,,,,,,,,,,,,,,,,,,,,,,,,,,,,,,,,,,,,,,,,,,,,,,,,,,,,,,,,,,,,,,,,,,,,,,,,,,,,,,,,,,,,,,,,,,,,,,,,,,,,,,,,,,,,,,,,,,,,,,,,,,,,,,,,1.0,1153256007607,2015-06-05,,10.0,82.99,N,29501869,12300,4210014,16,15608443101,bryansk,3200,1.0,0.0,34.191681,53.347698,city,0.0
3257031140,1.0,none,1.0,0.0,0.0,,,,,,,,,,,,1879.0,0.0,,0.0,1010.0,,869.0,,1869.0,10.0,,,,,,1859.0,,,,,,10.0,,10.0,,,,1879.0,1879.0,2958.0,3661.0,-703.0,2958.0,,,2940.0,,,,,-18.0,2898.0,,,,,,,,-42.0,2898.0,,,,,,,,,,,,,,,,,,,,,,,,,,,,,,,,,,,,,,,,,,,,,,,,,,,,,,,,,,,,,,,,,,,,,,,,,,,,,,,,,,,,,,,,,,,,,,,,,,,,,,,,,,,,,,,,,,,,,,,,,,,,,,,,,,,,,,,,0.0,1153256007618,2015-06-05,,10.0,41.20,F,29501987,12300,4210014,16,15701000001,bryansk,3200,1.0,0.0,34.3708505,53.2379806,house,0.0
3257031158,1.0,none,1.0,0.0,1.0,,,,,,,,,,,,2128.0,1888.0,,,,220.0,20.0,,-5590.0,,,,,,,,0.0,0.0,,,0.0,7718.0,463.0,7255.0,,,,2129.0,2129.0,,17031.0,-10229.0,6802.0,,,6824.0,,,,54.0,-32.0,6646.0,-178.0,,,,,,,,6646.0,,,,,,,,,,,,,,,,,,,,,,,,,,,,,,,,,,,,,,,,,,,,,,,,,,,,,,,,,,,,,,,,,,,,,,,,,,,,,,,,,,,,,,,,,,,,,,,,,,,,,,,,,,,,,,,,,,,,,,,,,,,,,,,,,,,,,,,,1.0,1153256007630,2015-06-08,,10.0,85.42.10,P,29502047,75500,4210014,16,15701000001,bryansk,3200,1.0,0.0,34.3498641,53.2720314,house,0.0
3257031207,1.0,none,1.0,0.0,1.0,,,,,,,,,,,,2491.0,,,,,,2491.0,,,,,,,,,,2491.0,,,,2491.0,,,,,,,2491.0,2491.0,,,,,,,,,,,,,,,,,,,,,,,,,,,,,,,,,,,,,,,,,,,,,,,,,,,,,,,,,,,,,,,,,,,,,,,,,,,,,,,,,,,,,,,,,,,,,,,,,,,,,,,,,,,,,,,,,,,,,,,,,,,,,,,,,,,,,,,2056.0,435.0,,,,,,,,,,,,,,,,,,,,,2491.0,1.0,1153256007695,2015-06-08,,10.0,68.32,L,29501935,20700,4210014,16,15701000001,bryansk,3200,1.0,0.0,34.2833849,53.3076472,house,0.0
3257031214,1.0,none,1.0,0.0,1.0,1055.0,,,,,,1055.0,,0.0,,,319.0,,,,,86.0,233.0,,1030.0,,,,,,,,206.0,206.0,,,,138.0,,138.0,,,,1374.0,1374.0,,913.0,-832.0,81.0,,,70.0,,,,0.0,-11.0,36.0,-34.0,,,,,,,,36.0,,,,,,,,,,,,,,,,,,,,,,,,,,,,,,,,,,,,,,,,,,,,,,,,,,,,,,,,,,,,,,,,,,,,,,,,,,,,,,,,,,,,,,,,,,,,,,,,,,,,,,,,,,,,,,,,,,,,,,,,,,,,,,,,,,,,,,,,1.0,1153256007684,2015-06-08,,10.0,69.20,M,29501970,12300,4210014,16,15701000001,bryansk,3200,1.0,0.0,34.3259363,53.2544305,house,0.0
3257031278,1.0,none,1.0,0.0,1.0,29733.0,,,,,,29733.0,,0.0,,,60581.0,17185.0,,,,41532.0,1864.0,,31919.0,,,,,,,,13649.0,13649.0,,,,44746.0,,44746.0,,,,90314.0,90314.0,,103511.0,-105211.0,-1700.0,,,782.0,,,-1792.0,5146.0,-872.0,782.0,0.0,,,,,,,,782.0,,,,,,,,,,,,,,,,,,,,,,,,,,,,,,,,,,,,,,,,,,,,,,,,,,,,,,,,,,,,,,,,,,,,,,,,,,,,,,,,,,,,,,,,,,,,,,,,,,,,,,,,,,,,,,,,,,,,,,,,,,,,,,,,,,,,,,,,1.0,1153256007794,2015-06-10,,10.0,86.90.90,Q,29502188,12300,4210014,16,15701000001,bryansk,3200,1.0,0.0,34.4586877,53.208204,house,0.0
3257031334,1.0,none,1.0,0.0,0.0,3535.0,,,,,,3535.0,,0.0,,,42945.0,7258.0,,431.0,6853.0,28367.0,0.0,36.0,8030.0,412.0,,,2601.0,21576.0,76.0,-16635.0,28392.0,28392.0,,,0.0,10058.0,3882.0,6176.0,,0.0,,46480.0,46480.0,0.0,0.0,0.0,-2560.0,,-2560.0,17.0,,3781.0,-1334.0,383.0,-253.0,14.0,-3.0,-3.0,,,,,,,13.0,,-1.0,,,,,,,,,,,,,,,,,,,,,,,,,,,,,,,,,,,,,,,,,,,,,,,,,,,,,,,,,,,,,,,,,,,,,,,,,,,,,,,,,,,,,,,,,,,,,,,,,,,,,,,,,,,,,,,,,,,,,,,,,,,,,,,,,,,,,,0.0,1153256007882,2015-06-11,,10.0,01.11,A,29502254,12300,4210014,16,56651101001,penza,5800,1.0,0.0,43.6788853,53.5287763,house,0.0
3257031373,1.0,none,1.0,0.0,1.0,1084.0,,,,,,1084.0,,,,,1077.0,93.0,,,,984.0,0.0,,1728.0,,,,,,,,,,,,,433.0,,433.0,,,,2161.0,2161.0,,11418.0,-10476.0,942.0,,,698.0,,,,0.0,-244.0,549.0,-149.0,,,,,,,,549.0,,,,,,,,,,,,,,,,,,,,,,,,,,,,,,,,,,,,,,,,,,,,,,,,,,,,,,,,,,,,,,,,,,,,,,,,,,,,,,,,,,,,,,,,,,,,,,,,,,,,,,,,,,,,,,,,,,,,,,,,,,,,,,,,,,,,,,,,1.0,1153256007948,2015-06-11,,10.0,49.41,H,29502308,12300,4210014,16,15701000001,bryansk,3200,0.0,0.0,34.4331125,53.2100464,house,0.0
3257031398,1.0,none,1.0,0.0,1.0,,,,,,,,,,,,1282.0,1077.0,,,,,205.0,,10.0,,,,,,,,,,,,,1272.0,,,,,1272.0,1282.0,1282.0,,14671.0,-13611.0,1060.0,,,1060.0,,,0.0,0.0,0.0,1060.0,0.0,,,,,,,,1060.0,,,,,,,,,,,,,,,,,,,,,,,,,,,,,,,,,,,,,,,,,,,,,,,,,,,,,,,,,,,,,,,,,,,,,,,,,,,,,,,,,,,,,,,,,,,,,,,,,,,,,,,,,,,,,,,,,,,,,,,,,,,,,,,,,,,,,,,,1.0,1153256008047,2015-06-15,,10.0,47.73,G,29502538,12300,4210014,16,15701000001,bryansk,3200,1.0,0.0,34.3222297,53.2193523,house,0.0
3257031454,1.0,none,1.0,0.0,1.0,596.0,,,,,,73.0,,523.0,,,1431.0,3.0,,,,809.0,619.0,,1899.0,,,,,,,,,,,,,128.0,,128.0,,,,2027.0,2027.0,,6585.0,-6265.0,320.0,,,295.0,,,,0.0,-25.0,230.0,-65.0,,,,,,,,230.0,,,,,,,,,,,,,,,,,,,,,,,,,,,,,,,,,,,,,,,,,,,,,,,,,,,,,,,,,,,,,,,,,,,,,,,,,,,,,,,,,,,,,,,,,,,,,,,,,,,,,,,,,,,,,,,,,,,,,,,,,,,,,,,,,,,,,,,,1.0,1153256008168,2015-06-16,,10.0,86.10,Q,29502509,12300,4210014,16,15701000001,bryansk,3200,1.0,0.0,34.364215,53.2588838,house,0.0
3257031461,1.0,none,1.0,0.0,1.0,,,,,,,,,,,,198.0,189.0,,,,8.0,1.0,,175.0,,,,,,,,,,,,,23.0,,23.0,,,,198.0,198.0,,990.0,-946.0,44.0,,,24.0,,,,,-20.0,12.0,-12.0,,,,,,,,12.0,,,,,,150.0,150.0,,,163.0,163.0,153.0,153.0,,,,,,,,,,,,,,,,,,163.0,175.0,12.0,12.0,,,,,,,,,,,,,,,,,,,,,,,,,,,,,,,-1.0,1010.0,990.0,,,,20.0,,-1011.0,-845.0,-146.0,,0.0,-20.0,,,,,,,,,,,,,,,,,0.0,,,,,,,,,,,,,,-1.0,2.0,,1.0,,,,,,,,,,,,,,,,,,,,,,,,1.0,1153256008157,2015-06-16,,10.0,72.20,M,29502372,12300,4210014,16,15701000001,bryansk,3200,1.0,0.0,34.3741847,53.2550091,house,0.0
3257031503,1.0,none,1.0,0.0,0.0,2601.0,,0.0,,,,66.0,0.0,2535.0,,0.0,15374.0,269.0,,0.0,10212.0,0.0,693.0,4200.0,10414.0,,,,4870.0,,0.0,5544.0,0.0,0.0,,,0.0,7561.0,0.0,7561.0,,,,17975.0,17975.0,2110.0,15689.0,-13579.0,437.0,,-1673.0,343.0,,0.0,0.0,43.0,-137.0,-24.0,-181.0,,,,,,,-186.0,-24.0,0.0,,,,,8450.0,8450.0,,,10190.0,10190.0,9362.0,9362.0,,,,,,,,,,,,,,,,,-7621.0,10190.0,10414.0,120.0,120.0,,,,,,,,,,,,,,,,,105.0,,,,,,,,,,,,,,-793.0,975.0,,,,,975.0,,-1768.0,-1518.0,,,,-250.0,,,,,,,,,,,,,,,,,-266.0,,,,,,,,-266.0,,,-266.0,,,-1059.0,1753.0,,694.0,,,,,,,,,,,,,,,,,,,,,,,,1.0,1153256008201,2015-06-16,,10.0,43.22,F,29502395,12300,4210014,16,15701000001,bryansk,3200,1.0,0.0,34.2813104,53.3063485,house,0.0
3257031535,1.0,none,1.0,0.0,1.0,0.0,,,,,,,,0.0,,,361.0,,,,,357.0,4.0,,344.0,,,,,,,,,,,,,17.0,,17.0,,,,361.0,361.0,,409.0,-259.0,150.0,,,-43.0,,,,0.0,-193.0,-51.0,-8.0,,,,,,,,-51.0,,,,,,,,,,,,,,,,,,,,,,,,,,,,,,,,,,,,,,,,,,,,,,,,,,,,,,,,,,,,,,,,,,,,,,,,,,,,,,,,,,,,,,,,,,,,,,,,,,,,,,,,,,,,,,,,,,,,,,,,,,,,,,,,,,,,,,,,1.0,1153256008234,2015-06-17,,10.0,71.12.70,M,29502573,12300,4210014,16,15701000001,bryansk,3200,1.0,0.0,34.2888135,53.3328842,house,0.0
3257031581,1.0,none,1.0,0.0,0.0,,,,,,,,,,,,22021.0,4803.0,,1601.0,13459.0,1360.0,789.0,9.0,-488.0,10.0,,,,,,-498.0,15821.0,15821.0,,,,6688.0,,6688.0,,,,22021.0,22021.0,35969.0,244569.0,-208600.0,4243.0,-18828.0,-12898.0,2617.0,,1186.0,0.0,,-2812.0,1957.0,-660.0,-660.0,,,,,,0.0,1957.0,,,,,,,,,,,,,,,,,,,,,,,,,,,,,,,,,,,,,,,,,,,,,,,,,,,,,,,,,,,,,,,,,,,,,,,,,,,,,,,,,,,,,,,,,,,,,,,,,,,,,,,,,,,,,,,,,,,,,,,,,,,,,,,,,,,,,,,,0.0,1153256008366,2015-06-18,,10.0,38.32.30,E,29502745,12300,4210014,16,15701000001,bryansk,3200,1.0,0.0,34.4139068,53.222164,house,0.0
3257031599,1.0,none,1.0,0.0,0.0,0.0,,0.0,,,,0.0,0.0,0.0,,0.0,391.0,0.0,,391.0,0.0,0.0,0.0,0.0,391.0,10.0,,,0.0,,0.0,381.0,0.0,0.0,,,0.0,0.0,0.0,0.0,,,,391.0,391.0,,,,,,,0.0,,0.0,0.0,0.0,0.0,0.0,,,,,,,,,0.0,0.0,,,,,391.0,391.0,,,391.0,391.0,,,,,,,,,,,,,,,,,,,,391.0,391.0,,,,,,,,,,,,,,,,,,,,,,,,,,,,,,,,,,,,,,,,,,,,,,,,,,,,,,,,,,,,,,,,,,,,,,,,,,,,,,,,,,,,,,,,,,,,,,,,,,,,,,,,1.0,1153256008377,2015-06-19,,10.0,46.73.60,G,29502863,12300,4210014,16,15701000001,bryansk,3200,1.0,0.0,34.4197889,53.2061953,house,0.0
3257031655,1.0,none,1.0,0.0,1.0,,,,,,,,,,,,1300.0,55.0,,,,1075.0,170.0,,1288.0,,,,,,,,,,,,,12.0,0.0,12.0,,,,1300.0,1300.0,,452.0,-10.0,442.0,,,441.0,,,,,-1.0,414.0,-27.0,,,,,,,,414.0,,,,,,,,,,,,,,,,,,,,,,,,,,,,,,,,,,,,,,,,,,,,,,,,,,,,,,,,,,,,,,,,,,,,,,,,,,,,,,,,,,,,,,,,,,,,,,,,,,,,,,,,,,,,,,,,,,,,,,,,,,,,,,,,,,,,,,,,1.0,1153256008476,2015-06-22,,10.0,62.09,J,29502998,12300,4210014,16,15701000001,bryansk,3200,1.0,0.0,34.2812963,53.3137438,house,0.0
3257031662,1.0,none,1.0,0.0,0.0,,,,,,,,,,,,10.0,,,,10.0,,,,10.0,10.0,,,,,,,,,,,,,,,,,,10.0,10.0,,,,,,,,,,,,,,,,,,,,,,0.0,,,,,,,,,,,,,,,,,,,,,,,,,,,,,,,,,,,,,,,,,,,,,,,,,,,,,,,,,,,,,,,,,,,,,,,,,,,,,,,,,,,,,,,,,,,,,,,,,,,,,,,,,,,,,0.0,0.0,,0.0,0.0,,,,,,,,,,,,,,,,,,,,,,0.0,0.0,1153256008498,2015-06-22,,10.0,28.14,C,29502934,12300,4210014,16,15701000001,bryansk,3200,1.0,0.0,34.4183461,53.2006293,house,0.0
3257031670,1.0,none,1.0,0.0,1.0,,,,,,,,,,,,5369.0,4822.0,,,,0.0,547.0,,-4267.0,,,,,,,,8703.0,8703.0,,,,933.0,,933.0,,,,5369.0,5369.0,,5071.0,-4625.0,446.0,,,341.0,,,,3.0,-108.0,126.0,-215.0,,,,,,,,126.0,,,,,,,,,,,,,,,,,,,,,,,,,,,,,,,,,,,,,,,,,,,,,,,,,,,,,,,,,,,,,,,,,,,,,,,,,,,,,,,,,,,,,,,,,,,,,,,,,,,,,,,,,,,,,,,,,,,,,,,,,,,,,,,,,,,,,,,,1.0,1153256008487,2015-06-22,,10.0,93.29.20,R,29502923,12300,4210014,16,15701000001,bryansk,3200,1.0,0.0,34.368776,53.2366392,house,0.0
3257031687,1.0,none,1.0,0.0,0.0,,,,,,,,,,,,7117.0,,,2654.0,4463.0,,,,2498.0,2000.0,,,,,,498.0,,,,,,4619.0,,4619.0,,,,7117.0,7117.0,0.0,0.0,0.0,0.0,,,0.0,,,,,,0.0,0.0,0.0,,,,,,,0.0,,,,,,,,,,,,,,,,,,,,,,,,,,,,,,,,,,,,,,,,,,,,,,,,,,,,,,,,,,,,,,,,,,,,,,,,,,,,,,,,,,,,,,,,,,,,,,,,,,,,,,,,,,,,,,,,,,,,,,,,,,,,,,,,,,,,,,,,0.0,1153256008510,2015-06-22,,10.0,46.74,G,29502952,12300,4210014,16,15701000001,bryansk,3200,1.0,0.0,34.4183461,53.2006293,house,0.0
3257031704,1.0,none,1.0,0.0,0.0,0.0,,0.0,,0.0,0.0,0.0,,0.0,0.0,0.0,57.0,0.0,,0.0,6.0,0.0,51.0,0.0,57.0,10.0,0.0,,,0.0,0.0,47.0,0.0,0.0,0.0,0.0,0.0,0.0,0.0,0.0,0.0,0.0,0.0,57.0,57.0,141.0,1602.0,-1461.0,74.0,-67.0,0.0,57.0,0.0,0.0,0.0,0.0,-17.0,43.0,-14.0,-14.0,0.0,,,,,0.0,43.0,0.0,0.0,0.0,0.0,0.0,,,,,,,,,,,,,,,,,,,,,,,,,,,,,,,,,,,,,,,,,,,,,,,,,,,,,,,,,,,,,,,,,,,,,,,,,,,,,,,,,,,,,,,,,,,,,,,,,,,,,,,,,,,,,,,,,,,,,,,,,,,,,,,,,,,0.0,1153256008542,2015-06-22,,10.0,43.22,F,29503029,12300,4210014,16,15701000001,bryansk,3200,1.0,0.0,34.2687081,53.3078355,house,0.0
3257031711,1.0,none,1.0,0.0,0.0,497.0,,,,,,,,497.0,,,3609.0,11.0,,508.0,2855.0,0.0,235.0,,1574.0,500.0,,,,,,1074.0,120.0,120.0,,,,2412.0,,2412.0,,,,4106.0,4106.0,804.0,1952.0,-1148.0,429.0,-375.0,,100.0,,,,0.0,-329.0,75.0,-25.0,-25.0,,,,,,,75.0,,,,,,,,,,,,,,,,,,,,,,,,,,,,,,,,,,,,,,,,,,,,,,,,,,,,,,,,,,,,,,,,,,,,,,,,,,,,,,,,,,,,,,,,,,,,,,,,,,,,,,,,,,,,,,,,,,,,,,,,,,,,,,,,,,,,,,,,0.0,1153256008553,2015-06-22,,10.0,46.90,G,29502975,12300,4210014,16,15701000001,bryansk,3200,1.0,0.0,34.4183461,53.2006293,house,0.0
3257031750,1.0,none,1.0,0.0,1.0,,,,,,,,,,,,13414.0,12593.0,,,,334.0,487.0,,3281.0,,,,,,,,,,,,,10133.0,9996.0,137.0,,,,13414.0,13414.0,,2350.0,-2362.0,-12.0,,,-83.0,,,,0.0,-71.0,-119.0,-36.0,,,,,,,,-119.0,,,,,,,,,,,,,,,,,,,,,,,,,,,,,,,,,,,,,,,,,,,,,,,,,,,,,,,,,,,,,,,,,,,,,,,,,,,,,,,,,,,,,,,,,,,,,,,,,,,,,,,,,,,,,,,,,,,,,,,,,,,,,,,,,,,,,,,,1.0,1153256008620,2015-06-23,,10.0,46.47.10,G,29503153,12300,4210014,16,15701000001,bryansk,3200,1.0,0.0,34.2866008,53.3118916,house,0.0
3257031775,1.0,none,1.0,0.0,1.0,,,,,,,,,,,,23.0,11.0,,,,12.0,0.0,,14.0,,,,,,,,,,,,,9.0,,9.0,,,,23.0,23.0,,1955.0,-1701.0,254.0,,,254.0,,,,,,216.0,-38.0,,,,,,,,216.0,,,,,,,,,,,,,,,,,,,,,,,,,,,,,,,,,,,,,,,,,,,,,,,,,,,,,,,,,,,,,,,,,,,,,,,,,,,,,,,,,,,,,,,,,,,,,,,,,,,,,,,,,,,,,,,,,,,,,,,,,,,,,,,,,,,,,,,,1.0,1153256008641,2015-06-23,,10.0,95.21,S,29503064,12300,4210014,16,15701000001,bryansk,3200,1.0,0.0,34.3515933,53.2371781,house,0.0
3257031824,1.0,none,1.0,0.0,1.0,,,,,,,,,,,,1.0,,,,,0.0,1.0,,-140.0,,,,,,,,141.0,141.0,,,,1.0,0.0,1.0,,,,1.0,1.0,,,-15.0,-15.0,,,-16.0,,,,,-1.0,-16.0,,,,,,,,,-16.0,,,,,,,,,,,,,,,,,,,,,,,,,,,,,,,,,,,,,,,,,,,,,,,,,,,,,,,,,,,,,,,,,,,,,,,,,,,,,,,,,,,,,,,,,,,,,,,,,,,,,,,,,,,,,,,,,,,,,,,,,,,,,,,,,,,,,,,,1.0,1153256008696,2015-06-24,,10.0,74.20,M,29503302,12300,4210014,16,15701000001,bryansk,3200,1.0,0.0,34.2909236,53.3003732,house,0.0
3257031870,1.0,none,1.0,0.0,1.0,0.0,,,,,,0.0,,,,,11526.0,465.0,,,,2542.0,8519.0,,9463.0,,,,,,,,,,,,,2063.0,,2063.0,,,,11526.0,11526.0,,67749.0,-59346.0,8403.0,,,7874.0,,,,674.0,-1203.0,6598.0,-1276.0,,,,,,,,6598.0,,,,,,,,,,,,,,,,,,,,,,,,,,,,,,,,,,,,,,,,,,,,,,,,,,,,,,,,,,,,,,,,,,,,,,,,,,,,,,,,,,,,,,,,,,,,,,,,,,,,,,,,,,,,,,,,,,,,,,,,,,,,,,,,,,,,,,,,1.0,1153256008751,2015-06-24,,10.0,70.22,M,29503199,12300,4210014,16,15701000001,bryansk,3200,1.0,0.0,34.3813405,53.2493108,house,0.0
3257031895,1.0,none,1.0,0.0,1.0,2330.0,,,,,,2330.0,,,,,43102.0,5924.0,,,,23117.0,14061.0,,15610.0,,,,,,,,0.0,0.0,,,,29822.0,,29822.0,,,,45432.0,45432.0,,54542.0,-49570.0,4972.0,,,4250.0,,,,0.0,-722.0,3709.0,-541.0,,,,,,,,3709.0,,,,,,,,,,,,,,,,,,,,,,,,,,,,,,,,,,,,,,,,,,,,,,,,,,,,,,,,,,,,,,,,,,,,,,,,,,,,,,,,,,,,,,,,,,,,,,,,,,,,,,,,,,,,,,,,,,,,,,,,,,,,,,,,,,,,,,,,1.0,1153256008773,2015-06-25,,10.0,86.10,Q,29503348,12300,4210014,16,15701000001,bryansk,3200,1.0,0.0,34.3511326,53.2715245,house,0.0
3257031920,1.0,none,1.0,0.0,1.0,31563.0,,,,,,31563.0,,,,,80081.0,1418.0,,,,76238.0,2425.0,,7905.0,,,,,,,,2535.0,2535.0,,,,101204.0,261.0,100943.0,,,,111644.0,111644.0,,170352.0,-163414.0,6938.0,,,7480.0,,,-376.0,28215.0,-27297.0,6367.0,-1113.0,,,,,,,,6367.0,,,,,,,,,,,,,,,,,,,,,,,,,,,,,,,,,,,,,,,,,,,,,,,,,,,,,,,,,,,,,,,,,,,,,,,,,,,,,,,,,,,,,,,,,,,,,,,,,,,,,,,,,,,,,,,,,,,,,,,,,,,,,,,,,,,,,,,,1.0,1153256008850,2015-06-29,,10.0,46.73.60,G,29503420,12300,4210014,16,15701000001,bryansk,3200,1.0,0.0,34.2999392,53.306206,house,0.0
3257031937,1.0,none,1.0,0.0,1.0,0.0,,,,,,,,0.0,,,13415.0,1944.0,,,,10513.0,958.0,,1038.0,,,,,,,,,,,,,12377.0,,12377.0,,,,13415.0,13415.0,,2992.0,-2862.0,130.0,,,58.0,,,,,-72.0,44.0,-14.0,,,,,,,,44.0,,,,,,,,,,,,,,,,,,,,,,,,,,,,,,,,,,,,,,,,,,,,,,,,,,,,,,,,,,,,,,,,,,,,,,,,,,,,,,,,,,,,,,,,,,,,,,,,,,,,,,,,,,,,,,,,,,,,,,,,,,,,,,,,,,,,,,,,1.0,1153256008861,2015-06-30,,10.0,52.29,H,29503503,12300,4210014,16,15701000001,bryansk,3200,1.0,0.0,34.3553341,53.2344863,house,0.0
3257031969,1.0,none,1.0,0.0,1.0,,,,,,,,,,,,221831.0,40316.0,,,,181111.0,404.0,,26319.0,,,,,,,,,,,,,195512.0,729.0,194783.0,,,,221831.0,221831.0,,290156.0,-270551.0,19605.0,,,13082.0,,,,1062.0,-7585.0,9513.0,-3569.0,,,,,,,,9513.0,,,,,,,,,,,,,,,,,,,,,,,,,,,,,,,,,,,,,,,,,,,,,,,,,,,,,,,,,,,,,,,,,,,,,,,,,,,,,,,,,,,,,,,,,,,,,,,,,,,,,,,,,,,,,,,,,,,,,,,,,,,,,,,,,,,,,,,,1.0,1153256008883,2015-06-30,,10.0,46.69,G,29503489,12300,4210014,16,15701000001,bryansk,3200,1.0,0.0,34.2777925,53.3167236,house,0.0
3257031976,1.0,none,1.0,0.0,0.0,30.0,,0.0,,,,0.0,0.0,30.0,,0.0,46736.0,18696.0,,0.0,15256.0,12700.0,84.0,0.0,30162.0,10.0,,,0.0,,0.0,30152.0,0.0,0.0,,,0.0,16604.0,0.0,16604.0,,,,46766.0,46766.0,21457.0,191507.0,-170050.0,21457.0,,,21041.0,,123.0,0.0,0.0,-539.0,17885.0,-3156.0,,,,,,,,17885.0,0.0,,,,,,,,,,,,,,,,,,,,,,,,,,,,,,,,,,,,,,,,,,,,,,,,,,,,,,,,,,,,,,,,,,,,,,,,,,,,,,,,,,,,,,,,,,,,,,,,,,,,,,,,,,,,,,,,,,,,,,,,,,,,,,,,,,,,,,,0.0,1153256008916,2015-07-01,,10.0,69.10,M,29503532,12300,4210014,16,15701000001,bryansk,3200,1.0,0.0,34.3649689,53.2597411,house,0.0
3257031983,1.0,none,1.0,0.0,1.0,0.0,,,,,,0.0,,,,,4604.0,3.0,,,,4587.0,14.0,,3682.0,,,,,,,,,,,,,923.0,0.0,923.0,,,,4605.0,4605.0,,5478.0,-7380.0,-1902.0,,,2221.0,,,-50.0,4358.0,-185.0,1869.0,-352.0,,,,,,,,1869.0,,,,,,,,,,,,,,,,,,,,,,,,,,,,,,,,,,,,,,,,,,,,,,,,,,,,,,,,,,,,,,,,,,,,,,,,,,,,,,,,,,,,,,,,,,,,,,,,,,,,,,,,,,,,,,,,,,,,,,,,,,,,,,,,,,,,,,,,1.0,1153256008938,2015-07-01,,10.0,71.12.90,M,00501529,12300,4210014,16,15701000001,bryansk,3200,1.0,0.0,34.354179,53.2333335,street,0.0
3257032024,1.0,none,1.0,0.0,0.0,3905.0,,0.0,,,,3535.0,,,370.0,,48128.0,328.0,,,27554.0,,20246.0,0.0,46068.0,100.0,,,,,,45968.0,,,,,,5965.0,126.0,4358.0,,1481.0,,52033.0,52033.0,69759.0,206792.0,-137033.0,18401.0,,-51358.0,15484.0,,428.0,-2.0,232.0,-3575.0,10684.0,-4800.0,-4858.0,58.0,,,,,,10684.0,,,,,,21172.0,21172.0,,,35384.0,35384.0,17087.0,17087.0,,,,,,,-2875.0,,,,,,,-2875.0,,,,35384.0,46068.0,10684.0,10684.0,,,,,,,,,,,,,,,,,,,,,,,,,,,,,,,10289.0,162712.0,162539.0,,,,173.0,,-152423.0,-108474.0,-30388.0,0.0,-4858.0,-8703.0,,0.0,,,,,,,,0.0,0.0,,,,,,0.0,0.0,0.0,,,,,,0.0,,0.0,0.0,,,10289.0,9957.0,,20246.0,,,,,,,,,,,,,,,,,,,,,,,,1.0,1153256009004,2015-07-03,,10.0,52.29,H,29503638,12300,4210014,16,22701000001,nizhni novgorod,5200,1.0,0.0,43.9698368,56.2526351,house,0.0
3257032063,1.0,none,1.0,0.0,1.0,0.0,,,,,,0.0,,,,,10974.0,9046.0,,,,1927.0,1.0,,9446.0,,,,,,,,0.0,0.0,,,,1528.0,0.0,1528.0,,,,10974.0,10974.0,,13217.0,-12801.0,416.0,,,416.0,,,,,,312.0,-104.0,,,,,,,,312.0,,,,,,,,,,,,,,,,,,,,,,,,,,,,,,,,,,,,,,,,,,,,,,,,,,,,,,,,,,,,,,,,,,,,,,,,,,,,,,,,,,,,,,,,,,,,,,,,,,,,,,,,,,,,,,,,,,,,,,,,,,,,,,,,,,,,,,,,1.0,1153256009060,2015-07-06,,10.0,23.63,C,29503680,12300,4210014,16,15701000001,bryansk,3200,1.0,0.0,34.3813405,53.2493108,house,0.0
3257032137,1.0,none,1.0,0.0,1.0,,,,,,,,,,,,338.0,,,,,242.0,96.0,,279.0,,,,,,,,,,,,,59.0,,59.0,,,,338.0,338.0,,2738.0,-2708.0,30.0,,,30.0,,,0.0,0.0,0.0,-52.0,-82.0,,,,,,,,-52.0,,,,,,,,,,,,,,,,,,,,,,,,,,,,,,,,,,,,,,,,,,,,,,,,,,,,,,,,,,,,,,,,,,,,,,,,,,,,,,,,,,,,,,,,,,,,,,,,,,,,,,,,,,,,,,,,,,,,,,,,,,,,,,,,,,,,,,,,1.0,1153256009169,2015-07-08,,10.0,68.31.10,L,29503816,12300,4210014,16,15701000001,bryansk,3200,1.0,0.0,34.3306449,53.2612802,house,0.0
3257032190,1.0,none,1.0,0.0,1.0,,,,,,,,,,,,451.0,,,,,94.0,357.0,,413.0,,,,,,,,,,,,,38.0,,38.0,,,,451.0,451.0,,1389.0,-1009.0,380.0,,,362.0,,,,,-18.0,323.0,-39.0,,,,,,,,323.0,,,,,,,,,,,,,,,,,,,,,,,,,,,,,,,,,,,,,,,,,,,,,,,,,,,,,,,,,,,,,,,,,,,,,,,,,,,,,,,,,,,,,,,,,,,,,,,,,,,,,,,,,,,,,,,,,,,,,,,,,,,,,,,,,,,,,,,,1.0,1153256009268,2015-07-09,,10.0,71.20,M,29503911,12300,4210014,16,15701000001,bryansk,3200,1.0,0.0,34.3190387,53.26401,house,0.0
3257032200,1.0,none,1.0,0.0,0.0,,,,,,,,,,,,,,,,,,,,0.0,10000.0,,,,,,,,,,,,,,,,,,0.0,0.0,,,,,,,,,,,,,,,,,,,,,,,,,,,,,,,,,,,,,,,,,,,,,,,,,,,,,,,,,,,,,,,,,,,,,,,,,,,,,,,,,,,,,,,,,,,,,,,,,,,,,,,,,,,,,,,,,,,,,,,,,,,,,,,,,,,,,,,,,,,,,,,,,,,,,,,,,,,,,,,1153256009257,2015-07-09,2025-10-21,10.0,41.20,F,29503963,12300,4210014,16,15701000001,bryansk,3200,0.0,0.0,34.3347731,53.2427559,house,0.0
3257032232,1.0,none,1.0,0.0,1.0,,,,,,,,,,,,198.0,,,,,197.0,1.0,,198.0,,,,,,,,,,,,,,,,,,,198.0,198.0,,,,,,,,,,,,,,,,,,,,,,,,,,,,,,,,,,,,,,,,,,,,,,,,,,,,,,,,,,,,,,,,,,,,,,,,,,,,,,,,,,,,,,,,,,,,,,,,,,,,,,,,,,,,,,,,,,,,,,,,,,,,,,,,,,,,,,,,,,,,,,,,,,,,,,,,,,,,,,1.0,1153256009312,2015-07-09,,10.0,33.14,C,29503957,12300,4210014,16,15701000001,bryansk,3200,1.0,0.0,34.372517,53.255633,house,0.0
3257032257,1.0,none,1.0,0.0,1.0,,,,,,,,,,,,439.0,0.0,,,,258.0,181.0,,-1097.0,,,,,,,,1400.0,1400.0,,,,136.0,0.0,136.0,,,,439.0,439.0,,4633.0,-4276.0,357.0,,,324.0,,,,,-33.0,115.0,-209.0,,,,,,,,115.0,,,,,,,,,,,,,,,,,,,,,,,,,,,,,,,,,,,,,,,,,,,,,,,,,,,,,,,,,,,,,,,,,,,,,,,,,,,,,,,,,,,,,,,,,,,,,,,,,,,,,,,,,,,,,,,,,,,,,,,,,,,,,,,,,,,,,,,,1.0,1153256009334,2015-07-09,,10.0,63.11.10,J,29503905,12300,4210014,16,15701000001,bryansk,3200,1.0,0.0,34.3717551,53.2505527,house,0.0
3257032306,1.0,none,1.0,0.0,0.0,22992.0,,,,,,22992.0,,,,,20899.0,12855.0,,801.0,5357.0,,1886.0,,25310.0,10.0,,,,,,25300.0,,,,,,18581.0,6256.0,12325.0,,,,43891.0,43891.0,12542.0,215118.0,-202576.0,-3077.0,-15619.0,,-3147.0,,,,24.0,-94.0,-3200.0,-53.0,-53.0,,,,,,,-3200.0,,,,,,,,,,,,,,,,,,,,,,,,,,,,,,,,,,,,,,,,,,,,,,,,,,,,,,,,,,,,,,,,,,,,,,,,,,,,,,,,,,,,,,,,,,,,,,,,,,,,,,,,,,,,,,,,,,,,,,,,,,,,,,,,,,,,,,,,0.0,1153256009411,2015-07-10,,10.0,46.73.30,G,29504081,12300,4210014,16,15701000056,bryansk,3200,1.0,0.0,34.8086813,52.4225671,house,0.0
3257032320,1.0,none,1.0,0.0,1.0,9359.0,,,,,,9294.0,,65.0,,,86865.0,13194.0,,,,63173.0,10498.0,,1725.0,,,,,,,,,,,,,94499.0,,94499.0,,,,96224.0,96224.0,,134459.0,-130570.0,3889.0,,,1959.0,,,0.0,0.0,-1930.0,1777.0,-182.0,,,,,,,,1777.0,,,,,,,,,,,,,,,,,,,,,,,,,,,,,,,,,,,,,,,,,,,,,,,,,,,,,,,,,,,,,,,,,,,,,,,,,,,,,,,,,,,,,,,,,,,,,,,,,,,,,,,,,,,,,,,,,,,,,,,,,,,,,,,,,,,,,,,,1.0,1153256009444,2015-07-10,,10.0,28.12,C,29504046,12300,4210011,24,46533000617,moscow reg.,5000,1.0,0.0,36.9998144,55.813706,house,0.0
3257032352,1.0,none,1.0,0.0,1.0,0.0,,,,,,,,0.0,,,3631.0,591.0,,,,3015.0,25.0,,152.0,,,,,,,,,,,,,3479.0,764.0,2715.0,,,,3631.0,3631.0,,28974.0,-26898.0,2076.0,,,953.0,,,-601.0,195.0,-717.0,45.0,-908.0,,,,,,,,45.0,,,,,,,,,,,,,,,,,,,,,,,,,,,,,,,,,,,,,,,,,,,,,,,,,,,,,,,,,,,,,,,,,,,,,,,,,,,,,,,,,,,,,,,,,,,,,,,,,,,,,,,,,,,,,,,,,,,,,,,,,,,,,,,,,,,,,,,,1.0,1153256009488,2015-07-14,,10.0,43.29,F,29504170,12300,4210014,16,15701000001,bryansk,3200,1.0,0.0,34.3333559,53.2631317,house,0.0
3257032507,1.0,none,1.0,0.0,1.0,,,,,,,,,,,,6068.0,,,,,5875.0,193.0,,193.0,,,,,,,,3875.0,3875.0,,,,2000.0,200.0,1800.0,,,,6068.0,6068.0,,6068.0,-5590.0,478.0,,,478.0,,,,,,406.0,-72.0,,,,,,,,406.0,,,,,,,,,,,,,,,,,,,,,,,,,,,,,,,,,,,,,,,,,,,,,,,,,,,,,,,,,,,,,,,,,,,,,,,,,,,,,,,,,,,,,,,,,,,,,,,,,,,,,,,,,,,,,,,,,,,,,,,,,,,,,,,,,,,,,,,,1.0,1153256009664,2015-07-17,,10.0,46.90,G,29504307,12300,4210014,16,15701000001,bryansk,3200,1.0,0.0,34.3272625,53.2586775,house,0.0
3257032553,1.0,none,1.0,0.0,0.0,68.0,,,,,,68.0,,,,,148239.0,96981.0,,,29301.0,,21957.0,,133283.0,10.0,,,,,,133273.0,,,,,,15024.0,3374.0,11650.0,,,,148307.0,148307.0,54629.0,252439.0,-197810.0,17058.0,-21074.0,-16497.0,16903.0,,,,332.0,-487.0,13178.0,,,,,,,,-3725.0,13178.0,,,,,,,,,,,,,,,,,,,,,,,,,,,,,,,,,,,,,,,,,,,,,,,,,,,,,,,,,,,,,,,,,,,,,,,,,,,,,,,,,,,,,,,,,,,,,,,,,,,,,,,,,,,,,,,,,,,,,,,,,,,,,,,,,,,,,,,,0.0,1153256009752,2015-07-21,,10.0,47.52.70,G,29504514,12300,4210014,16,15608463101,bryansk,3200,1.0,0.0,34.3096595,53.2137917,street,0.0
3257032673,1.0,none,1.0,0.0,1.0,2700.0,,,,,,,,2700.0,,,8060.0,0.0,,,,3903.0,4157.0,,1883.0,,,,,,,,8100.0,8100.0,,,,777.0,,777.0,,,,10760.0,10760.0,,55949.0,-55330.0,619.0,,,-603.0,,,-598.0,,-624.0,-687.0,-84.0,,,,,,,,-687.0,,,,,,,,,,,,,,,,,,,,,,,,,,,,,,,,,,,,,,,,,,,,,,,,,,,,,,,,,,,,,,,,,,,,,,,,,,,,,,,,,,,,,,,,,,,,,,,,,,,,,,,,,,,,,,,,,,,,,,,,,,,,,,,,,,,,,,,,1.0,1153256009917,2015-07-23,,10.0,46.21,G,29504632,12300,4210014,16,15701000001,bryansk,3200,1.0,0.0,34.4266512,53.2144774,house,0.0
3257032698,1.0,none,1.0,0.0,1.0,,,,,,,,,,,,1754.0,972.0,,,,589.0,193.0,,1522.0,,,,,,,,,,,,,232.0,50.0,182.0,,,,1754.0,1754.0,,6268.0,-5800.0,468.0,,,441.0,,,,,-27.0,331.0,-110.0,,,,,,,,331.0,,,,,,,,,,,,,,,,,,,,,,,,,,,,,,,,,,,,,,,,,,,,,,,,,,,,,,,,,,,,,,,,,,,,,,,,,,,,,,,,,,,,,,,,,,,,,,,,,,,,,,,,,,,,,,,,,,,,,,,,,,,,,,,,,,,,,,,,1.0,1153256009939,2015-07-23,,10.0,46.73.60,G,29504684,12300,4210014,16,15701000001,bryansk,3200,1.0,0.0,34.3616303,53.2641729,house,0.0
3257032708,1.0,none,1.0,0.0,1.0,,,,,,,,,,,,426.0,,,,,,426.0,,132.0,,,,,,,,,,,,,294.0,,294.0,,,,426.0,426.0,,1313.0,-1195.0,118.0,,,118.0,,,,,,103.0,-15.0,,,,,,,,103.0,,,,,,,,,,,,,,,,,,,,,,,,,,,,,,,,,,,,,,,,,,,,,,,,,,,,,,,,,,,,,,,,,,,,,,,,,,,,,,,,,,,,,,,,,,,,,,,,,,,,,,,,,,,,,,,,,,,,,,,,,,,,,,,,,,,,,,,,1.0,1153256009940,2015-07-23,,10.0,38.32.20,E,29504655,12300,4210014,16,15608412101,bryansk,3200,1.0,0.0,34.2434887,53.1853961,city,0.0
3257032730,1.0,none,1.0,0.0,1.0,,,,,,,,,,,,20879.0,,,,,1183.0,19696.0,,19837.0,,,,,,,,,,,,,1042.0,,1042.0,,,,20879.0,20879.0,,58860.0,-58778.0,82.0,,,82.0,,,,,,82.0,,,,,,,,,82.0,,,,,,,,,,,,,,,,,,,,,,,,,,,,,,,,,,,,,,,,,,,,,,,,,,,,,,,,,,,,,,,,,,,,,,,,,,,,,,,,,,,,,,,,,,,,,,,,,,,,,,,,,,,,,,,,,,,,,,,,,,,,,,,,,,,,,,,,1.0,1153256009972,2015-07-24,,10.0,41.20,F,29504750,12300,4210014,16,15701000001,bryansk,3200,1.0,0.0,34.3286775,53.233979,house,0.0
3257032793,1.0,none,1.0,0.0,1.0,,,,,,,,,,,,1832.0,211.0,,,,1606.0,15.0,,1714.0,,,,,,,,,,,,,118.0,,118.0,,,,1832.0,1832.0,,6267.0,-5811.0,456.0,,,422.0,,,,,-34.0,355.0,-67.0,,,,,,,,355.0,,,,,,,,,,,,,,,,,,,,,,,,,,,,,,,,,,,,,,,,,,,,,,,,,,,,,,,,,,,,,,,,,,,,,,,,,,,,,,,,,,,,,,,,,,,,,,,,,,,,,,,,,,,,,,,,,,,,,,,,,,,,,,,,,,,,,,,,1.0,1153256010049,2015-07-24,,10.0,73.11,M,29504783,12300,4210014,16,15701000001,bryansk,3200,1.0,0.0,34.3090054,53.3011606,house,0.0
3257032828,1.0,none,1.0,0.0,0.0,,,,,,,,,,,,,,,,,,,,,,,,,,,,,,,,,33.0,33.0,,,,,0.0,0.0,,,,,,0.0,,,,,,,,,,,,,,,,0.0,,,,,,,,,,,,,,,,,,,,,,,,,,,,,,,,,,,,,,,,,,,,,,,,,,,,,,,,,,,,,,,,,,,,,,,,,,,,,,,,,,,,,,,,,,,,,,,,,,,,,,,,,,,,,,,,,-5.0,,,,,,,,,,,,,,,,,,,,,,-5.0,,1153256010093,2015-07-27,,10.0,94.99,S,29504827,20200,4220003,53,15701000001,bryansk,3200,0.0,0.0,34.2932034,53.305978,house,0.0
3257032835,1.0,none,1.0,0.0,1.0,,,,,,,,,,,,50.0,4.0,,,,31.0,15.0,,50.0,,,,,,,,,,,,,0.0,,0.0,,,,50.0,50.0,,911.0,-856.0,55.0,,,33.0,,,,,-22.0,6.0,-27.0,,,,,,,,6.0,,,,,,,,,,,,,,,,,,,,,,,,,,,,,,,,,,,,,,,,,,,,,,,,,,,,,,,,,,,,,,,,,,,,,,,,,,,,,,,,,,,,,,,,,,,,,,,,,,,,,,,,,,,,,,,,,,,,,,,,,,,,,,,,,,,,,,,,1.0,1153256010104,2015-07-27,,10.0,86.23,Q,29504848,12300,4210014,16,15701000001,bryansk,3200,1.0,0.0,34.2888856,53.2886936,house,0.0
3257032842,1.0,none,1.0,0.0,1.0,18424.0,,,,,,21.0,,18403.0,,,67227.0,10519.0,,,,56082.0,626.0,,82142.0,,,,,,,,,,,,,3509.0,,3509.0,,,,85651.0,85651.0,,140502.0,-138639.0,1863.0,,,-11151.0,,,,120.0,-13134.0,-12047.0,-896.0,,,,,,,,-12047.0,,,,,,,,,,,,,,,,,,,,,,,,,,,,,,,,,,,,,,,,,,,,,,,,,,,,,,,,,,,,,,,,,,,,,,,,,,,,,,,,,,,,,,,,,,,,,,,,,,,,,,,,,,,,,,,,,,,,,,,,,,,,,,,,,,,,,,,,1.0,1153256010115,2015-07-27,,10.0,47.52.70,G,29504804,12300,4210014,16,15701000001,bryansk,3200,1.0,0.0,34.2422695,53.3303204,house,0.0
3257032899,1.0,none,1.0,0.0,1.0,,,,,,,,,,,,983.0,,,,,8.0,975.0,,978.0,,,,,,,,,,,,,5.0,,5.0,,,,983.0,983.0,,,-74.0,-74.0,,,66.0,,,,158.0,-18.0,56.0,-10.0,,,,,,,,56.0,,,,,,,,,,,,,,,,,,,,,,,,,,,,,,,,,,,,,,,,,,,,,,,,,,,,,,,,,,,,,,,,,,,,,,,,,,,,,,,,,,,,,,,,,,,,,,,,,,,,,,,,,,,,,,,,,,,,,,,,,,,,,,,,,,,,,,,,1.0,1153256010160,2015-07-28,,10.0,47.91.20,G,29504885,12300,4210014,16,15701000001,bryansk,3200,1.0,0.0,34.2490901,53.3201177,house,0.0
3257032948,1.0,none,1.0,0.0,1.0,,,,,,,,,,,,2.0,,,,,,2.0,,,,,,,,,,,,,,,2.0,0.0,2.0,,,,2.0,2.0,,,,,,,,,,,,,,,,,,,,,,,,,,,,,,,,,,,,,,,,,,,,,,,,,,,,,,,,,,,,,,,,,,,,,,,,,,,,,,,,,,,,,,,,,,,,,,,,,,,,,,,,,,,,,,,,,,,,,,,,,,,,,,,,,,,,,,,1.0,1.0,,,,,0.0,1.0,0.0,,,,,,,,,,,,,0.0,2.0,1.0,1153256010236,2015-07-29,,10.0,68.32.10,L,29504945,20700,4210014,16,15701000001,bryansk,3200,1.0,0.0,34.3734185,53.2547526,house,0.0
3257032994,1.0,none,1.0,0.0,1.0,,,,,,,,,,,,126.0,0.0,,,,0.0,126.0,,126.0,,,,,,,,,,,,,0.0,0.0,0.0,,,,126.0,126.0,,,,,,,-359.0,,,,,-359.0,-359.0,,,,,,,,,-359.0,,,,,,,,,,,,,,,,,,,,,,,,,,,,,,,,,,,,,,,,,,,,,,,,,,,,,,,,,,,,,,,,,,,,,,,,,,,,,,,,,,,,,,,,,,,,,,,,,,,,,,,,,,,,,,,,,,,,,,,,,,,,,,,,,,,,,,,,1.0,1153256010291,2015-07-30,,10.0,56.10,I,29505011,12300,4210014,16,15701000001,bryansk,3200,1.0,0.0,34.3683596,53.2405223,house,0.0
3257033035,1.0,none,1.0,0.0,0.0,224.0,,0.0,,,,0.0,0.0,224.0,,0.0,24302.0,13828.0,,0.0,8523.0,1950.0,2.0,0.0,641.0,10.0,,,0.0,,0.0,631.0,0.0,0.0,,,0.0,23886.0,0.0,23886.0,,,,24527.0,24527.0,9597.0,54718.0,-45121.0,972.0,-8625.0,,711.0,,0.0,0.0,0.0,-261.0,477.0,-234.0,-234.0,,,,,,,477.0,0.0,,,,,135.0,135.0,,,164.0,164.0,28.0,28.0,,,,,,,,,,,,,,,,,,164.0,641.0,477.0,477.0,,,,,,,,,,,,,,,,,,,,,,,,,,,,,,,-1440.0,56861.0,21885.0,,,,34976.0,,-58301.0,-56890.0,-117.0,,,-1000.0,-294.0,877.0,877.0,,,877.0,,,,,,,,,,,,,,,,,,,,,,,,,-563.0,565.0,,2.0,,,,,,,,,,,,,,,,,,,,,,,,1.0,1153256010335,2015-07-30,,10.0,46.69.30,G,29505040,12300,4210014,16,15701000001,bryansk,3200,1.0,0.0,34.2850002,53.3129893,house,0.0
3257033050,1.0,none,1.0,0.0,0.0,0.0,,,,0.0,,,,,,,1520.0,0.0,,,723.0,,206.0,591.0,,,,,,,,,,,,,,257.0,,257.0,,,,1520.0,1520.0,-1047.0,14857.0,-15904.0,-1047.0,,,-1180.0,,,,0.0,-133.0,-1180.0,,,,,,,,,-1180.0,,,,,,,,,,,,,,,,,,,,,,,,,,,,,,,,,,,,,,,,,,,,,,,,,,,,,,,,,,,,,,,,,,,,,,,,,,,,,,,,,,,,,,,,,,,,,,,,,,,,,,,,,,,,,,,,,,,,,,,,,,,,,,,,,,,,,,,,,1153256010379,2015-08-03,,10.0,85.42,P,57328625,71400,4210014,16,15701000001,bryansk,3200,0.0,0.0,34.3531733,53.2240451,house,0.0
3257033067,1.0,none,1.0,0.0,1.0,,,,,,,,,,,,32673.0,0.0,,,,3804.0,28869.0,,,,,,,31798.0,,,,,,,,875.0,,875.0,,,,32673.0,32673.0,,3048.0,-3048.0,0.0,,,0.0,,,,,,0.0,,,,,,,,,0.0,,,,,,,,,,,,,,,,,,,,,,,,,,,,,,,,,,,,,,,,,,,,,,,,,,,,,,,,,,,,,,,,,,,,,,,,,,,,,,,,,,,,,,,,,,,,,,,,,,,,,,,,,,,,,,,,,0.0,3048.0,,,,,3048.0,,-8512.0,-8512.0,,,,,,,,,,,,,-5464.0,1.0,1153256010380,2015-08-03,,10.0,68.32.10,L,29505152,20700,4210014,16,15701000001,bryansk,3200,0.0,0.0,34.3203347,53.2642204,house,0.0
3257033074,1.0,none,1.0,0.0,1.0,,,,,,,,,,,,1848.0,1648.0,,,,,200.0,,,,,,,1777.0,,,,,,,,71.0,,71.0,,,,1848.0,1848.0,,,,,,,,,,,,,,,,,,,,,,,,,,,,,,,,,,,,,,,,,,,,,,,,,,,,,,,,,,,,,,,,,,,,,,,,,,,,,,,,,,,,,,,,,,,,,,,,,,,,,,,,,,,,,,,,,,,,,,,,,,,,,,,,,,,,,,,1678.0,4471.0,,,,,,,-4343.0,-4343.0,,,,,,,,,,,,,1806.0,1.0,1153256010390,2015-08-03,,10.0,85.42,P,29505146,71400,4210014,16,15701000001,bryansk,3200,0.0,0.0,34.4029564,53.2632763,house,0.0
3257033081,1.0,none,1.0,0.0,1.0,,,,,,,,,,,,,,,,,,,,-69914.0,,,,,,,,,,,,,69914.0,,69914.0,,,,0.0,0.0,,,,,,,-400.0,,,,0.0,-400.0,-400.0,,,,,,,,,-400.0,,,,,,,,,,,,,,,,,,,,,,,,,,,,,,,,,,,,,,,,,,,,,,,,,,,,,,,,,,,,,,,,,,,,,,,,,,,,,,,,,,,,,,,,,,,,,,,,,,,,,,,,,,,,,,,,,,,,,,,,,,,,,,,,,,,,,,,,1.0,1153256010401,2015-08-03,,10.0,38.32.30,E,29505123,12300,4210014,16,15701000001,bryansk,3200,1.0,0.0,34.3684909,53.2433049,house,0.0
3257033116,1.0,none,1.0,0.0,0.0,,,,,,,,,,,,11.0,,,,,,11.0,,11.0,11.0,,,,,,,,,,,,,,,,,,11.0,11.0,,,,,,,,,,,,,,,,,,,,,,,,,,,,,,,,,,,,,,,,,,,,,,,,,,,,,,,,,,,,,,,,,,,,,,,,,,,,,,,,,,,,,,,,,,,,,,,,,,,,,,,,,,,,,,,,,,,,,,,,,,,,,,,,,,,,,,,,,,,,,,,,,,,,,,,,,,,,,,0.0,1153256010434,2015-08-04,,10.0,46.72.20,G,29505241,12300,4210014,16,15701000001,bryansk,3200,1.0,0.0,34.2905855,53.3052115,house,0.0
3257033155,1.0,none,1.0,0.0,0.0,,,,,,,,,,,,0.0,,,,,,,,10000.0,10000.0,,,,,,,,,,,,,,,,,,0.0,10000.0,,,,,,,,,,,,,,,,,,,,,,0.0,,,,,,,,,,,,,,,,,,,,,,,,,,,,,,,,,,,,,,,,,,,,,,,,,,,,,,,,,,,,,,,,,,,,,,,,,,,,,,,,,,,,,,,,,,,,,,,,,,,,,,,,,,,,,0.0,0.0,,0.0,0.0,,,,,,,,,,,,,,,,,,,,,,0.0,0.0,1153256010478,2015-08-04,,10.0,47.59,G,29505175,12300,4210014,16,15701000001,bryansk,3200,0.0,0.0,34.3017381,53.3341166,house,0.0
3257033204,1.0,none,1.0,0.0,1.0,,,,,,,,,,,,1297.0,,,,,1297.0,0.0,,1290.0,,,,,,,,,,,,,7.0,0.0,7.0,,,,1297.0,1297.0,,0.0,-124.0,-124.0,,,-311.0,,,,,-187.0,-312.0,-1.0,,,,,,,,-312.0,,,,,,,,,,,,,,,,,,,,,,,,,,,,,,,,,,,,,,,,,,,,,,,,,,,,,,,,,,,,,,,,,,,,,,,,,,,,,,,,,,,,,,,,,,,,,,,,,,,,,,,,,,,,,,,,,,,,,,,,,,,,,,,,,,,,,,,,1.0,1153256010533,2015-08-05,,10.0,41.20,F,29505301,12300,4210014,16,15701000001,bryansk,3200,1.0,0.0,34.3130891,53.2634259,house,0.0
3257033236,1.0,none,1.0,0.0,1.0,747.0,,,,,,747.0,,,,,5805.0,2578.0,,,,3174.0,53.0,,945.0,,,,,,,,0.0,0.0,,,0.0,5607.0,,5607.0,,,,6552.0,6552.0,,20631.0,-20524.0,107.0,,,-766.0,,,,0.0,-873.0,-836.0,-70.0,,,,,,,,-836.0,,,,,,,,,,,,,,,,,,,,,,,,,,,,,,,,,,,,,,,,,,,,,,,,,,,,,,,,,,,,,,,,,,,,,,,,,,,,,,,,,,,,,,,,,,,,,,,,,,,,,,,,,,,,,,,,,,,,,,,,,,,,,,,,,,,,,,,,1.0,1153256010600,2015-08-06,,10.0,16.24,C,29505353,12300,4210014,16,15616404101,bryansk,3200,1.0,0.0,32.815437,52.7864874,city,0.0
3257033243,1.0,none,1.0,0.0,1.0,0.0,,,,,,,,0.0,,,17.0,0.0,,,,0.0,17.0,,17.0,,,,,,,,,,,,,,,,,,,17.0,17.0,,,,,,,-40.0,,,,1.0,-41.0,-40.0,,,,,,,,,-40.0,,,,,,,,,,,,,,,,,,,,,,,,,,,,,,,,,,,,,,,,,,,,,,,,,,,,,,,,,,,,,,,,,,,,,,,,,,,,,,,,,,,,,,,,,,,,,,,,,,,,,,,,,,,,,,,,,,,,,,,,,,,,,,,,,,,,,,,,1.0,1153256010610,2015-08-06,,10.0,35.30,D,29505364,12300,4210014,16,15701000001,bryansk,3200,1.0,0.0,34.3630014,53.263256,house,0.0
3257033412,1.0,none,1.0,0.0,0.0,,,,,,,,,,,,624.0,75.0,,,549.0,,,,624.0,10.0,,,,,,614.0,,,,,,,,,,,,624.0,624.0,,,,,,,,,,,,,,,,,,,,,,,,,,,,,,,,,,,,,,,,,,,,,,,,,,,,,,,,,,,,,,,,,,,,,,,,,,,,,,,,,,,,,,,,,,,,,,,,,,,,,,,,,,,,,,,,,,,,,,,,,,,,,,,,,,,,,,,,,,,,,,,,,,,,,,,,,,,,,,0.0,1153256010830,2015-08-11,,10.0,46.74,G,29505548,12300,4210014,16,15701000001,bryansk,3200,1.0,0.0,34.3611793,53.262744,house,0.0
3257033444,1.0,none,1.0,0.0,1.0,24980.0,,,,,,17597.0,,7383.0,,,21033.0,2220.0,,,,7105.0,11708.0,,20695.0,,,,,,,,2140.0,2140.0,,,,23178.0,,23178.0,,,,46013.0,46013.0,,34519.0,-33830.0,689.0,,,22656.0,,,,23680.0,-1713.0,19404.0,-3252.0,,,,,,,,19404.0,,,,,,,,,,,,,,,,,,,,,,,,,,,,,,,,,,,,,,,,,,,,,,,,,,,,,,,,,,,,,,,,,,,,,,,,,,,,,,,,,,,,,,,,,,,,,,,,,,,,,,,,,,,,,,,,,,,,,,,,,,,,,,,,,,,,,,,,1.0,1153256010863,2015-08-11,,10.0,68.20,L,29505608,12300,4210014,16,15701000001,bryansk,3200,1.0,0.0,34.3130547,53.3023483,house,0.0
3257033469,1.0,none,1.0,0.0,1.0,4183.0,,,,,,4183.0,,,,,11076.0,,,,,11020.0,56.0,,15061.0,,,,,,,,171.0,171.0,,,,27.0,,27.0,,,,15259.0,15259.0,,3367.0,-897.0,2470.0,,,3159.0,,,,1263.0,-574.0,2972.0,-187.0,,,,,,,,2972.0,,,,,,,,,,,,,,,,,,,,,,,,,,,,,,,,,,,,,,,,,,,,,,,,,,,,,,,,,,,,,,,,,,,,,,,,,,,,,,,,,,,,,,,,,,,,,,,,,,,,,,,,,,,,,,,,,,,,,,,,,,,,,,,,,,,,,,,,1.0,1153256010896,2015-08-12,,10.0,68.20,L,29505658,12300,4210014,16,15701000001,bryansk,3200,1.0,0.0,34.4287556,53.2063477,house,0.0
3257033476,1.0,none,1.0,0.0,1.0,11.0,,,,,,0.0,,11.0,,,17982.0,11006.0,,,,6574.0,402.0,,5551.0,,,,,,,,,,,,,12442.0,2490.0,9952.0,,,,17993.0,17993.0,,11473.0,-11655.0,-182.0,,,38.0,,,,406.0,-186.0,1.0,-37.0,,,,,,,,1.0,,,,,,,,,,,,,,,,,,,,,,,,,,,,,,,,,,,,,,,,,,,,,,,,,,,,,,,,,,,,,,,,,,,,,,,,,,,,,,,,,,,,,,,,,,,,,,,,,,,,,,,,,,,,,,,,,,,,,,,,,,,,,,,,,,,,,,,,1.0,1153256010918,2015-08-13,,10.0,46.74,G,29505712,12300,4210014,16,15701000001,bryansk,3200,1.0,0.0,34.4234512,53.262124,house,0.0
3257033483,1.0,none,1.0,0.0,1.0,,,,,,,,,,,,388.0,,,,,33.0,355.0,,377.0,,,,,,,,,,,,,11.0,0.0,11.0,,,,388.0,388.0,,122.0,-194.0,-72.0,,,-170.0,,,,0.0,-98.0,-171.0,-1.0,,,,,,,,-171.0,,,,,,,,,,,,,,,,,,,,,,,,,,,,,,,,,,,,,,,,,,,,,,,,,,,,,,,,,,,,,,,,,,,,,,,,,,,,,,,,,,,,,,,,,,,,,,,,,,,,,,,,,,,,,,,,,,,,,,,,,,,,,,,,,,,,,,,,1.0,1153256010929,2015-08-13,,10.0,79.11,N,29505703,12300,4210014,16,15701000001,bryansk,3200,1.0,0.0,34.2837288,53.3052081,house,0.0
3257033490,1.0,none,1.0,0.0,1.0,2186.0,,,,,,2186.0,,,,,2354.0,203.0,,,,2114.0,37.0,,1418.0,,,,,,,,0.0,,,,0.0,3122.0,,3122.0,,,,4540.0,4540.0,,23769.0,-20754.0,3015.0,,,-41.0,,,,0.0,-3056.0,-248.0,-207.0,,,,,,,,-248.0,,,,,,,,,,,,,,,,,,,,,,,,,,,,,,,,,,,,,,,,,,,,,,,,,,,,,,,,,,,,,,,,,,,,,,,,,,,,,,,,,,,,,,,,,,,,,,,,,,,,,,,,,,,,,,,,,,,,,,,,,,,,,,,,,,,,,,,,1.0,1153256010930,2015-08-13,,10.0,68.32.10,L,29505695,12300,4210014,16,15701000001,bryansk,3200,1.0,0.0,34.4017518,53.2159908,house,0.0
3257033532,1.0,none,1.0,0.0,1.0,30427.0,,,,,,30427.0,,,,,48236.0,24795.0,,,,20316.0,3125.0,,38765.0,,,,,,,,,,,,,39898.0,24805.0,15093.0,,,,78663.0,78663.0,,172135.0,-162398.0,9737.0,,,312.0,,,,403.0,-9828.0,81.0,-231.0,,,,,,,,81.0,,,,,,,,,,,,,,,,,,,,,,,,,,,,,,,,,,,,,,,,,,,,,,,,,,,,,,,,,,,,,,,,,,,,,,,,,,,,,,,,,,,,,,,,,,,,,,,,,,,,,,,,,,,,,,,,,,,,,,,,,,,,,,,,,,,,,,,,1.0,1153256010973,2015-08-14,,10.0,22.22,C,29505732,12300,4210014,16,15701000001,bryansk,3200,1.0,0.0,34.4607822,53.2141973,house,0.0
3257033557,1.0,none,1.0,0.0,1.0,6397.0,,,,,,6397.0,,0.0,,,17447.0,8397.0,,,,7320.0,1730.0,,6484.0,,,,,,,,7400.0,7400.0,,,,9960.0,0.0,8021.0,,,1939.0,23844.0,23844.0,,75410.0,-59921.0,15489.0,,,88.0,,,,255.0,-15656.0,66.0,-22.0,,,,,,,,66.0,,,,,,,,,,,,,,,,,,,,,,,,,,,,,,,,,,,,,,,,,,,,,,,,,,,,,,,,,,,,,,,,,,,,,,,,,,,,,,,,,,,,,,,,,,,,,,,,,,,,,,,,,,,,,,,,,,,,,,,,,,,,,,,,,,,,,,,,1.0,1153256011017,2015-08-17,,10.0,46.34.23,G,29505778,12300,4210014,16,15701000001,bryansk,3200,1.0,0.0,34.2674782,53.3070956,house,0.0
3257033596,1.0,none,1.0,0.0,1.0,10389.0,,,,,,0.0,,10389.0,,,13377.0,67.0,,,,13310.0,0.0,,18246.0,,,,,,,,,,,,,5520.0,,5520.0,,,,23766.0,23766.0,,6172.0,-11506.0,-5334.0,,,-5264.0,,,0.0,434.0,-364.0,-5738.0,-474.0,,,,,,,,-5738.0,,,,,,,,,,,,,,,,,,,,,,,,,,,,,,,,,,,,,,,,,,,,,,,,,,,,,,,,,,,,,,,,,,,,,,,,,,,,,,,,,,,,,,,,,,,,,,,,,,,,,,,,,,,,,,,,,,,,,,,,,,,,,,,,,,,,,,,,1.0,1153256011072,2015-08-18,,10.0,69.20,M,29505838,12300,4210014,16,15701000001,bryansk,3200,1.0,0.0,34.3297352,53.2626357,house,0.0
3257033606,1.0,none,1.0,0.0,1.0,0.0,,,,,,0.0,,0.0,,,424.0,0.0,,,,0.0,424.0,,12.0,,,,,,,,,,,,,412.0,412.0,0.0,,,,424.0,424.0,,665.0,-641.0,24.0,,,2.0,,,0.0,3.0,-25.0,2.0,0.0,,,,,,,,2.0,,,,,,,,,,,,,,,,,,,,,,,,,,,,,,,,,,,,,,,,,,,,,,,,,,,,,,,,,,,,,,,,,,,,,,,,,,,,,,,,,,,,,,,,,,,,,,,,,,,,,,,,,,,,,,,,,,,,,,,,,,,,,,,,,,,,,,,,1.0,1153256011083,2015-08-18,,10.0,68.20.20,L,29505790,12300,4210014,16,15701000001,bryansk,3200,1.0,0.0,34.3616303,53.2641729,house,0.0
3257033691,1.0,none,1.0,0.0,1.0,,,,,,,,,,,,16333.0,556.0,,,,12162.0,3615.0,,14687.0,,,,,,,,,,,,,1646.0,0.0,1646.0,,,,16333.0,16333.0,,52472.0,-39560.0,12912.0,,,12770.0,,,,,-142.0,11466.0,-1304.0,,,,,,,,11466.0,,,,,,,,,,,,,,,,,,,,,,,,,,,,,,,,,,,,,,,,,,,,,,,,,,,,,,,,,,,,,,,,,,,,,,,,,,,,,,,,,,,,,,,,,,,,,,,,,,,,,,,,,,,,,,,,,,,,,,,,,,,,,,,,,,,,,,,,1.0,1153256011204,2015-08-19,,10.0,43.21,F,29505991,12300,4210014,16,15701000001,bryansk,3200,1.0,0.0,34.3451032,53.2231139,house,0.0
3257033860,1.0,none,1.0,0.0,1.0,3.0,,,,,,,,3.0,,,587.0,157.0,,,,427.0,3.0,,465.0,,,,,,,,,,,,,125.0,34.0,91.0,,,,590.0,590.0,,3171.0,-3135.0,36.0,,,33.0,,,,0.0,-3.0,-63.0,-96.0,,,,,,,,-63.0,,,,,,,,,,,,,,,,,,,,,,,,,,,,,,,,,,,,,,,,,,,,,,,,,,,,,,,,,,,,,,,,,,,,,,,,,,,,,,,,,,,,,,,,,,,,,,,,,,,,,,,,,,,,,,,,,,,,,,,,,,,,,,,,,,,,,,,,1.0,1153256011402,2015-08-24,,10.0,69.20,M,29506246,12300,4210014,16,15701000001,bryansk,3200,1.0,0.0,34.3571378,53.2672048,house,0.0
3257033927,1.0,none,1.0,0.0,1.0,0.0,,,,,,0.0,,,,,2358.0,96.0,,,,2182.0,80.0,,,,,,,,,,,,,,,2358.0,1490.0,868.0,,,0.0,2358.0,2358.0,,1079.0,-2400.0,-1321.0,,,-1321.0,,,0.0,,0.0,-1321.0,,,,,,,,,-1321.0,,,,,,,,,,,,,,,,,,,,,,,,,,,,,,,,,,,,,,,,,,,,,,,,,,,,,,,,,,,,,,,,,,,,,,,,,,,,,,,,,,,,,,,,,,,,,,,,,,,,,,,,,,,,,,,,,,,,,,,,,,,,,,,,,,,,,,,,1.0,1153256011501,2015-08-26,,10.0,85.23,P,29506358,71400,4210014,16,15701000001,bryansk,3200,1.0,0.0,34.2787547,53.308567,house,0.0
3257033959,1.0,none,1.0,0.0,1.0,,,,,,,,,,,,2999.0,44.0,,,,2762.0,193.0,,1005.0,,,,,,,,75.0,,,,75.0,1919.0,,1919.0,,,0.0,2999.0,2999.0,,11358.0,-11185.0,173.0,,,118.0,,,,0.0,-55.0,118.0,0.0,,,,,,,,118.0,,,,,,,,,,,,,,,,,,,,,,,,,,,,,,,,,,,,,,,,,,,,,,,,,,,,,,,,,,,,,,,,,,,,,,,,,,,,,,,,,,,,,,,,,,,,,,,,,,,,,,,,,,,,,,,,,,,,,,,,,,,,,,,,,,,,,,,,1.0,1153256011556,2015-08-27,,10.0,68.32.10,L,29506418,12300,4210014,16,15701000001,bryansk,3200,0.0,0.0,34.3327474,53.2620421,house,0.0
3257034021,1.0,none,1.0,0.0,1.0,,,,,,,,,,,,5752.0,,,,,,5752.0,,,,,,,5752.0,,,,,,,,,,,,,,5752.0,5752.0,,,,,,,,,,,,,0.0,,,,,,,,,0.0,,,,,,,,,,,,,,,,,,,,,,,,,,,,,,,,,,,,,,,,,,,,,,,,,,,,,,,,,,,,,,,,,,,,,,,,,,,,,,,,,,,,,,,,,,,,,,,,,,,,,,,,,,,,,,,,,4433.0,1319.0,,,,,,,0.0,,,,,,,,,,,,,,5752.0,1.0,1153256011688,2015-09-01,,10.0,68.32,L,10434455,20700,4210014,16,15701000001,bryansk,3200,0.0,0.0,34.3516458,53.2476267,house,0.0
3257034046,1.0,none,1.0,0.0,1.0,1127.0,,,,,,1127.0,,,,,7879.0,1891.0,,,,5975.0,13.0,,-8388.0,,,,,,,,4013.0,4013.0,,,,13381.0,50.0,13331.0,,,,9005.0,9005.0,,15651.0,-17544.0,-1893.0,,,-2025.0,,,,93.0,-225.0,-2069.0,-44.0,,,,,,,,-2069.0,,,,,,,,,,,,,,,,,,,,,,,,,,,,,,,,,,,,,,,,,,,,,,,,,,,,,,,,,,,,,,,,,,,,,,,,,,,,,,,,,,,,,,,,,,,,,,,,,,,,,,,,,,,,,,,,,,,,,,,,,,,,,,,,,,,,,,,,1.0,1153256011700,2015-09-01,,10.0,49.40,H,10434704,12300,4210014,16,15701000001,bryansk,3200,1.0,0.0,34.3354866,53.2242359,street,0.0
3257034085,1.0,none,1.0,0.0,1.0,,,,,,,,,,,,792.0,625.0,,,,150.0,17.0,,65.0,,,,,,,,,,,,,726.0,,726.0,,,,791.0,791.0,,0.0,-50.0,-50.0,,,46.0,,,,131.0,-35.0,33.0,-13.0,,,,,,,,33.0,,,,,,,,,,,,,,,,,,,,,,,,,,,,,,,,,,,,,,,,,,,,,,,,,,,,,,,,,,,,,,,,,,,,,,,,,,,,,,,,,,,,,,,,,,,,,,,,,,,,,,,,,,,,,,,,,,,,,,,,,,,,,,,,,,,,,,,,1.0,1153256011743,2015-09-01,,10.0,46.71.20,G,10434780,12300,4210014,16,15701000001,bryansk,3200,1.0,0.0,34.2386487,53.2933356,street,0.0
3257034092,1.0,none,1.0,0.0,0.0,0.0,,,,,,,,,,,3821.0,0.0,,2246.0,1573.0,,2.0,,195.0,10.0,,,,,,185.0,,,,,,3626.0,3601.0,25.0,,,,3821.0,3821.0,0.0,0.0,0.0,0.0,0.0,,0.0,,,,,0.0,0.0,0.0,0.0,,,,,,,0.0,,,,,,,,,,,,,,,,,,,,,,,,,,,,,,,,,,,,,,,,,,,,,,,,,,,,,,,,,,,,,,,,,,,,,,,,,,,,,,,,,,,,,,,,,,,,,,,,,,,,,,,,,,,,,0.0,0.0,,0.0,0.0,,,,,,,,,,,,,,,,,,,,,,0.0,0.0,1153256011798,2015-09-02,,10.0,46.90,G,10442905,12300,4210014,16,15610415111,bryansk,3200,1.0,0.0,34.103264,53.164936,city,0.0
3257034110,1.0,none,1.0,0.0,1.0,,,,,,,,,,,,13123.0,1438.0,,,,276.0,11409.0,,12921.0,,,,,,,,,,,,,202.0,,202.0,,,,13123.0,13123.0,,49714.0,-47509.0,2205.0,,,1416.0,,,,84.0,-873.0,831.0,-585.0,,,,,,,,831.0,,,,,,,,,,,,,,,,,,,,,,,,,,,,,,,,,,,,,,,,,,,,,,,,,,,,,,,,,,,,,,,,,,,,,,,,,,,,,,,,,,,,,,,,,,,,,,,,,,,,,,,,,,,,,,,,,,,,,,,,,,,,,,,,,,,,,,,,1.0,1153256011820,2015-09-02,,10.0,56.29,I,10440823,12300,4210014,16,15701000001,bryansk,3200,1.0,0.0,34.3563192,53.2374052,house,0.0
3257034173,1.0,none,1.0,0.0,1.0,412.0,,,,,,412.0,,,,,31996.0,0.0,,,,31996.0,0.0,,-11450.0,,,,,,,,,,,,,43858.0,410.0,43448.0,,,,32408.0,32408.0,,0.0,0.0,,,,0.0,,,,0.0,0.0,0.0,0.0,,,,,,,,0.0,,,,,,,,,,,,,,,,,,,,,,,,,,,,,,,,,,,,,,,,,,,,,,,,,,,,,,,,,,,,,,,,,,,,,,,,,,,,,,,,,,,,,,,,,,,,,,,,,,,,,,,,,,,,,,,,,,,,,,,,,,,,,,,,,,,,,,,,1.0,1153256011985,2015-09-07,,10.0,27.32,C,10449669,12300,4210014,16,15701000001,bryansk,3200,1.0,0.0,34.4342156,53.211617,house,0.0
3257034180,1.0,none,1.0,0.0,1.0,,,,,,,,,,,,544.0,,,,,10.0,534.0,,10.0,,,,,,,,,,,,,534.0,,534.0,,,,544.0,544.0,,0.0,0.0,,,,0.0,,,,234.0,-234.0,0.0,0.0,,,,,,,,0.0,,,,,,,,,,,,,,,,,,,,,,,,,,,,,,,,,,,,,,,,,,,,,,,,,,,,,,,,,,,,,,,,,,,,,,,,,,,,,,,,,,,,,,,,,,,,,,,,,,,,,,,,,,,,,,,,,,,,,,,,,,,,,,,,,,,,,,,,1.0,1153256011996,2015-09-07,,10.0,10.13.10,C,10449132,12300,4210014,16,15701000001,bryansk,3200,1.0,0.0,34.3390053,53.2508146,house,0.0
3257034222,1.0,none,1.0,0.0,0.0,5.0,,0.0,,,,,,,5.0,,5382.0,2497.0,,10.0,2139.0,,736.0,0.0,4675.0,10.0,,,,65.0,,4600.0,1.0,,1.0,,,711.0,4.0,707.0,,,,5387.0,5387.0,2718.0,11783.0,-9065.0,1110.0,-424.0,-1184.0,1145.0,,,-46.0,101.0,-20.0,856.0,-289.0,-292.0,4.0,,,,,,856.0,,,,,,3039.0,3039.0,,,3819.0,3819.0,780.0,780.0,,,,,,,,,,,,,,,,,,3819.0,4675.0,856.0,856.0,,,,,,,,,,,,,,,,,,,,,,,,,,,,,,,236.0,11946.0,11946.0,,,,0.0,,-11710.0,-10513.0,-443.0,0.0,,-51.0,-703.0,,,,,,,,,,,,,,,,-44.0,3228.0,3228.0,,,,,,-3272.0,,,-3272.0,,,192.0,544.0,,736.0,,,,,,,,,,,,,,,,,,,,,,,,1.0,1153256012051,2015-09-08,,10.0,46.36,G,10451583,12300,4210014,16,15701000001,bryansk,3200,1.0,0.0,34.3293079,53.2467536,street,0.0
3257034247,1.0,none,1.0,0.0,1.0,158.0,,,,,,158.0,,,,,5935.0,416.0,,,,5441.0,78.0,,4250.0,,,,,,,,,,,,,1843.0,0.0,1843.0,,,,6093.0,6093.0,,40661.0,-36912.0,3749.0,,,3427.0,,,-16.0,4.0,-310.0,2557.0,-870.0,,,,,,,,2557.0,,,,,,,,,,,,,,,,,,,,,,,,,,,,,,,,,,,,,,,,,,,,,,,,,,,,,,,,,,,,,,,,,,,,,,,,,,,,,,,,,,,,,,,,,,,,,,,,,,,,,,,,,,,,,,,,,,,,,,,,,,,,,,,,,,,,,,,,1.0,1153256012073,2015-09-08,,10.0,28.12.10,C,10450661,12300,4210014,16,15701000061,bryansk,3200,1.0,0.0,34.4748357,53.2575034,street,0.0
3257034279,1.0,none,1.0,0.0,1.0,4434.0,,,,,,4434.0,,,,,3120.0,188.0,,,,2644.0,288.0,,6830.0,,,,,,,,,,,,,724.0,,724.0,,,,7554.0,7554.0,,4571.0,-5212.0,-641.0,,,-665.0,,,,621.0,-645.0,-822.0,-157.0,,,,,,,,-822.0,,,,,,,,,,,,,,,,,,,,,,,,,,,,,,,,,,,,,,,,,,,,,,,,,,,,,,,,,,,,,,,,,,,,,,,,,,,,,,,,,,,,,,,,,,,,,,,,,,,,,,,,,,,,,,,,,,,,,,,,,,,,,,,,,,,,,,,,1.0,1153256012117,2015-09-09,,10.0,68.20,L,71968709,12300,4210014,16,15701000001,bryansk,3200,1.0,0.0,34.3261131,53.2391572,house,0.0
3257034328,1.0,none,1.0,0.0,1.0,,,,,,,,,,,,10.0,10.0,,,,,0.0,,10.0,,,,,,,,,,,,,,,,,,,10.0,10.0,,0.0,0.0,,,,0.0,,,0.0,,0.0,0.0,0.0,,,,,,,,0.0,,,,,,,,,,,,,,,,,,,,,,,,,,,,,,,,,,,,,,,,,,,,,,,,,,,,,,,,,,,,,,,,,,,,,,,,,,,,,,,,,,,,,,,,,,,,,,,,,,,,,,,,,,,,,,,,,,,,,,,,,,,,,,,,,,,,,,,,1.0,1153256012172,2015-09-10,,10.0,02.10,A,10458065,12300,4210014,16,15701000061,bryansk,3200,1.0,0.0,34.521816,53.2490576,house,0.0
3257034381,1.0,none,1.0,0.0,1.0,,,,,,,,,,,,2919.0,2525.0,,,,53.0,341.0,,2754.0,,,,,,,,,,,,,165.0,0.0,165.0,,,,2919.0,2919.0,,7286.0,-6411.0,875.0,,,692.0,,,,,-183.0,475.0,-217.0,,,,,,,,475.0,,,,,,,,,,,,,,,,,,,,,,,,,,,,,,,,,,,,,,,,,,,,,,,,,,,,,,,,,,,,,,,,,,,,,,,,,,,,,,,,,,,,,,,,,,,,,,,,,,,,,,,,,,,,,,,,,,,,,,,,,,,,,,,,,,,,,,,,1.0,1153256012282,2015-09-14,,10.0,46.22,G,10469011,12300,4210014,16,15701000001,bryansk,3200,1.0,0.0,34.3122822,53.2797707,house,0.0
3257034409,1.0,none,1.0,0.0,1.0,,,,,,,,,,,,211.0,,,,,211.0,0.0,,178.0,,,,,,,,,,,,,33.0,5.0,28.0,,,,211.0,211.0,,818.0,-950.0,-132.0,,,-152.0,,,,,-20.0,-162.0,-10.0,,,,,,,,-162.0,,,,,,,,,,,,,,,,,,,,,,,,,,,,,,,,,,,,,,,,,,,,,,,,,,,,,,,,,,,,,,,,,,,,,,,,,,,,,,,,,,,,,,,,,,,,,,,,,,,,,,,,,,,,,,,,,,,,,,,,,,,,,,,,,,,,,,,,1.0,1153256012304,2015-09-14,,10.0,69.10,M,10465316,12300,4210014,16,15701000001,bryansk,3200,1.0,0.0,34.3706192,53.2627287,house,0.0
3257034448,1.0,none,1.0,0.0,0.0,149.0,,,,,,,,,149.0,,6750.0,720.0,,,5954.0,,70.0,6.0,255.0,10.0,,,,,,245.0,,,,,,6644.0,,6644.0,,,,6899.0,6899.0,2738.0,6837.0,-4099.0,-479.0,-3217.0,,-435.0,,,,68.0,-24.0,-532.0,-97.0,,,,,,,,-532.0,,,,,,837.0,837.0,,,788.0,788.0,-50.0,-50.0,,,,,,,,,,,,,,,,,,788.0,255.0,-533.0,-533.0,,,,,,,,,,,,,,,,,,,,,,,,,,,,,,,-105.0,7089.0,7089.0,,,,,,-7194.0,-5909.0,-705.0,,,-580.0,,,,,,,,,,,,,,,,,0.0,0.0,0.0,,,,,,,,,,,,-105.0,175.0,,70.0,0.0,,,,,,,,,,,,,,,,,,,,,,0.0,1.0,1153256012360,2015-09-15,,10.0,46.38,G,11242953,12300,4210014,16,15701000001,bryansk,3200,1.0,0.0,34.4279418,53.209482,house,0.0
3257034568,1.0,none,1.0,0.0,1.0,,,,,,,,,,,,2598.0,1270.0,,,,1142.0,186.0,,1241.0,,,,,,,,,,,,,1357.0,200.0,1157.0,,,,2598.0,2598.0,,18579.0,-16863.0,1716.0,,,1687.0,,,,3.0,-32.0,1265.0,-422.0,,,,,,,,1265.0,,,,,,,,,,,,,,,,,,,,,,,,,,,,,,,,,,,,,,,,,,,,,,,,,,,,,,,,,,,,,,,,,,,,,,,,,,,,,,,,,,,,,,,,,,,,,,,,,,,,,,,,,,,,,,,,,,,,,,,,,,,,,,,,,,,,,,,,1.0,1153256012502,2015-09-17,,10.0,46.73,G,13453631,12300,4210014,16,15701000001,bryansk,3200,1.0,0.0,34.2431345,53.3299289,house,0.0
3257034575,1.0,none,1.0,0.0,1.0,,,,,,,,,,,,445.0,0.0,,,,445.0,0.0,,,,,,,331.0,,,,,,,,114.0,,114.0,,,,445.0,445.0,,0.0,0.0,,,,0.0,,,0.0,,0.0,0.0,,,,,,,,,0.0,,,,,,,,,,,,,,,,,,,,,,,,,,,,,,,,,,,,,,,,,,,,,,,,,,,,,,,,,,,,,,,,,,,,,,,,,,,,,,,,,,,,,,,,,,,,,,,,,,,,,,,,,,,,,,,,,,,,,,,,,,,,,,,,,,,,,,,,1.0,1153256012524,2015-09-17,,10.0,68.32.20,L,13452815,20700,4210014,16,15701000001,bryansk,3200,0.0,0.0,34.348725,53.2353713,house,0.0
3257034600,1.0,none,1.0,0.0,1.0,29.0,,,,,,29.0,,,,,1455.0,673.0,,,,,782.0,,614.0,,,,,,,,28.0,,,,28.0,842.0,,,,,842.0,1484.0,1484.0,,6067.0,-5274.0,793.0,,,692.0,,,,,-101.0,692.0,,,,,,,,,692.0,,,,,,,,,,,,,,,,,,,,,,,,,,,,,,,,,,,,,,,,,,,,,,,,,,,,,,,,,,,,,,,,,,,,,,,,,,,,,,,,,,,,,,,,,,,,,,,,,,,,,,,,,,,,,,,,,,,,,,,,,,,,,,,,,,,,,,,,1.0,1153256012546,2015-09-18,,10.0,71.11.10,M,13454429,12300,4210014,16,15701000001,bryansk,3200,1.0,0.0,34.4096999,53.2679718,house,0.0
3257034649,1.0,none,1.0,0.0,0.0,119909.0,,0.0,,,,96704.0,0.0,358.0,22847.0,0.0,13660.0,12028.0,,369.0,1112.0,0.0,128.0,23.0,-37152.0,44.0,,,0.0,,0.0,-37196.0,92753.0,91367.0,1386.0,,0.0,77968.0,8669.0,69299.0,,,,133569.0,133569.0,-2990.0,23130.0,-26120.0,-10201.0,-5151.0,-2060.0,2446.0,,0.0,0.0,12766.0,-119.0,1775.0,-671.0,-15.0,-656.0,,,,,,1775.0,0.0,,,,,14622.0,14622.0,,,-39164.0,-39164.0,-53786.0,-53786.0,,,,,,,,,,,,,,,,,,-39164.0,-37143.0,2021.0,2021.0,,,,,,,,,,,,,,,,,,,,,,,,,,,,,,,320.0,23743.0,21593.0,,,,2150.0,,-23423.0,-17547.0,-2933.0,,,-2943.0,,,,,,,,,,,,,,,,,-404.0,,,,,,,,-404.0,,,-362.0,-42.0,,-84.0,212.0,,128.0,,,,,,,,,,,,,,,,,,,,,,,,1.0,1153256012612,2015-09-22,,10.0,46.90,G,29506522,12300,4210011,34,15634151051,bryansk,3200,0.0,0.0,31.5745264,53.0111423,street,0.0
3257034737,1.0,none,1.0,0.0,0.0,323.0,,,,,,317.0,,,,6.0,5345.0,47.0,,,3674.0,,1624.0,0.0,-5453.0,10.0,,,,,,-5463.0,,,,,,11121.0,,11121.0,,,,5668.0,5668.0,7955.0,25921.0,-17966.0,-1768.0,,-9723.0,-1893.0,,,,2758.0,-2883.0,-2169.0,-276.0,,,,,,,,-2169.0,,,,,,-3033.0,-3033.0,,,-3284.0,-3284.0,,,,,,,,,,,,,,,,,,,,-3284.0,-5453.0,-2169.0,-2169.0,,,,,,,,,,,,,,,,,,,,,,,,,,,,,,,1200.0,28293.0,26137.0,,,,2156.0,,-27093.0,-19140.0,-7262.0,,-252.0,-439.0,,,,,,,,,,,,,,,,,,,,,,,,,,,,,,,1200.0,424.0,,1624.0,0.0,,,,,,,,,,,,,,,,,,,,,,0.0,1.0,1153256012744,2015-09-24,,10.0,35.30,D,29506677,12300,4210014,16,15701000001,bryansk,3200,1.0,0.0,34.416349,53.2018161,house,0.0
3257034825,1.0,none,1.0,0.0,1.0,53974.0,,,,,,53974.0,,,,,45884.0,34198.0,,,,4944.0,6742.0,,89838.0,,,,,,,,5951.0,5951.0,,,,4069.0,0.0,4069.0,,,,99858.0,99858.0,,90326.0,-104258.0,-13932.0,,,-16771.0,,,,35.0,-2874.0,-17877.0,-1106.0,,,,,,,,-17877.0,,,,,,,,,,,,,,,,,,,,,,,,,,,,,,,,,,,,,,,,,,,,,,,,,,,,,,,,,,,,,,,,,,,,,,,,,,,,,,,,,,,,,,,,,,,,,,,,,,,,,,,,,,,,,,,,,,,,,,,,,,,,,,,,,,,,,,,,1.0,1153256012865,2015-09-30,,10.0,47.59,G,29506816,12300,4210014,16,15701000001,bryansk,3200,1.0,0.0,34.267776,53.3051592,street,0.0
3257035025,1.0,none,1.0,0.0,0.0,0.0,,0.0,,,,0.0,0.0,0.0,,0.0,1949.0,51.0,,0.0,87.0,0.0,1811.0,0.0,-995.0,,,,,,,,0.0,0.0,,,0.0,2944.0,0.0,2944.0,,,,1949.0,1949.0,15733.0,15733.0,0.0,388.0,,-15345.0,339.0,,0.0,0.0,0.0,-49.0,9.0,-330.0,,,,,,,,9.0,0.0,,,,,,,,,,,,,,,,,,,,,,,,,,,,,,,,,,,,,,,,,,,,,,,,,,,,,,,,,,,,,,,,,,,,,,,,,,,,,,,,,,,,,,,,,,,,,,,,,,,,,,,,,,,,,,,,,,,,,,,,,,,,,,,,,,,,,,,0.0,1153256013129,2015-10-05,,10.0,85.42.10,P,10451666,71400,4210014,16,15701000001,bryansk,3200,0.0,0.0,34.3228529,53.2627332,house,0.0
3257035106,1.0,none,1.0,0.0,0.0,10292.0,,0.0,,,,10292.0,0.0,0.0,,0.0,136537.0,11352.0,,0.0,3217.0,100700.0,21193.0,75.0,143573.0,10.0,0.0,,0.0,,0.0,143563.0,0.0,0.0,,,0.0,3256.0,0.0,3256.0,,,,146829.0,146829.0,31054.0,71704.0,-40650.0,-3528.0,-34582.0,0.0,-5815.0,,14706.0,0.0,185.0,-17178.0,-8962.0,-3147.0,-3147.0,0.0,,,,,,-8962.0,0.0,,,,,,,,,,,,,,,,,,,,,,,,,,,,,,,,,,,,,,,,,,,,,,,,,,,,,,,,,,,,,,,,,,,,,,,,,,,,,,,,,,,,,,,,,,,,,,,,,,,,,,,,,,,,,,,,,,,,,,,,,,,,,,,,,,,,,,,0.0,1153256013228,2015-10-08,,10.0,46.46.10,G,29507375,12300,4210014,16,15701000001,bryansk,3200,1.0,0.0,34.3346306,53.2507052,house,0.0
3257035120,1.0,none,1.0,0.0,1.0,0.0,,,,,,,,0.0,,,6.0,0.0,,,,6.0,,,-32.0,,,,,,,,,,,,,38.0,38.0,,,,,6.0,6.0,,,,,,,,,,,,,,,,,,,,,,,,,,,,,,,,,,,,,,,,,,,,,,,,,,,,,,,,,,,,,,,,,,,,,,,,,,,,,,,,,,,,,,,,,,,,,,,,,,,,,,,,,,,,,,,,,,,,,,,,,,,,,,,,,,,,,,,,,,,,,,,,,,,,,,,,,,,,,,1.0,1153256013272,2015-10-08,2025-12-24,10.0,68.32.10,L,29507429,12300,4210014,16,15701000001,bryansk,3200,1.0,0.0,34.3035673,53.3073599,house,0.0
3257035145,1.0,none,1.0,0.0,0.0,409.0,,0.0,,,,361.0,0.0,48.0,0.0,0.0,33306.0,1529.0,,0.0,31777.0,0.0,0.0,0.0,1943.0,10.0,0.0,,0.0,0.0,0.0,1933.0,85.0,85.0,0.0,0.0,0.0,31687.0,168.0,31519.0,0.0,0.0,0.0,33715.0,33715.0,0.0,0.0,0.0,0.0,0.0,0.0,0.0,0.0,0.0,0.0,0.0,0.0,0.0,0.0,0.0,0.0,,,,,0.0,0.0,,,,,,,,,,,,,,,,,,,,,,,,,,,,,,,,,,,,,,,,,,,,,,,,,,,,,,,,,,,,,,,,,,,,,,,,,,,,,,,,,,,,,,,,,,,,,,,,,,,,,,,,,,,,,,,,,,,,,,,,,,,,,,,,,,,,,,,,0.0,1153256013316,2015-10-09,,10.0,45.30,G,29507518,12300,4210014,16,15701000001,bryansk,3200,1.0,0.0,34.3284085,53.2399715,house,0.0
3257035152,1.0,none,1.0,0.0,0.0,,,,,,,,,,,,1642.0,,,,1122.0,,520.0,,1357.0,,,1357.0,,,,,,,,,,285.0,,285.0,,,,1642.0,1642.0,19.0,19.0,,19.0,,,19.0,,,,,,16.0,-3.0,0.0,,,,,,,16.0,,,,,,,,,,,,,,,,,,,,,,,,,,,,,,,,,,,,,,,,,,,,,,,,,,,,,,,,,,,,,,,,,,,,,,,,,,,,,,,,,,,,,,,,,,,,,,,,,,,,,,,,,,,,,,,,,963.0,2457.0,,,2438.0,,19.0,,-2900.0,0.0,,,0.0,-2900.0,-1194.0,,,-554.0,-1152.0,,0.0,,520.0,0.0,1153256013327,2015-10-09,,10.0,68.32,L,29507501,20700,4210014,16,15701000001,bryansk,3200,1.0,0.0,34.4132863,53.2611976,house,0.0
3257035233,1.0,none,1.0,0.0,0.0,4502.0,,,,,,,,4502.0,,,23742.0,8145.0,,,14799.0,,798.0,,22368.0,10.0,,,,,,22358.0,0.0,0.0,,,,5876.0,,5876.0,,,,28244.0,28244.0,0.0,0.0,0.0,0.0,0.0,,0.0,,0.0,,,0.0,0.0,0.0,0.0,,,,,,,0.0,,,,,,,,,,,,,,,,,,,,,,,,,,,,,,,,,,,,,,,,,,,,,,,,,,,,,,,,,,,,,,,,,,,,,,,,,,,,,,,,,,,,,,,,,,,,,,,,,,,,,,,,,,,,,,,,,,,,,,,,,,,,,,,,,,,,,,,,0.0,1153256013448,2015-10-14,,10.0,46.72.20,G,29507702,12300,4210014,16,15701000001,bryansk,3200,1.0,0.0,34.3077202,53.294445,house,0.0
3257035258,1.0,none,1.0,0.0,1.0,,,,,,,,,,,,392.0,0.0,,,,260.0,132.0,,210.0,,,,,,,,0.0,0.0,,,,182.0,0.0,182.0,,,,392.0,392.0,,10455.0,-10098.0,357.0,,,330.0,,,,,-27.0,248.0,-82.0,,,,,,,,248.0,,,,,,,,,,,,,,,,,,,,,,,,,,,,,,,,,,,,,,,,,,,,,,,,,,,,,,,,,,,,,,,,,,,,,,,,,,,,,,,,,,,,,,,,,,,,,,,,,,,,,,,,,,,,,,,,,,,,,,,,,,,,,,,,,,,,,,,,1.0,1153256013470,2015-10-15,,10.0,46.69.20,G,29507731,12300,4210014,16,15701000001,bryansk,3200,1.0,0.0,34.357417,53.2434619,house,0.0
3257035297,1.0,none,1.0,0.0,1.0,316.0,,,,,,316.0,,,,,11762.0,0.0,,,,11182.0,580.0,,-9592.0,,,,,,,,,,,,,21670.0,0.0,21670.0,,,,12078.0,12078.0,,73977.0,-109406.0,-35429.0,,,-36330.0,,,,510.0,-1411.0,-37260.0,-930.0,,,,,,,,-37260.0,,,,,,,,,,,,,,,,,,,,,,,,,,,,,,,,,,,,,,,,,,,,,,,,,,,,,,,,,,,,,,,,,,,,,,,,,,,,,,,,,,,,,,,,,,,,,,,,,,,,,,,,,,,,,,,,,,,,,,,,,,,,,,,,,,,,,,,,1.0,1153256013514,2015-10-15,,10.0,41.20,F,29507748,12300,4210014,16,15701000001,bryansk,3200,1.0,0.0,34.3438919,53.2426544,house,0.0
3257035339,1.0,none,1.0,0.0,1.0,16657.0,,,,,,1157.0,,15500.0,,,3246.0,8.0,,,,1031.0,2207.0,,18997.0,,,,,,,,,,,,,906.0,,906.0,,,,19903.0,19903.0,,59406.0,-45257.0,14149.0,,,13919.0,,,,236.0,-466.0,11641.0,-2278.0,,,,,,,,11641.0,,,,,,,,,,,,,,,,,,,,,,,,,,,,,,,,,,,,,,,,,,,,,,,,,,,,,,,,,,,,,,,,,,,,,,,,,,,,,,,,,,,,,,,,,,,,,,,,,,,,,,,,,,,,,,,,,,,,,,,,,,,,,,,,,,,,,,,,1.0,1153256013570,2015-10-19,,10.0,25.11,C,29507837,12300,4210014,16,15701000061,bryansk,3200,1.0,0.0,34.4762351,53.2595131,house,0.0
3257035378,1.0,none,1.0,0.0,0.0,1703.0,,,,,,1703.0,,,,,13266.0,8127.0,,,5138.0,,1.0,,275.0,10.0,,,,,,265.0,2449.0,2449.0,,,,12245.0,2707.0,9538.0,,,,14969.0,14969.0,,,,-39.0,,-39.0,-53.0,,,,,-14.0,-53.0,,,,,,,,,-53.0,,,,,,,,,,,,,,,,,,,,,,,,,,,,,,,,,,,,,,,,,,,,,,,,,,,,,,,,,,,,,,,,,,,,,,,,,,,,,,,,,,,,,,,,,,,,,,,,,,,,,,,,,,,,,,,,,,,,,,,,,,,,,,,,,,,,,,,,0.0,1153256013635,2015-10-20,,10.0,46.15,G,29507903,12300,4210014,16,15701000001,bryansk,3200,1.0,0.0,34.2891899,53.3455817,house,0.0
3257035402,1.0,none,1.0,0.0,1.0,6648.0,,,,,,6648.0,,,,,52795.0,1218.0,,,,48527.0,3050.0,,13951.0,,,,,,,,4645.0,4645.0,,,,40847.0,560.0,40287.0,,,,59443.0,59443.0,,,,,,,,,,,,,,,,,,,,,,,,,,,,,,,,,,,,,,,,,,,,,,,,,,,,,,,,,,,,,,,,,,,,,,,,,,,,,,,,,,,,,,,,,,,,,,,,,,,,,,,,,,,,,,,,,,,,,,,,,,,,,,,,,,,,,,,,,,,,,,,,,,,,,,,,,,,,,,1.0,1153256013679,2015-10-21,,10.0,31.01,C,29507984,12300,4210014,16,15701000001,bryansk,3200,1.0,0.0,34.4674508,53.2589931,house,0.0
3257035410,1.0,none,1.0,0.0,1.0,94.0,,,,,,94.0,,,,,9146.0,7407.0,,,,790.0,949.0,,8542.0,,,,,,,,,,,,,698.0,,698.0,,,,9240.0,9240.0,,13491.0,-12966.0,525.0,,,377.0,,,,45.0,-193.0,241.0,-136.0,,,,,,,,241.0,,,,,,,,,,,,,,,,,,,,,,,,,,,,,,,,,,,,,,,,,,,,,,,,,,,,,,,,,,,,,,,,,,,,,,,,,,,,,,,,,,,,,,,,,,,,,,,,,,,,,,,,,,,,,,,,,,,,,,,,,,,,,,,,,,,,,,,,1.0,1153256013701,2015-10-22,,10.0,47.53.30,G,29508096,12300,4210014,16,15701000001,bryansk,3200,1.0,0.0,34.3702029,53.2216346,house,0.0
3257035434,1.0,none,1.0,0.0,1.0,2332.0,,,,,,2332.0,,,,,692.0,0.0,,,,0.0,692.0,,-104.0,,,,,,,,0.0,0.0,,,,3128.0,2723.0,405.0,,,,3024.0,3024.0,,6348.0,-6222.0,126.0,,,126.0,,,,,0.0,95.0,-31.0,,,,,,,,95.0,,,,,,,,,,,,,,,,,,,,,,,,,,,,,,,,,,,,,,,,,,,,,,,,,,,,,,,,,,,,,,,,,,,,,,,,,,,,,,,,,,,,,,,,,,,,,,,,,,,,,,,,,,,,,,,,,,,,,,,,,,,,,,,,,,,,,,,,1.0,1153256013712,2015-10-22,,10.0,77.32,N,29508088,12300,4210014,16,15701000001,bryansk,3200,1.0,0.0,34.4219234,53.2049824,house,0.0
3257035441,1.0,none,1.0,0.0,0.0,1887.0,,0.0,,,,1887.0,0.0,0.0,,0.0,37939.0,3705.0,,0.0,10238.0,22000.0,1979.0,17.0,38161.0,10.0,,,0.0,,0.0,38151.0,0.0,0.0,,,0.0,1665.0,0.0,1665.0,,,,39826.0,39826.0,16040.0,48394.0,-32354.0,8260.0,-7780.0,,10968.0,,3035.0,0.0,53.0,-380.0,9282.0,-1686.0,,,,,,,,9282.0,0.0,,,,,30171.0,30171.0,,,37082.0,37082.0,10541.0,10541.0,,,,,,,-3630.0,,,,,,,-3630.0,,,,37082.0,38161.0,9282.0,9282.0,,,,,,,-8202.0,,,,,,,-8202.0,,,,,,,,,,,,,,,,,5557.0,49489.0,47978.0,,,,1511.0,,-43932.0,-36674.0,-4924.0,,,-2334.0,,3035.0,3035.0,,,,,3035.0,,,,,,,,,-8202.0,,,,,,,,-8202.0,,-8202.0,,,,390.0,1590.0,,1980.0,,,,,,,,,,,,,,,,,,,,,,,,1.0,1153256013734,2015-10-22,,10.0,46.46.20,G,29508044,12300,4210014,16,15701000001,bryansk,3200,1.0,0.0,34.3655513,53.227436,house,0.0
3257035473,1.0,none,1.0,0.0,1.0,1485.0,,,,,,1485.0,,,,,6848.0,443.0,,,,5304.0,1101.0,,3789.0,,,,,,,,44.0,,,,44.0,4500.0,,4500.0,,,,8333.0,8333.0,,5509.0,-3225.0,2284.0,,,2203.0,,,,,-81.0,1578.0,-625.0,,,,,,,,1578.0,,,,,,,,,,,,,,,,,,,,,,,,,,,,,,,,,,,,,,,,,,,,,,,,,,,,,,,,,,,,,,,,,,,,,,,,,,,,,,,,,,,,,,,,,,,,,,,,,,,,,,,,,,,,,,,,,,,,,,,,,,,,,,,,,,,,,,,,1.0,1153256013789,2015-10-26,,10.0,43.91,F,29508245,12300,4210014,16,15701000001,bryansk,3200,0.0,0.0,34.364215,53.2588838,house,0.0
3257035498,1.0,none,1.0,0.0,1.0,,,,,,,,,,,,4573.0,604.0,,,,3700.0,269.0,,1777.0,,,,,,,,2.0,2.0,,,0.0,2794.0,10.0,2784.0,,,,4573.0,4573.0,,8631.0,-8239.0,392.0,,,363.0,,,,,-29.0,104.0,-259.0,,,,,,,,104.0,,,,,,,,,,,,,,,,,,,,,,,,,,,,,,,,,,,,,,,,,,,,,,,,,,,,,,,,,,,,,,,,,,,,,,,,,,,,,,,,,,,,,,,,,,,,,,,,,,,,,,,,,,,,,,,,,,,,,,,,,,,,,,,,,,,,,,,,1.0,1153256013811,2015-10-26,,10.0,43.29,F,29508142,12300,4210014,16,15701000001,bryansk,3200,1.0,0.0,34.3938291,53.2795086,house,0.0
3257035515,1.0,none,1.0,0.0,1.0,52.0,,,,,,,,52.0,,,32058.0,803.0,,,,31098.0,157.0,,15937.0,,,,,,,,13148.0,13147.0,,,1.0,3024.0,292.0,2732.0,,,,32110.0,32110.0,,125997.0,-115439.0,10558.0,,,4586.0,,,-2668.0,904.0,-4208.0,3440.0,-1146.0,,,,,,,,3440.0,,,,,,,,,,,,,,,,,,,,,,,,,,,,,,,,,,,,,,,,,,,,,,,,,,,,,,,,,,,,,,,,,,,,,,,,,,,,,,,,,,,,,,,,,,,,,,,,,,,,,,,,,,,,,,,,,,,,,,,,,,,,,,,,,,,,,,,,1.0,1153256013822,2015-10-26,,10.0,63.11.10,J,29508280,12300,4210014,16,15701000001,bryansk,3200,1.0,0.0,34.3399325,53.2588987,house,0.0
3257035530,1.0,none,1.0,0.0,1.0,27.0,,,,,,27.0,,,,,623.0,,,,,547.0,76.0,,-14055.0,,,,,,,,13621.0,13621.0,,,,1084.0,1084.0,0.0,,,,650.0,650.0,,216.0,-2611.0,-2395.0,,,-3212.0,,,-600.0,0.0,-217.0,-3225.0,-13.0,,,,,,,,-3225.0,,,,,,,,,,,,,,,,,,,,,,,,,,,,,,,,,,,,,,,,,,,,,,,,,,,,,,,,,,,,,,,,,,,,,,,,,,,,,,,,,,,,,,,,,,,,,,,,,,,,,,,,,,,,,,,,,,,,,,,,,,,,,,,,,,,,,,,,1.0,1153256013844,2015-10-26,,10.0,01.50,A,29508239,12300,4210014,16,15608455116,bryansk,3200,1.0,0.0,34.2595968,53.2486339,house,0.0
3257035547,1.0,none,1.0,0.0,1.0,177.0,,,,,,177.0,,,,,2880.0,0.0,,,,2880.0,0.0,,182.0,,,,,,,,2058.0,2058.0,,,0.0,817.0,,817.0,,,,3057.0,3057.0,,11155.0,-10439.0,716.0,,,12.0,,,,18.0,-722.0,12.0,0.0,,,,,,,,12.0,,,,,,,,,,,,,,,,,,,,,,,,,,,,,,,,,,,,,,,,,,,,,,,,,,,,,,,,,,,,,,,,,,,,,,,,,,,,,,,,,,,,,,,,,,,,,,,,,,,,,,,,,,,,,,,,,,,,,,,,,,,,,,,,,,,,,,,,1.0,1153256013855,2015-10-27,,10.0,46.73,G,29508334,12300,4210014,16,15701000001,bryansk,3200,1.0,0.0,34.4331125,53.2100464,house,0.0
3257035610,1.0,none,1.0,0.0,0.0,4802.0,,,,,,4802.0,,,,,9658.0,,,,9657.0,,1.0,,13045.0,10.0,0.0,,,,,13035.0,0.0,,,,0.0,1415.0,1158.0,257.0,,,,14460.0,14460.0,1982.0,9950.0,-7968.0,1982.0,0.0,0.0,524.0,,,0.0,197.0,-1655.0,149.0,-304.0,-304.0,0.0,,,,,-71.0,149.0,,,,,,,,,,,,,,,,,,,,,,,,,,,,,,,,,,,,,,,,,,,,,,,,,,,,,,,,,,,,,,,,,,,,,,,,,,,,,,,,,,,,,,,,,,,,,,,,,,,,,,,,,,,,,,,,,,,,,,,,,,,,,,,,,,,,,,,,0.0,1153256013965,2015-10-29,,10.0,69.10,M,29508481,12300,4210014,16,15701000001,bryansk,3200,1.0,0.0,34.3667566,53.2449974,house,0.0
3257035650,1.0,none,1.0,0.0,1.0,,,,,,,,,,,,2291.0,,,,,2215.0,76.0,,1778.0,,,,,,,,,,,,,513.0,234.0,279.0,,,0.0,2291.0,2291.0,,14789.0,-14110.0,679.0,,,679.0,,,,,,531.0,-148.0,,,,,,,,531.0,,,,,,,,,,,,,,,,,,,,,,,,,,,,,,,,,,,,,,,,,,,,,,,,,,,,,,,,,,,,,,,,,,,,,,,,,,,,,,,,,,,,,,,,,,,,,,,,,,,,,,,,,,,,,,,,,,,,,,,,,,,,,,,,,,,,,,,,1.0,1153256014010,2015-10-30,,10.0,49.39,H,29508541,12300,4210014,16,15701000001,bryansk,3200,1.0,0.0,34.3658134,53.227235,house,0.0
3257035674,1.0,none,1.0,0.0,1.0,0.0,,,,,,0.0,,,,,67404.0,21.0,,,,67383.0,0.0,,67404.0,,,,,,,,0.0,0.0,,,,0.0,0.0,0.0,,,,67404.0,67404.0,,0.0,0.0,,,,0.0,,,0.0,0.0,0.0,0.0,0.0,,,,,,,,0.0,,,,,,,,,,,,,,,,,,,,,,,,,,,,,,,,,,,,,,,,,,,,,,,,,,,,,,,,,,,,,,,,,,,,,,,,,,,,,,,,,,,,,,,,,,,,,,,,,,,,,,,,,,,,,,,,,,,,,,,,,,,,,,,,,,,,,,,,1.0,1153256014064,2015-10-30,,10.0,80.10,N,29508647,12300,4210014,16,15701000001,bryansk,3200,1.0,0.0,34.2787547,53.308567,house,0.0
3257035681,1.0,none,1.0,0.0,1.0,64425.0,,,,,,64425.0,,,,,444.0,,,,,352.0,92.0,,-4390.0,,,,,,,,66213.0,66213.0,,,,3048.0,2061.0,987.0,,,,64870.0,64870.0,,,0.0,0.0,,,-16.0,,,0.0,,-16.0,-16.0,,,,,,,,,-16.0,,,,,,,,,,,,,,,,,,,,,,,,,,,,,,,,,,,,,,,,,,,,,,,,,,,,,,,,,,,,,,,,,,,,,,,,,,,,,,,,,,,,,,,,,,,,,,,,,,,,,,,,,,,,,,,,,,,,,,,,,,,,,,,,,,,,,,,,1.0,1153256014108,2015-11-02,,10.0,41.20,F,29508653,12300,4210014,16,45381000000,moscow city,7700,1.0,0.0,37.6575929,55.7470142,street,0.0
3257035709,1.0,none,1.0,0.0,1.0,85.0,,,,,,,,85.0,,,1.0,,,,,0.0,1.0,,-54.0,,,,,,,,60.0,60.0,,,,80.0,10.0,70.0,,,,86.0,86.0,,,-12.0,-12.0,,,-12.0,,,,,0.0,-12.0,0.0,,,,,,,,-12.0,,,,,,,,,,,,,,,,,,,,,,,,,,,,,,,,,,,,,,,,,,,,,,,,,,,,,,,,,,,,,,,,,,,,,,,,,,,,,,,,,,,,,,,,,,,,,,,,,,,,,,,,,,,,,,,,,,,,,,,,,,,,,,,,,,,,,,,,1.0,1153256014141,2015-11-03,,10.0,49.41.20,H,29508736,12300,4210014,16,15701000001,bryansk,3200,1.0,0.0,34.3275303,53.2418699,street,0.0
3257035723,1.0,none,1.0,0.0,1.0,637.0,,,,,,637.0,,,,,24800.0,21329.0,,,,3244.0,227.0,,13547.0,,,,,,,,1587.0,1587.0,,,,10303.0,,10303.0,,,,25437.0,25437.0,,109547.0,-109142.0,405.0,,,-10361.0,,,-42.0,,-10724.0,-11475.0,-1114.0,,,,,,,,-11475.0,,,,,,,,,,,,,,,,,,,,,,,,,,,,,,,,,,,,,,,,,,,,,,,,,,,,,,,,,,,,,,,,,,,,,,,,,,,,,,,,,,,,,,,,,,,,,,,,,,,,,,,,,,,,,,,,,,,,,,,,,,,,,,,,,,,,,,,,1.0,1153256014174,2015-11-03,,10.0,46.38,G,29508765,12300,4210014,16,15701000001,bryansk,3200,1.0,0.0,34.3678873,53.260088,street,0.0
3257035730,1.0,none,1.0,0.0,1.0,18.0,,,,,,,,18.0,,,3635.0,1406.0,,,,1874.0,355.0,,2628.0,,,,,,,,,,,,,1025.0,0.0,1025.0,,,,3653.0,3653.0,,8274.0,-6941.0,1333.0,,,1318.0,,,,0.0,-15.0,976.0,-342.0,,,,,,,,976.0,,,,,,,,,,,,,,,,,,,,,,,,,,,,,,,,,,,,,,,,,,,,,,,,,,,,,,,,,,,,,,,,,,,,,,,,,,,,,,,,,,,,,,,,,,,,,,,,,,,,,,,,,,,,,,,,,,,,,,,,,,,,,,,,,,,,,,,,1.0,1153256014185,2015-11-03,,10.0,10.89,C,29508720,12300,4210014,16,15701000001,bryansk,3200,1.0,0.0,34.3249421,53.2334482,house,0.0
3257035755,1.0,none,1.0,0.0,1.0,,,,,,,,,,,,5.0,0.0,,,,2.0,3.0,,-72.0,,,,,,,,,,,,,77.0,38.0,39.0,,,,5.0,5.0,,1347.0,-1334.0,13.0,,,-3.0,,,,,-16.0,-16.0,-13.0,,,,,,,,-16.0,,,,,,,,,,,,,,,,,,,,,,,,,,,,,,,,,,,,,,,,,,,,,,,,,,,,,,,,,,,,,,,,,,,,,,,,,,,,,,,,,,,,,,,,,,,,,,,,,,,,,,,,,,,,,,,,,,,,,,,,,,,,,,,,,,,,,,,,1.0,1153256014207,2015-11-05,,10.0,72.19,M,29508883,12300,4210014,16,15608455101,bryansk,3200,1.0,0.0,34.2918824,53.2678078,house,0.0
3257035762,1.0,none,1.0,0.0,1.0,,,,,,,,,,,,208.0,,,,,203.0,5.0,,176.0,,,,,,,,,,,,,31.0,,31.0,,,,207.0,207.0,,,,,,,-359.0,,,,80.0,-439.0,-359.0,,,,,,,,,-359.0,,,,,,,,,,,,,,,,,,,,,,,,,,,,,,,,,,,,,,,,,,,,,,,,,,,,,,,,,,,,,,,,,,,,,,,,,,,,,,,,,,,,,,,,,,,,,,,,,,,,,,,,,,,,,,,,,,,,,,,,,,,,,,,,,,,,,,,,1.0,1153256014218,2015-11-05,,10.0,17.22,C,29508860,12300,4210014,16,15701000001,bryansk,3200,1.0,0.0,34.4282106,53.2222968,house,0.0
3257035770,1.0,none,1.0,0.0,0.0,,,,,,,,,,,,10.0,,,,,,10.0,,10.0,10.0,,,,,,,,,,,,,,,,,,10.0,10.0,,,,,,,,,,,,,,,,,,,,,,,,,,,,,,,,,,,,,,,,,,,,,,,,,,,,,,,,,,,,,,,,,,,,,,,,,,,,,,,,,,,,,,,,,,,,,,,,,,,,,,,,,,,,,,,,,,,,,,,,,,,,,,,,,,,,,,,,,,,,,,,,,,,,,,,,,,,,,,0.0,1153256014230,2015-11-05,,10.0,71.11.10,M,29508854,12300,4210014,16,15701000001,bryansk,3200,1.0,0.0,34.3244817,53.2401236,house,0.0
3257035804,1.0,none,1.0,0.0,0.0,0.0,,0.0,,,,0.0,0.0,0.0,,0.0,8630.0,1921.0,,8.0,6501.0,0.0,201.0,0.0,2327.0,10.0,,,0.0,,0.0,2317.0,0.0,0.0,,,0.0,6303.0,0.0,6303.0,,,,8630.0,8630.0,7830.0,38065.0,-30235.0,347.0,-7483.0,,135.0,,0.0,0.0,305.0,-517.0,-208.0,-343.0,-343.0,,,,,,,-208.0,0.0,,,,,,,,,,,,,,,,,,,,,,,,,,,,,,,,,,,,,,,,,,,,,,,,,,,,,,,,,,,,,,,,,,,,,,,,,,,,,,,,,,,,,,,,,,,,,,,,,,,,,,,,,,,,,,,,,,,,,,,,,,,,,,,,,,,,,,,0.0,1153256014251,2015-11-06,,10.0,46.73,G,29511141,12300,4210014,16,15701000001,bryansk,3200,1.0,0.0,34.3035673,53.3073599,house,0.0
3257035882,1.0,none,1.0,0.0,1.0,,,,,,,,,,,,44.0,36.0,,,,8.0,0.0,,10.0,,,,,,,,,,,,,34.0,,34.0,,,,44.0,44.0,,0.0,0.0,,,,0.0,,,,,0.0,0.0,0.0,,,,,,,,0.0,,,,,,,,,,,,,,,,,,,,,,,,,,,,,,,,,,,,,,,,,,,,,,,,,,,,,,,,,,,,,,,,,,,,,,,,,,,,,,,,,,,,,,,,,,,,,,,,,,,,,,,,,,,,,,,,,,,,,,,,,,,,,,,,,,,,,,,,1.0,1153256014361,2015-11-09,,10.0,66.20,K,29509049,12300,4210014,16,15701000001,bryansk,3200,1.0,0.0,34.3570648,53.2359254,house,0.0
3257035931,1.0,none,1.0,0.0,1.0,1982.0,,,,,,1982.0,,,,,3107.0,1996.0,,,,487.0,624.0,,1302.0,,,,,,,,3312.0,3312.0,,,,475.0,,475.0,,,,5089.0,5089.0,,6567.0,-6507.0,60.0,,,-1.0,,,,115.0,-176.0,-18.0,-17.0,,,,,,,,-18.0,,,,,,,,,,,,,,,,,,,,,,,,,,,,,,,,,,,,,,,,,,,,,,,,,,,,,,,,,,,,,,,,,,,,,,,,,,,,,,,,,,,,,,,,,,,,,,,,,,,,,,,,,,,,,,,,,,,,,,,,,,,,,,,,,,,,,,,,1.0,1153256014438,2015-11-10,,10.0,46.66,G,29509084,12300,4210014,16,15701000001,bryansk,3200,1.0,0.0,34.3283979,53.2653816,street,0.0
3257035956,1.0,none,1.0,0.0,1.0,32529.0,,,,,,32529.0,,0.0,,,9524.0,0.0,,,,8527.0,997.0,,1842.0,,,,,,,,38229.0,5152.0,,,33077.0,1982.0,0.0,1982.0,,,,42053.0,42053.0,,90784.0,-87169.0,3615.0,,,73.0,,,-3057.0,1.0,-486.0,22.0,-51.0,,,,,,,,22.0,,,,,,,,,,,,,,,,,,,,,,,,,,,,,,,,,,,,,,,,,,,,,,,,,,,,,,,,,,,,,,,,,,,,,,,,,,,,,,,,,,,,,,,,,,,,,,,,,,,,,,,,,,,,,,,,,,,,,,,,,,,,,,,,,,,,,,,,1.0,1153256014460,2015-11-10,,10.0,52.29,H,29509090,12300,4210014,16,15701000001,bryansk,3200,1.0,0.0,34.3203347,53.2642204,house,0.0
3257035988,1.0,none,1.0,0.0,0.0,,,,,,,,,,,,1749.0,361.0,,,1319.0,,69.0,,949.0,10.0,,,,,,939.0,,,,,,800.0,505.0,295.0,,,,1749.0,1749.0,281.0,3345.0,-3064.0,281.0,0.0,0.0,281.0,,,,,,242.0,-39.0,,,,,,,,242.0,,,,,,,,,,,,,,,,,,,,,,,,,,,,,,,,,,,,,,,,,,,,,,,,,,,,,,,,,,,,,,,,,,,,,,,,,,,,,,,,,,,,,,,,,,,,,,,,,,,,,,,,,,,,,,,,,,,,,,,,,,,,,,,,,,,,,,,,0.0,1153256014504,2015-11-11,,10.0,46.21,G,29509181,12300,4210014,16,15701000001,bryansk,3200,1.0,0.0,34.3221907,53.2806708,house,0.0
3257036036,1.0,none,1.0,0.0,1.0,,,,,,,,,,,,10.0,,,,,0.0,10.0,,10.0,,,,,,,,0.0,0.0,,,,0.0,,0.0,,,,10.0,10.0,,,,,,,,,,,,,0.0,,,,,,,,,0.0,,,,,,,,,,,,,,,,,,,,,,,,,,,,,,,,,,,,,,,,,,,,,,,,,,,,,,,,,,,,,,,,,,,,,,,,,,,,,,,,,,,,,,,,,,,,,,,,,,,,,,,,,,,,,,,,,,,,,,,,,,,,,,,,,,,,,,,,1.0,1153256014560,2015-11-11,,10.0,47.53.30,G,29509204,12300,4210014,16,45384000000,moscow city,7700,1.0,0.0,37.6146723,55.7226333,street,0.0
3257036131,1.0,none,1.0,0.0,0.0,12991.0,,6.0,,,,12985.0,0.0,0.0,,0.0,42190.0,4630.0,,0.0,1362.0,36100.0,93.0,5.0,52906.0,100.0,,,0.0,,0.0,52806.0,0.0,0.0,,,0.0,2275.0,0.0,2275.0,,,,55181.0,55181.0,17439.0,56059.0,-38620.0,11192.0,,-6247.0,14739.0,,3878.0,0.0,20.0,-351.0,14739.0,0.0,0.0,,,,,,,14739.0,0.0,,,,,,,,,,,,,,,,,,,,,,,,,,,,,,,,,,,,,,,,,,,,,,,,,,,,,,,,,,,,,,,,,,,,,,,,,,,,,,,,,,,,,,,,,,,,,,,,,,,,,,,,,,,,,,,,,,,,,,,,,,,,,,,,,,,,,,,1.0,1153256014680,2015-11-12,,10.0,26.30.19,C,29509428,12300,4210014,16,15701000001,bryansk,3200,1.0,0.0,34.3113424,53.3125066,street,0.0
3257036156,1.0,none,1.0,0.0,1.0,,,,,,,,,,,,495.0,271.0,,,,136.0,88.0,,295.0,,,,,,,,192.0,192.0,,,0.0,8.0,,8.0,,,,495.0,495.0,,514.0,-532.0,-18.0,,,-26.0,,,,0.0,-8.0,-31.0,-5.0,,,,,,,,-31.0,,,,,,,,,,,,,,,,,,,,,,,,,,,,,,,,,,,,,,,,,,,,,,,,,,,,,,,,,,,,,,,,,,,,,,,,,,,,,,,,,,,,,,,,,,,,,,,,,,,,,,,,,,,,,,,,,,,,,,,,,,,,,,,,,,,,,,,,1.0,1153256014702,2015-11-12,,10.0,47.78.30,G,29509339,12300,4210014,16,15701000001,bryansk,3200,1.0,0.0,34.3135653,53.2961979,house,0.0
3257036163,1.0,none,1.0,0.0,0.0,160.0,,,,,,160.0,,,,,30445.0,10093.0,,0.0,12905.0,,5655.0,1792.0,23032.0,50.0,,,,,,22982.0,2187.0,,2187.0,,0.0,5386.0,,5386.0,,,,30605.0,30605.0,54996.0,124343.0,-69347.0,17155.0,,-37841.0,17155.0,,,,,,17155.0,0.0,0.0,0.0,,,,,0.0,17155.0,,,,,,,,,,,,,,,,,,,,,,,,,,,,,,,,,,,,,,,,,,,,,,,,,,,,,,,,,,,,,,,,,,,,,,,,,,,,,,,,,,,,,,,,,,,,,,,,,,,,,,,,,,,,,,,,,,,,,,,,,,,,,,,,,,,,,,,,0.0,1153256014724,2015-11-13,,10.0,30.20.90,C,29509434,12300,4210014,16,15701000001,bryansk,3200,1.0,0.0,34.3813405,53.2493108,house,0.0
3257036170,1.0,none,1.0,0.0,0.0,6619.0,,0.0,,,,6619.0,0.0,0.0,,0.0,34126.0,13439.0,,0.0,19689.0,0.0,998.0,0.0,26879.0,10.0,,,0.0,,0.0,26869.0,0.0,0.0,,,0.0,13866.0,0.0,10029.0,,,,40745.0,40745.0,274162.0,289785.0,-15623.0,11737.0,,-262425.0,11673.0,,0.0,0.0,104.0,-168.0,8755.0,-2918.0,-2918.0,,,,,,,8755.0,0.0,,,,,,,,,,,,,,,,,,,,,,,,,,,,,,,,,,,,,,,,,,,,,,,,,,,,,,,,,,,,,,,,-527.0,289785.0,289785.0,,,,,,-290312.0,-281522.0,-3938.0,,-2879.0,-1973.0,,,,,,,,,,,,,,,,,,,,,,,,,,,,,,,-527.0,1525.0,,998.0,,,,,,,,,,,,,,,,,,,,,,,,,1153256014735,2015-11-13,,10.0,43.29,F,29509440,12300,4210014,16,15701000001,bryansk,3200,0.0,0.0,34.3370062,53.2456742,house,0.0
3257036188,1.0,none,1.0,0.0,1.0,,,,,,,,,,,,1155.0,181.0,,,,901.0,73.0,,1054.0,,,,,,,,,,,,,101.0,0.0,101.0,,,,1155.0,1155.0,,1783.0,-1615.0,168.0,,,151.0,,,0.0,,-17.0,98.0,-53.0,,,,,,,,98.0,,,,,,,,,,,,,,,,,,,,,,,,,,,,,,,,,,,,,,,,,,,,,,,,,,,,,,,,,,,,,,,,,,,,,,,,,,,,,,,,,,,,,,,,,,,,,,,,,,,,,,,,,,,,,,,,,,,,,,,,,,,,,,,,,,,,,,,,1.0,1153256014768,2015-11-13,,10.0,69.10,M,29509457,12300,4210014,16,15701000001,bryansk,3200,1.0,0.0,34.2991301,53.3024776,house,0.0
3257036205,1.0,none,1.0,0.0,1.0,31.0,,,,,,31.0,,,,,857.0,,,,,850.0,7.0,,887.0,,,,,,,,,,,,,1.0,,1.0,,,,888.0,888.0,,3927.0,-3644.0,283.0,,,248.0,,,,,-35.0,248.0,,,,,,,,,248.0,,,,,,,,,,,,,,,,,,,,,,,,,,,,,,,,,,,,,,,,,,,,,,,,,,,,,,,,,,,,,,,,,,,,,,,,,,,,,,,,,,,,,,,,,,,,,,,,,,,,,,,,,,,,,,,,,,,,,,,,,,,,,,,,,,,,,,,,1.0,1153256014823,2015-11-16,,10.0,86.23,Q,29509552,12300,4210014,16,15701000001,bryansk,3200,1.0,0.0,34.2559205,53.2960315,street,0.0
3257036212,1.0,none,1.0,0.0,1.0,,,,,,,,,,,,87188.0,68088.0,,,,14721.0,4379.0,,83790.0,,,,,,,,,,,,,3398.0,,3341.0,,,57.0,87188.0,87188.0,,39297.0,-24320.0,14977.0,,,12356.0,,,,,-2621.0,11177.0,-1179.0,,,,,,,,11177.0,,,,,,,,,,,,,,,,,,,,,,,,,,,,,,,,,,,,,,,,,,,,,,,,,,,,,,,,,,,,,,,,,,,,,,,,,,,,,,,,,,,,,,,,,,,,,,,,,,,,,,,,,,,,,,,,,,,,,,,,,,,,,,,,,,,,,,,,1.0,1153256014834,2015-11-16,,10.0,81.22,N,29509670,12300,4210014,16,15701000001,bryansk,3200,1.0,0.0,34.3739339,53.2562669,house,0.0
3257036332,1.0,none,1.0,0.0,0.0,176.0,,0.0,,,,176.0,0.0,0.0,,0.0,1588.0,1088.0,,0.0,483.0,0.0,4.0,13.0,-86.0,10.0,,,0.0,,0.0,-96.0,1312.0,1312.0,,,0.0,537.0,0.0,537.0,,,,1764.0,1764.0,2681.0,2786.0,-105.0,15.0,,-2666.0,10.0,,0.0,0.0,0.0,-5.0,9.0,-1.0,-1.0,,,,,,,9.0,0.0,,,,,,,,,,,,,,,,,,,,,,,,,,,,,,,,,,,,,,,,,,,,,,,,,,,,,,,,,,,,,,,,,,,,,,,,,,,,,,,,,,,,,,,,,,,,,,,,,,,,,,,,,,,,,,,,,,,,,,,,,,,,,,,,,,,,,,,0.0,1153256015021,2015-11-18,,10.0,18.12,C,29509813,12300,4210014,16,15701000001,bryansk,3200,1.0,0.0,34.3536499,53.2412998,house,0.0
3257036484,1.0,none,1.0,0.0,1.0,,,,,,,,,,,,14124.0,1.0,,,,14047.0,76.0,,597.0,,,,,,,,3535.0,3535.0,,,,9991.0,,9991.0,,,,14123.0,14123.0,,0.0,-6.0,-6.0,,,-22.0,,,,,-16.0,-22.0,0.0,,,,,,,,-22.0,,,,,,,,,,,,,,,,,,,,,,,,,,,,,,,,,,,,,,,,,,,,,,,,,,,,,,,,,,,,,,,,,,,,,,,,,,,,,,,,,,,,,,,,,,,,,,,,,,,,,,,,,,,,,,,,,,,,,,,,,,,,,,,,,,,,,,,,1.0,1153256015164,2015-11-20,,10.0,46.43,G,29510041,12300,4210014,16,15701000001,bryansk,3200,1.0,0.0,34.3164799,53.321882,house,0.0
3257036526,1.0,none,1.0,0.0,1.0,,,,,,,,,,,,32.0,,,,,18.0,14.0,,32.0,,,,,,,,,,,,,0.0,,0.0,,,,32.0,32.0,,0.0,0.0,,,,-81.0,,,,,-81.0,-81.0,0.0,,,,,,,,-81.0,,,,,,,,,,,,,,,,,,,,,,,,,,,,,,,,,,,,,,,,,,,,,,,,,,,,,,,,,,,,,,,,,,,,,,,,,,,,,,,,,,,,,,,,,,,,,,,,,,,,,,,,,,,,,,,,,,,,,,,,,,,,,,,,,,,,,,,,1.0,1153256015220,2015-11-23,,10.0,46.73.60,G,29510118,12300,4210014,16,15701000001,bryansk,3200,1.0,0.0,34.3680061,53.2497006,house,0.0
3257036572,1.0,none,1.0,0.0,1.0,,,,,,,,,,,,19104.0,12300.0,,,,5958.0,846.0,,1785.0,,,,,,,,3200.0,3200.0,,,,14119.0,,14119.0,,,,19104.0,19104.0,,100397.0,-93613.0,6784.0,,,6333.0,,,,111.0,-562.0,407.0,-5926.0,,,,,,,,407.0,,,,,,,,,,,,,,,,,,,,,,,,,,,,,,,,,,,,,,,,,,,,,,,,,,,,,,,,,,,,,,,,,,,,,,,,,,,,,,,,,,,,,,,,,,,,,,,,,,,,,,,,,,,,,,,,,,,,,,,,,,,,,,,,,,,,,,,,1.0,1153256015307,2015-11-24,,10.0,43.21,F,29510213,12300,4210014,16,46734000001,moscow reg.,5000,1.0,0.0,37.8150443,55.9190049,city,0.0
3257036639,1.0,none,1.0,0.0,0.0,,,,,,,,,,,,47.0,,,,0.0,,47.0,0.0,47.0,10.0,,,,,,37.0,0.0,,,,0.0,0.0,,0.0,,,,47.0,47.0,4.0,4.0,0.0,-619.0,-623.0,0.0,16.0,,,0.0,646.0,-11.0,9.0,-7.0,-7.0,,,,,,0.0,9.0,,,,,,,,,,,,,,,,,,,,,,,,,,,,,,,,,,,,,,,,,,,,,,,,,,,,,,,,,,,,,,,,,,,,,,,,,,,,,,,,,,,,,,,,,,,,,,,,,,,,,,,,,,,,,,,,,,,,,,,,,,,,,,,,,,,,,,,,0.0,1153256015428,2015-11-26,,10.0,68.32.20,L,29510457,12300,4210014,16,15701000001,bryansk,3200,1.0,0.0,34.335992,53.2461555,house,0.0
3257036653,1.0,none,1.0,0.0,1.0,5616.0,,,,,,5616.0,,,,,7375.0,1817.0,,,,5362.0,196.0,,6568.0,,,,,,,,4826.0,4826.0,,,,1597.0,,1597.0,,,0.0,12991.0,12991.0,,60145.0,-53967.0,6178.0,,,6050.0,,,,0.0,-128.0,5112.0,-938.0,,,,,,,,5112.0,,,,,,,,,,,,,,,,,,,,,,,,,,,,,,,,,,,,,,,,,,,,,,,,,,,,,,,,,,,,,,,,,,,,,,,,,,,,,,,,,,,,,,,,,,,,,,,,,,,,,,,,,,,,,,,,,,,,,,,,,,,,,,,,,,,,,,,,1.0,1153256015440,2015-11-26,,10.0,43.99,F,29510443,12300,4210014,16,15701000001,bryansk,3200,0.0,0.0,34.343916,53.2718005,house,0.0
3257036702,1.0,none,1.0,0.0,1.0,,,,,,,,,,,,970.0,701.0,,,,231.0,38.0,,-108.0,,,,,,,,,,,,,1078.0,,1078.0,,,,970.0,970.0,,5048.0,-5975.0,-927.0,,,-1035.0,,,,,-108.0,-1197.0,-162.0,,,,,,,,-1197.0,,,,,,,,,,,,,,,,,,,,,,,,,,,,,,,,,,,,,,,,,,,,,,,,,,,,,,,,,,,,,,,,,,,,,,,,,,,,,,,,,,,,,,,,,,,,,,,,,,,,,,,,,,,,,,,,,,,,,,,,,,,,,,,,,,,,,,,,1.0,1153256015483,2015-11-27,,10.0,58.13,J,29510532,12300,4210014,16,15701000001,bryansk,3200,1.0,0.0,34.3647733,53.2449292,house,0.0
3257036741,1.0,none,1.0,0.0,1.0,600.0,,,,,,,,600.0,,,19300.0,2714.0,,,,16564.0,22.0,,263.0,,,,,,,,,,,,,19637.0,694.0,18943.0,,,,19900.0,19900.0,,6150.0,-5933.0,217.0,,,201.0,,,,,-16.0,151.0,-50.0,,,,,,,,151.0,,,,,,,,,,,,,,,,,,,,,,,,,,,,,,,,,,,,,,,,,,,,,,,,,,,,,,,,,,,,,,,,,,,,,,,,,,,,,,,,,,,,,,,,,,,,,,,,,,,,,,,,,,,,,,,,,,,,,,,,,,,,,,,,,,,,,,,,1.0,1153256015593,2015-11-30,,10.0,46.47.10,G,29510561,12300,4210011,24,15701000001,bryansk,3200,1.0,0.0,34.4263464,53.2213108,street,0.0
3257036815,1.0,none,1.0,0.0,1.0,16448.0,,,,,,3148.0,,13300.0,,,31299.0,10273.0,,,,18872.0,2154.0,,14470.0,,,,,,,,,,,,,33277.0,0.0,33277.0,,,,47747.0,47747.0,,77107.0,-97336.0,-20229.0,,,-19648.0,,,,1711.0,-1130.0,-22416.0,-2768.0,,,,,,,,-22416.0,,,,,,,,,,,,,,,,,,,,,,,,,,,,,,,,,,,,,,,,,,,,,,,,,,,,,,,,,,,,,,,,,,,,,,,,,,,,,,,,,,,,,,,,,,,,,,,,,,,,,,,,,,,,,,,,,,,,,,,,,,,,,,,,,,,,,,,,1.0,1153256015660,2015-12-01,,10.0,41.20,F,29510667,12300,4210014,16,15608463106,bryansk,3200,1.0,0.0,34.2828852,53.210341,house,0.0
3257036830,1.0,none,1.0,0.0,1.0,2072.0,,,,,,2072.0,,,,,3753.0,2022.0,,,,1721.0,10.0,,1236.0,,,,,,,,3993.0,3993.0,,,,596.0,,596.0,,,,5826.0,5826.0,,23004.0,-21190.0,1814.0,,,874.0,,,,1.0,-941.0,613.0,-261.0,,,,,,,,613.0,,,,,,,,,,,,,,,,,,,,,,,,,,,,,,,,,,,,,,,,,,,,,,,,,,,,,,,,,,,,,,,,,,,,,,,,,,,,,,,,,,,,,,,,,,,,,,,,,,,,,,,,,,,,,,,,,,,,,,,,,,,,,,,,,,,,,,,,1.0,1153256015681,2015-12-01,,10.0,45.30,G,29510710,12300,4210014,16,15608442101,bryansk,3200,1.0,0.0,34.318764,53.382652,city,0.0
3257036893,1.0,none,1.0,0.0,1.0,,,,,,,,,,,,220.0,,,,,,220.0,,220.0,,,,,,,,,,,,,,,,,,,220.0,220.0,,4618.0,-4338.0,280.0,,,280.0,,,,,,210.0,-70.0,,,,,,,,210.0,,,,,,,,,,,,,,,,,,,,,,,,,,,,,,,,,,,,,,,,,,,,,,,,,,,,,,,,,,,,,,,,,,,,,,,,,,,,,,,,,,,,,,,,,,,,,,,,,,,,,,,,,,,,,,,,,,,,,,,,,,,,,,,,,,,,,,,,1.0,1153256015758,2015-12-02,,10.0,49.40,H,29510822,12300,4210014,16,15701000001,bryansk,3200,1.0,0.0,34.3101783,53.2965763,house,0.0
3257036910,1.0,none,1.0,0.0,1.0,,,,,,,,,,,,13.0,,,,,,13.0,,-406.0,,,,,,,,369.0,369.0,,,,50.0,,50.0,,,,13.0,13.0,,31741.0,-28272.0,3469.0,,,3427.0,,,,,-42.0,1551.0,-1876.0,,,,,,,,1551.0,,,,,,,,,,,,,,,,,,,,,,,,,,,,,,,,,,,,,,,,,,,,,,,,,,,,,,,,,,,,,,,,,,,,,,,,,,,,,,,,,,,,,,,,,,,,,,,,,,,,,,,,,,,,,,,,,,,,,,,,,,,,,,,,,,,,,,,,1.0,1153256015813,2015-12-03,,10.0,93.19,R,29510970,12300,4210014,16,15701000001,bryansk,3200,1.0,0.0,34.2886485,53.3123627,house,0.0
3257036935,1.0,none,1.0,0.0,1.0,20681.0,,,,,,19800.0,,881.0,,,18154.0,4765.0,,,,11756.0,1633.0,,11108.0,,,,,,,,8306.0,8306.0,,,,19420.0,5848.0,13572.0,,,,38834.0,38834.0,,61124.0,-59519.0,1605.0,,,2077.0,,,,958.0,-486.0,293.0,-1784.0,,,,,,,,293.0,,,,,,,,,,,,,,,,,,,,,,,,,,,,,,,,,,,,,,,,,,,,,,,,,,,,,,,,,,,,,,,,,,,,,,,,,,,,,,,,,,,,,,,,,,,,,,,,,,,,,,,,,,,,,,,,,,,,,,,,,,,,,,,,,,,,,,,,1.0,1153256015879,2015-12-04,,10.0,84.25.90,O,29511075,12300,4210014,16,15701000001,bryansk,3200,1.0,0.0,34.3569684,53.2630494,house,0.0
3257036942,1.0,none,1.0,0.0,1.0,2249.0,,,,,,2249.0,,,,,15693.0,6679.0,,,,6366.0,2648.0,,8811.0,,,,,,,,7296.0,7296.0,,,,1835.0,,1835.0,,,,17942.0,17942.0,,22259.0,-20678.0,1581.0,,,1549.0,,,,0.0,-32.0,1135.0,-414.0,,,,,,,,1135.0,,,,,,,,,,,,,,,,,,,,,,,,,,,,,,,,,,,,,,,,,,,,,,,,,,,,,,,,,,,,,,,,,,,,,,,,,,,,,,,,,,,,,,,,,,,,,,,,,,,,,,,,,,,,,,,,,,,,,,,,,,,,,,,,,,,,,,,,1.0,1153256015880,2015-12-04,,10.0,46.90,G,29510992,12300,4210014,16,15701000001,bryansk,3200,1.0,0.0,34.2909017,53.3028443,house,0.0
3257036999,1.0,none,1.0,0.0,0.0,30838.0,,,,,,30838.0,,,,,18801.0,8962.0,,,1007.0,8830.0,2.0,,25324.0,10.0,,,,,,25314.0,23094.0,23094.0,,,,1221.0,900.0,321.0,,,,49639.0,49639.0,16076.0,124851.0,-108775.0,16076.0,,,16076.0,,,,,,13665.0,-2411.0,-2411.0,,,,,,,13665.0,,,,,,,,,,,,,,,,,,,,,,,,,,,,,,,,,,,,,,,,,,,,,,,,,,,,,,,,,,,,,,,,,,,,,,,,,,,,,,,,,,,,,,,,,,,,,,,,,,,,,,,,,,,,,,,,,,,,,,,,,,,,,,,,,,,,,,,,0.0,1153256015934,2015-12-04,,10.0,47.59.10,G,29511098,12300,4210014,16,15701000001,bryansk,3200,1.0,0.0,34.3255528,53.2461864,house,0.0
3257037008,1.0,none,1.0,0.0,1.0,0.0,,,,,,0.0,,,,,84322.0,671.0,,,,83009.0,642.0,,9279.0,,,,,,,,3380.0,3380.0,,,,71662.0,,71662.0,,,,84322.0,84322.0,,1074.0,-3489.0,-2415.0,,,-3771.0,,,,2008.0,-3364.0,-5045.0,-1274.0,,,,,,,,-5045.0,,,,,,,,,,,,,,,,,,,,,,,,,,,,,,,,,,,,,,,,,,,,,,,,,,,,,,,,,,,,,,,,,,,,,,,,,,,,,,,,,,,,,,,,,,,,,,,,,,,,,,,,,,,,,,,,,,,,,,,,,,,,,,,,,,,,,,,,1.0,1153256015956,2015-12-04,,10.0,33.17,C,29511112,12300,4210014,16,15701000001,bryansk,3200,1.0,0.0,34.3111821,53.2642831,house,0.0
3257037015,1.0,none,1.0,0.0,0.0,97794.0,,97729.0,,,,64.0,0.0,0.0,,0.0,40636.0,171.0,,0.0,5073.0,32241.0,3151.0,0.0,134415.0,13.0,,,0.0,7099.0,0.0,127303.0,0.0,0.0,,,0.0,4015.0,0.0,4015.0,,,,138430.0,138430.0,231275.0,350736.0,-119461.0,183183.0,-13040.0,-35052.0,197751.0,,0.0,0.0,26624.0,-12056.0,197751.0,,,,,,,,,197751.0,0.0,,,,,31174.0,31174.0,,,151663.0,151663.0,171010.0,171010.0,,,,,,,-50521.0,,,,,,,-50521.0,,,,151663.0,134415.0,197752.0,197752.0,,,,,,,-215000.0,,,,,,,-215000.0,,,,,,,,,,,,,,,,,122545.0,342316.0,342316.0,,,,,,-219771.0,-72510.0,-142033.0,,,-2846.0,-2382.0,,,,,,,,,,,,,,,,-213603.0,0.0,,,,,0.0,,-213603.0,,-213603.0,,,,-91058.0,6297.0,,-84761.0,,,,,,,,,,,,,,,,,,,,,,,,1.0,1153256015989,2015-12-07,,10.0,62.01,J,29511193,12300,4210014,16,15701000001,bryansk,3200,1.0,0.0,34.3571378,53.2672048,house,0.0
3257037022,1.0,none,1.0,0.0,1.0,,,,,,,,,,,,800.0,,,,,616.0,184.0,,,,,,,,,,,,,,,800.0,0.0,800.0,,,,800.0,800.0,,4499.0,-4785.0,-286.0,,,-286.0,,,0.0,0.0,0.0,-286.0,0.0,,,,,,,,-286.0,,,,,,,,,,,,,,,,,,,,,,,,,,,,,,,,,,,,,,,,,,,,,,,,,,,,,,,,,,,,,,,,,,,,,,,,,,,,,,,,,,,,,,,,,,,,,,,,,,,,,,,,,,,,,,,,,,,,,,,,,,,,,,,,,,,,,,,,1.0,1153256015967,2015-12-07,,10.0,71.20,M,29511218,71400,4210014,16,15701000001,bryansk,3200,1.0,0.0,34.3514228,53.2338237,house,0.0
3257037061,1.0,none,1.0,0.0,1.0,54842.0,,,,,,54842.0,,,,,12305.0,1.0,,,,12227.0,77.0,,57432.0,,,,,,,,5500.0,5500.0,,,,4215.0,,4215.0,,,,67147.0,67147.0,,21177.0,-15595.0,5582.0,,,6245.0,,,,761.0,-98.0,5398.0,-847.0,,,,,,,,5398.0,,,,,,,,,,,,,,,,,,,,,,,,,,,,,,,,,,,,,,,,,,,,,,,,,,,,,,,,,,,,,,,,,,,,,,,,,,,,,,,,,,,,,,,,,,,,,,,,,,,,,,,,,,,,,,,,,,,,,,,,,,,,,,,,,,,,,,,,1.0,1153256016044,2015-12-07,2025-10-20,10.0,68.20.20,L,29511247,12300,4210014,16,15701000001,bryansk,3200,1.0,0.0,34.3384587,53.2444354,house,0.0
3257037093,1.0,none,1.0,0.0,1.0,4344.0,,,,,,3410.0,,934.0,,,24677.0,10440.0,,,,14121.0,116.0,,3324.0,,,,,,,,10342.0,9765.0,,,577.0,15356.0,-4.0,15360.0,,,,29021.0,29021.0,,42075.0,-40036.0,2039.0,,,1114.0,,,,49.0,-974.0,835.0,-279.0,,,,,,,,835.0,,,,,,,,,,,,,,,,,,,,,,,,,,,,,,,,,,,,,,,,,,,,,,,,,,,,,,,,,,,,,,,,,,,,,,,,,,,,,,,,,,,,,,,,,,,,,,,,,,,,,,,,,,,,,,,,,,,,,,,,,,,,,,,,,,,,,,,,1.0,1153256016143,2015-12-09,,10.0,49.40,H,29511402,12300,4210014,16,15608440101,bryansk,3200,1.0,0.0,34.244404,53.2693357,street,0.0
3257037110,1.0,none,1.0,0.0,1.0,10.0,,,,,,10.0,,0.0,,,0.0,0.0,,,,0.0,0.0,,10.0,,,,,,,,,,,,,0.0,0.0,0.0,,,,10.0,10.0,,0.0,0.0,,,,0.0,,,0.0,,0.0,0.0,0.0,,,,,,,,0.0,,,,,,,,,,,,,,,,,,,,,,,,,,,,,,,,,,,,,,,,,,,,,,,,,,,,,,,,,,,,,,,,,,,,,,,,,,,,,,,,,,,,,,,,,,,,,,,,,,,,,,,,,,,,,,,,,,,,,,,,,,,,,,,,,,,,,,,,1.0,1153256016165,2015-12-09,,10.0,10.85,C,29511431,12300,4210014,16,15701000001,bryansk,3200,1.0,0.0,34.3386001,53.2611846,house,0.0
3257037128,1.0,none,1.0,0.0,1.0,,,,,,,,,,,,2382.0,521.0,,,,1548.0,313.0,,1045.0,,,,,,,,,,,,,1337.0,600.0,737.0,,,,2382.0,2382.0,,18338.0,-16992.0,1346.0,,,803.0,,,,15.0,-558.0,803.0,0.0,,,,,,,,803.0,,,,,,,,,,,,,,,,,,,,,,,,,,,,,,,,,,,,,,,,,,,,,,,,,,,,,,,,,,,,,,,,,,,,,,,,,,,,,,,,,,,,,,,,,,,,,,,,,,,,,,,,,,,,,,,,,,,,,,,,,,,,,,,,,,,,,,,,1.0,1153256016176,2015-12-09,,10.0,10.85,C,29511448,12300,4210014,16,15701000001,bryansk,3200,1.0,0.0,34.3386001,53.2611846,house,0.0
3257037167,1.0,none,1.0,0.0,0.0,1721.0,,0.0,,,,1721.0,0.0,0.0,,0.0,65101.0,0.0,,0.0,63500.0,0.0,1601.0,0.0,10.0,10.0,,,0.0,,0.0,,-3071.0,-3071.0,,,0.0,69883.0,0.0,69883.0,,,,66822.0,66822.0,3214.0,104130.0,-100916.0,3033.0,-181.0,,2560.0,,0.0,0.0,0.0,-473.0,1920.0,-640.0,,,,,,,,1920.0,0.0,,,,,1316.0,1316.0,,,1601.0,1601.0,1591.0,1591.0,,,,,,,,,,,,,,,,,0.0,1601.0,1930.0,1920.0,1920.0,,,,,,,,,,,,,,,,,0.0,,,,,,,,,,,,,,1601.0,103111.0,103111.0,,,,,,-101510.0,,-104.0,,,-101406.0,,0.0,0.0,,,0.0,,,,,,,,,,,0.0,0.0,0.0,,,,,,,,,,,,1601.0,2164.0,,3765.0,,,,,,,,,,,,,,,,,,,,,,,,1.0,1153256016220,2015-12-09,,10.0,46.31,G,29511336,12300,4210014,16,15701000001,bryansk,3200,1.0,0.0,34.3126501,53.294399,house,0.0
3257037209,1.0,none,1.0,0.0,0.0,55.0,,,,,,55.0,,,,,55573.0,20910.0,,,18172.0,,5442.0,11049.0,55628.0,10.0,,,,,,55618.0,0.0,0.0,,,,0.0,,,,,,55628.0,55628.0,11356.0,51547.0,-40191.0,7180.0,-4176.0,,7180.0,,,,,0.0,7180.0,0.0,0.0,,,,,,,7180.0,,0.0,,,,,,,,,,,,,,,,,,,,,,,,,,,,,,,,,,,,,,,,,,,,,,,,,,,,,,,,,,,,,,,,,,,,,,,,,,,,,,,,,,,,,,,,,,,,,,,,,,,,,,,,,,,,,,,,,,,,,,,,,,,,,,,,,,,,,,0.0,1153256016286,2015-12-15,,10.0,46.90,G,29511543,12300,4210014,16,15701000001,bryansk,3200,1.0,0.0,34.44638,53.2102518,house,0.0
3257037216,1.0,none,1.0,0.0,1.0,124.0,,,,,,124.0,,,,,20439.0,,,,,20373.0,66.0,,19565.0,,,,,,,,,,,,,997.0,,997.0,,,,20563.0,20563.0,,13159.0,-12832.0,327.0,,,1516.0,,,,1326.0,-137.0,1243.0,-273.0,,,,,,,,1243.0,,,,,,,,,,,,,,,,,,,,,,,,,,,,,,,,,,,,,,,,,,,,,,,,,,,,,,,,,,,,,,,,,,,,,,,,,,,,,,,,,,,,,,,,,,,,,,,,,,,,,,,,,,,,,,,,,,,,,,,,,,,,,,,,,,,,,,,,1.0,1153256016297,2015-12-15,,10.0,62.01,J,29511537,12300,4210014,16,15701000001,bryansk,3200,1.0,0.0,34.3070919,53.3072923,house,0.0
3257037255,1.0,none,1.0,0.0,1.0,,,,,,,,,,,,1031.0,0.0,,,,47.0,984.0,,950.0,,,,,,,,,,,,,81.0,50.0,31.0,,,,1031.0,1031.0,,955.0,-668.0,287.0,,,-2812.0,,,,,-3099.0,-2854.0,-42.0,,,,,,,,-2854.0,,,,,,,,,,,,,,,,,,,,,,,,,,,,,,,,,,,,,,,,,,,,,,,,,,,,,,,,,,,,,,,,,,,,,,,,,,,,,,,,,,,,,,,,,,,,,,,,,,,,,,,,,,,,,,,,,,,,,,,,,,,,,,,,,,,,,,,,1.0,1153256016320,2015-12-16,,10.0,71.10,M,29511603,12300,4210014,16,15701000001,bryansk,3200,1.0,0.0,34.4456521,53.2508548,house,0.0
3257037287,1.0,none,1.0,0.0,1.0,,,,,,,,,,,,3156.0,30.0,,,,3110.0,16.0,,2543.0,,,,,,,,314.0,314.0,,,,300.0,300.0,0.0,,,,3156.0,3156.0,,,,,,,0.0,,,,22.0,-22.0,0.0,0.0,,,,,,,,0.0,,,,,,,,,,,,,,,,,,,,,,,,,,,,,,,,,,,,,,,,,,,,,,,,,,,,,,,,,,,,,,,,,,,,,,,,,,,,,,,,,,,,,,,,,,,,,,,,,,,,,,,,,,,,,,,,,,,,,,,,,,,,,,,,,,,,,,,,1.0,1153256016396,2015-12-17,2025-12-29,10.0,46.38,G,29511649,12300,4210014,16,15701000001,bryansk,3200,1.0,0.0,34.3203347,53.2642204,house,0.0
3257037382,1.0,none,1.0,0.0,1.0,103.0,,,,,,103.0,,,,,153.0,10.0,,,,0.0,143.0,,14.0,,,,,,,,,,,,,242.0,242.0,0.0,,,,256.0,256.0,,1406.0,-1199.0,207.0,,,186.0,,,,,-21.0,144.0,-42.0,,,,,,,,144.0,,,,,,,,,,,,,,,,,,,,,,,,,,,,,,,,,,,,,,,,,,,,,,,,,,,,,,,,,,,,,,,,,,,,,,,,,,,,,,,,,,,,,,,,,,,,,,,,,,,,,,,,,,,,,,,,,,,,,,,,,,,,,,,,,,,,,,,,1.0,1153256016561,2015-12-22,,10.0,86.23,Q,29511810,12300,4210014,16,15701000001,bryansk,3200,1.0,0.0,34.4500871,53.2096904,house,0.0
3257037449,1.0,none,1.0,0.0,1.0,0.0,,,,,,0.0,,,,,9645.0,728.0,,,,8913.0,4.0,,6427.0,,,,,,,,,,,,,3218.0,,3218.0,,,,9645.0,9645.0,,13128.0,-9787.0,3341.0,,,3637.0,,,,332.0,-36.0,3221.0,-416.0,,,,,,,,3221.0,,,,,,,,,,,,,,,,,,,,,,,,,,,,,,,,,,,,,,,,,,,,,,,,,,,,,,,,,,,,,,,,,,,,,,,,,,,,,,,,,,,,,,,,,,,,,,,,,,,,,,,,,,,,,,,,,,,,,,,,,,,,,,,,,,,,,,,,1.0,1153256016682,2015-12-23,,10.0,71.20,M,29511980,12300,4210014,16,46568000001,moscow reg.,5000,1.0,0.0,38.1845839,55.5666056,street,0.0
3257037470,1.0,none,1.0,0.0,1.0,19046.0,,,,,,1483.0,,17563.0,,,40350.0,10431.0,,,,29765.0,154.0,,-15698.0,,,,,,,,19039.0,16374.0,,,2665.0,56055.0,1271.0,54784.0,,,0.0,59396.0,59396.0,,53346.0,-53805.0,-459.0,,,-2249.0,,,-1576.0,522.0,-736.0,-2788.0,-539.0,,,,,,,,-2788.0,,,,,,,,,,,,,,,,,,,,,,,,,,,,,,,,,,,,,,,,,,,,,,,,,,,,,,,,,,,,,,,,,,,,,,,,,,,,,,,,,,,,,,,,,,,,,,,,,,,,,,,,,,,,,,,,,,,,,,,,,,,,,,,,,,,,,,,,1.0,1153256016737,2015-12-24,,10.0,46.46,G,29512086,12300,4210014,16,15701000001,bryansk,3200,0.0,0.0,34.3531733,53.2240451,house,0.0
3257037576,1.0,none,1.0,0.0,1.0,69.0,,,,,,69.0,,,,,39427.0,11020.0,,,,28370.0,37.0,,38503.0,,,,,,,,,,,,,993.0,509.0,484.0,,,,39496.0,39496.0,,8931.0,,8931.0,,,8902.0,,,,,-29.0,8329.0,-573.0,,,,,,,,8329.0,,,,,,,,,,,,,,,,,,,,,,,,,,,,,,,,,,,,,,,,,,,,,,,,,,,,,,,,,,,,,,,,,,,,,,,,,,,,,,,,,,,,,,,,,,,,,,,,,,,,,,,,,,,,,,,,,,,,,,,,,,,,,,,,,,,,,,,,1.0,1153256016902,2015-12-25,2025-10-29,10.0,82.92,N,29512206,12300,4210014,16,15701000001,bryansk,3200,1.0,0.0,34.4381691,53.2263766,house,0.0
3257037713,1.0,none,1.0,0.0,1.0,17451.0,,,,,,13188.0,,4263.0,,,14818.0,5853.0,,,,8404.0,561.0,,7626.0,,,,,,,,0.0,,,,0.0,24643.0,9557.0,15086.0,,,,32269.0,32269.0,,28645.0,-22304.0,6341.0,,,6077.0,,,,683.0,-947.0,5919.0,-158.0,,,,,,,,5919.0,,,,,,,,,,,,,,,,,,,,,,,,,,,,,,,,,,,,,,,,,,,,,,,,,,,,,,,,,,,,,,,,,,,,,,,,,,,,,,,,,,,,,,,,,,,,,,,,,,,,,,,,,,,,,,,,,,,,,,,,,,,,,,,,,,,,,,,,1.0,1153256017144,2015-12-31,,10.0,41.20,F,29512643,12300,4210014,16,15701000001,bryansk,3200,1.0,0.0,34.3110196,53.3672679,house,0.0
3257037760,1.0,none,1.0,0.0,1.0,16495.0,,,,,,16495.0,,,,,2863.0,513.0,,,,2111.0,239.0,,2182.0,,,,,,,,10180.0,10180.0,,,0.0,6996.0,,6996.0,,,,19358.0,19358.0,,19947.0,-19847.0,100.0,,,27.0,,,,,-73.0,20.0,-7.0,,,,,,,,20.0,,,,,,,,,,,,,,,,,,,,,,,,,,,,,,,,,,,,,,,,,,,,,,,,,,,,,,,,,,,,,,,,,,,,,,,,,,,,,,,,,,,,,,,,,,,,,,,,,,,,,,,,,,,,,,,,,,,,,,,,,,,,,,,,,,,,,,,,1.0,1163256050099,2016-01-11,,9.0,49.41.10,H,29512695,12300,4210014,16,15608455101,bryansk,3200,1.0,0.0,34.3023996,53.2644901,street,0.0
3257037777,1.0,none,1.0,0.0,1.0,0.0,,,,,,,,0.0,,,27.0,,,,,8.0,19.0,,27.0,,,,,,,,,,,,,0.0,,0.0,,,,27.0,27.0,,1788.0,-1642.0,146.0,,,96.0,,,,,-50.0,17.0,-79.0,,,,,,,,17.0,,,,,,,,,,,,,,,,,,,,,,,,,,,,,,,,,,,,,,,,,,,,,,,,,,,,,,,,,,,,,,,,,,,,,,,,,,,,,,,,,,,,,,,,,,,,,,,,,,,,,,,,,,,,,,,,,,,,,,,,,,,,,,,,,,,,,,,,1.0,1163256050110,2016-01-11,,9.0,41.20,F,29512761,12300,4210014,16,15701000001,bryansk,3200,1.0,0.0,34.3336486,53.2227037,house,0.0
3257037819,1.0,none,1.0,0.0,1.0,,,,,,,,,,,,10.0,,,,,,10.0,,10.0,,,,,,,,,,,,,,,,,,,10.0,10.0,,1.0,,1.0,,,1.0,,,,,,1.0,,,,,,,,,1.0,,,,,,,,,,,,,,,,,,,,,,,,,,,,,,,,,,,,,,,,,,,,,,,,,,,,,,,,,,,,,,,,,,,,,,,,,,,,,,,,,,,,,,,,,,,,,,,,,,,,,,,,,,,,,,,,,,,,,,,,,,,,,,,,,,,,,,,,1.0,1163256050220,2016-01-12,,9.0,82.99,N,29512985,12300,4210014,16,15701000001,bryansk,3200,1.0,0.0,34.4234512,53.262124,house,0.0
3257037833,1.0,none,1.0,0.0,1.0,0.0,,,,,,0.0,,0.0,,,391.0,0.0,,,,301.0,90.0,,293.0,,,,,,,,0.0,0.0,,,,98.0,,98.0,,,,391.0,391.0,,1340.0,-1557.0,-217.0,,,-223.0,,,,,-6.0,-239.0,-16.0,,,,,,,,-239.0,,,,,,,,,,,,,,,,,,,,,,,,,,,,,,,,,,,,,,,,,,,,,,,,,,,,,,,,,,,,,,,,,,,,,,,,,,,,,,,,,,,,,,,,,,,,,,,,,,,,,,,,,,,,,,,,,,,,,,,,,,,,,,,,,,,,,,,,1.0,1163256050242,2016-01-12,,9.0,47.73,G,29512896,12300,4210014,16,15701000001,bryansk,3200,1.0,0.0,34.3244377,53.2581656,house,0.0
3257037960,1.0,none,1.0,0.0,0.0,4497.0,,0.0,,,,4447.0,0.0,50.0,,0.0,135439.0,0.0,,0.0,102877.0,31627.0,933.0,2.0,5170.0,10.0,,,0.0,,0.0,5160.0,12359.0,12359.0,,,0.0,122407.0,70660.0,51747.0,,,,139936.0,139936.0,15437.0,179592.0,-164155.0,-3679.0,,-19116.0,835.0,,0.0,0.0,5131.0,-617.0,626.0,-209.0,-209.0,,,,,,0.0,626.0,0.0,,,,,,,,,,,,,,,,,,,,,,,,,,,,,,,,,,,,,,,,,,,,,,,,,,,,,,,,,,,,,,,,,,,,,,,,,,,,,,,,,,,,,,,,,,,,,,,,,,,,,,,,,,,,,,,,,,,,,,,,,,,,,,,,,,,,,,,0.0,1163256050462,2016-01-20,,9.0,43.11,F,29513186,12300,4210014,16,15701000001,bryansk,3200,1.0,0.0,34.4548764,53.2521141,house,0.0
3257037978,1.0,none,1.0,0.0,1.0,7685.0,,,,,,7685.0,,0.0,,,10799.0,0.0,,,,10681.0,118.0,,18273.0,,,,,,,,0.0,0.0,,,0.0,211.0,0.0,211.0,,,0.0,18484.0,18484.0,,33162.0,-28990.0,4172.0,,,4038.0,,,0.0,47.0,-181.0,3412.0,-626.0,,,,,,,,3412.0,,,,,,,,,,,,,,,,,,,,,,,,,,,,,,,,,,,,,,,,,,,,,,,,,,,,,,,,,,,,,,,,,,,,,,,,,,,,,,,,,,,,,,,,,,,,,,,,,,,,,,,,,,,,,,,,,,,,,,,,,,,,,,,,,,,,,,,,1.0,1163256050451,2016-01-20,,9.0,79.11,N,29513329,12300,4210014,16,15701000001,bryansk,3200,1.0,0.0,34.2750183,53.3100645,house,0.0
3257037985,1.0,none,1.0,0.0,1.0,2421.0,,,,,,,,2421.0,,,1085.0,,,,,532.0,553.0,,101.0,,,,,,,,,,,,,3405.0,,3405.0,,,,3506.0,3506.0,,80215.0,-75617.0,4598.0,,,4519.0,,,-29.0,256.0,-306.0,81.0,-4438.0,,,,,,,,81.0,,,,,,,,,,,,,,,,,,,,,,,,,,,,,,,,,,,,,,,,,,,,,,,,,,,,,,,,,,,,,,,,,,,,,,,,,,,,,,,,,,,,,,,,,,,,,,,,,,,,,,,,,,,,,,,,,,,,,,,,,,,,,,,,,,,,,,,,1.0,1163256050473,2016-01-20,,9.0,41.20,F,29513281,12300,4210014,16,15701000001,bryansk,3200,1.0,0.0,34.3076602,53.2960545,street,0.0
3257037992,1.0,none,1.0,0.0,1.0,0.0,,,,,,,,0.0,,,702.0,,,,,683.0,19.0,,-5069.0,,,,,,,,-398.0,-398.0,,,,6169.0,5347.0,822.0,,,,702.0,702.0,,100.0,-264.0,-164.0,,,-164.0,,,,,,-164.0,,,,,,,,,-164.0,,,,,,,,,,,,,,,,,,,,,,,,,,,,,,,,,,,,,,,,,,,,,,,,,,,,,,,,,,,,,,,,,,,,,,,,,,,,,,,,,,,,,,,,,,,,,,,,,,,,,,,,,,,,,,,,,,,,,,,,,,,,,,,,,,,,,,,,1.0,1163256050506,2016-01-21,,9.0,41.20,F,29513269,12300,4210014,16,15608455111,bryansk,3200,1.0,0.0,34.2884961,53.2585573,house,0.0
3257038001,1.0,none,1.0,0.0,1.0,0.0,,,,,,0.0,,,,,3950.0,2506.0,,,,559.0,885.0,,893.0,,,,,,,,0.0,0.0,,,,3057.0,679.0,2378.0,,,,3950.0,3950.0,,33734.0,-32791.0,943.0,,,894.0,,,,,-49.0,670.0,-224.0,,,,,,,,670.0,,,,,,,,,,,,,,,,,,,,,,,,,,,,,,,,,,,,,,,,,,,,,,,,,,,,,,,,,,,,,,,,,,,,,,,,,,,,,,,,,,,,,,,,,,,,,,,,,,,,,,,,,,,,,,,,,,,,,,,,,,,,,,,,,,,,,,,,1.0,1163256050517,2016-01-21,,9.0,23.99.60,C,29513246,12300,4210014,16,15701000056,bryansk,3200,1.0,0.0,34.6645454,53.2153754,house,0.0
3257038026,1.0,none,1.0,0.0,0.0,3600.0,,,,,,3600.0,,,,,24226.0,7633.0,,32.0,2584.0,10.0,0.0,13967.0,1135.0,10.0,,,,,,1125.0,17535.0,16736.0,,,799.0,9156.0,2300.0,6856.0,,,,27826.0,27826.0,800.0,3088.0,-2288.0,96.0,,-704.0,10.0,,,,0.0,-86.0,7.0,-3.0,-3.0,,,,,,,7.0,,,,,,,,,,,,,,,,,,,,,,,,,,,,,,,,,,,,,,,,,,,,,,,,,,,,,,,,,,,,,,,,,,,,,,,,,,,,,,,,,,,,,,,,,,,,,,,,,,,,,,,,,,,,,,,,,,,,,,,,,,,,,,,,,,,,,,,,0.0,1163256050561,2016-01-21,,9.0,20.41,C,29513335,12300,4210014,16,15701000001,bryansk,3200,1.0,0.0,34.4024475,53.2824484,house,0.0
3257038040,1.0,none,1.0,0.0,1.0,,,,,,,,,,,,0.0,0.0,,,,0.0,,,0.0,,,,,,,,,,,,,,,,,,,0.0,0.0,,,0.0,0.0,,,-63.0,,,,,-63.0,-63.0,,,,,,,,,-63.0,,,,,,,,,,,,,,,,,,,,,,,,,,,,,,,,,,,,,,,,,,,,,,,,,,,,,,,,,,,,,,,,,,,,,,,,,,,,,,,,,,,,,,,,,,,,,,,,,,,,,,,,,,,,,,,,,,,,,,,,,,,,,,,,,,,,,,,,1.0,1163256050594,2016-01-22,,9.0,62.03.13,J,29513430,12300,4210014,16,15701000001,bryansk,3200,1.0,0.0,34.3234516,53.2661825,house,0.0
3257038058,1.0,none,1.0,0.0,1.0,,,,,,,,,,,,2077.0,4.0,,,,1046.0,1027.0,,655.0,,,,,,,,265.0,265.0,,,,1157.0,,1157.0,,,,2077.0,2077.0,,4863.0,-4204.0,659.0,,,621.0,,,,,-38.0,539.0,-82.0,,,,,,,,539.0,,,,,,,,,,,,,,,,,,,,,,,,,,,,,,,,,,,,,,,,,,,,,,,,,,,,,,,,,,,,,,,,,,,,,,,,,,,,,,,,,,,,,,,,,,,,,,,,,,,,,,,,,,,,,,,,,,,,,,,,,,,,,,,,,,,,,,,,1.0,1163256050605,2016-01-22,,9.0,73.11,M,29513453,12300,4210014,16,15701000001,bryansk,3200,1.0,0.0,34.3524339,53.2377817,house,0.0
3257038072,1.0,none,1.0,0.0,1.0,,,,,,,,,,,,485.0,150.0,,,,,335.0,,10.0,,,,,,,,,,,,,475.0,,340.0,,,135.0,485.0,485.0,,,,,,,,,,,,,,,,,,,,,,,,,,,,,,,,,,,,,,,,,,,,,,,,,,,,,,,,,,,,,,,,,,,,,,,,,,,,,,,,,,,,,,,,,,,,,,,,,,,,,,,,,,,,,,,,,,,,,,,,,,,,,,,,,,,,,,,,,,,,,,,,,,,,,,,,,,,,,,1.0,1163256050649,2016-01-22,,9.0,14.13,C,29513447,12300,4210014,16,15701000001,bryansk,3200,1.0,0.0,34.3657059,53.2278211,house,0.0
3257038114,1.0,none,1.0,0.0,0.0,1506.0,,,,,,1506.0,,,,,54009.0,0.0,,0.0,52675.0,0.0,1334.0,,-438970.0,10.0,,,,,,-438980.0,13518.0,13518.0,,,,480967.0,5000.0,475967.0,,,,55515.0,55515.0,3077.0,15175.0,-12098.0,3077.0,,,-2598.0,,,,2185.0,-7860.0,-2599.0,-1.0,-1.0,,,,,,,-2599.0,,,,,,,,,,,,,,,,,,,,,,,,,,,,,,,,,,,,,,,,,,,,,,,,,,,,,,,,,,,,,,,,,,,,,,,,,,,,,,,,,,,,,,,,,,,,,,,,,,,,,,,,,,,,,,,,,,,,,,,,,,,,,,,,,,,,,,,,1.0,1163256050693,2016-01-26,,9.0,77.39.12,N,29513660,12300,4210014,16,15701000001,bryansk,3200,0.0,0.0,34.3184887,53.2236748,house,0.0
3257038146,1.0,none,1.0,0.0,1.0,120.0,,,,,,,,120.0,,,697.0,0.0,,,,640.0,57.0,,809.0,,,,,,,,,,,,,8.0,,8.0,,,,817.0,817.0,,963.0,-671.0,292.0,,,134.0,,,,0.0,-158.0,101.0,-33.0,,,,,,,,101.0,,,,,,,,,,,,,,,,,,,,,,,,,,,,,,,,,,,,,,,,,,,,,,,,,,,,,,,,,,,,,,,,,,,,,,,,,,,,,,,,,,,,,,,,,,,,,,,,,,,,,,,,,,,,,,,,,,,,,,,,,,,,,,,,,,,,,,,,1.0,1163256050760,2016-01-27,,9.0,43.33,F,29513693,12300,4210014,16,15701000001,bryansk,3200,1.0,0.0,34.4032503,53.2111136,house,0.0
3257038153,1.0,none,1.0,0.0,0.0,0.0,,0.0,,,,0.0,0.0,0.0,,0.0,5022.0,0.0,,0.0,4146.0,0.0,876.0,0.0,4930.0,10.0,,,0.0,,0.0,4920.0,0.0,0.0,,,0.0,92.0,0.0,92.0,,,,5022.0,5022.0,929.0,6192.0,-5263.0,427.0,,-502.0,427.0,,0.0,0.0,0.0,0.0,320.0,-107.0,-107.0,,,,,,,320.0,0.0,,,,,,,,,,,,,,,,,,,,,,,,,,,,,,,,,,,,,,,,,,,,,,,,,,,,,,,,,,,,,,,,,,,,,,,,,,,,,,,,,,,,,,,,,,,,,,,,,,,,,,,,,,,,,,,,,,,,,,,,,,,,,,,,,,,,,,,0.0,1163256050781,2016-01-28,,9.0,45.31.10,G,29513795,12300,4210014,16,15608454101,bryansk,3200,1.0,0.0,34.4702219,53.2107509,house,0.0
3257038160,1.0,none,1.0,0.0,1.0,,,,,,,,,,,,9211.0,,,,,,9211.0,,,,,,,,,,9211.0,,,,9211.0,,,,,,,9211.0,9211.0,,,,,,,,,,,,,,,,,,,,,,,,,,,,,,,,,,,,,,,,,,,,,,,,,,,,,,,,,,,,,,,,,,,,,,,,,,,,,,,,,,,,,,,,,,,,,,,,,,,,,,,,,,,,,,,,,,,,,,,,,,,,,,,,,,,,,,,7604.0,1607.0,,,,,,,0.0,0.0,,,,,,,,,,,,,9211.0,1.0,1163256050792,2016-01-28,,9.0,68.32.10,L,29513803,20700,4210014,16,15701000001,bryansk,3200,1.0,0.0,34.3136772,53.2628761,house,0.0
3257038178,1.0,none,1.0,0.0,0.0,7351.0,,0.0,,,,141.0,7210.0,0.0,,0.0,36466.0,22992.0,,0.0,12081.0,0.0,1393.0,0.0,22736.0,10.0,,,0.0,,0.0,22726.0,0.0,0.0,,,0.0,21081.0,0.0,21081.0,,,,43817.0,43817.0,3934.0,162608.0,-158674.0,-14650.0,,-18584.0,-14720.0,,8.0,0.0,11388.0,-11466.0,-20216.0,-5496.0,,,,,,,,-20216.0,0.0,,,,,,,,,,,,,,,,,,,,,,,,,,,,,,,,,,,,,,,,,,,,,,,,,,,,,,,,,,,,,,,,,,,,,,,,,,,,,,,,,,,,,,,,,,,,,,,,,,,,,,,,,,,,,,,,,,,,,,,,,,,,,,,,,,,,,,,0.0,1163256050803,2016-01-28,,9.0,41.20,F,29513772,12300,4210014,16,15701000001,bryansk,3200,1.0,0.0,34.4266512,53.2144774,house,0.0
3257038210,1.0,none,1.0,0.0,1.0,0.0,,,,,,0.0,,,,,768.0,,,,,492.0,276.0,,640.0,,,,,,,,,,,,,128.0,,128.0,,,,768.0,768.0,,5240.0,-2839.0,2401.0,,,2287.0,,,,,-114.0,2136.0,-151.0,,,,,,,,2136.0,,,,,,,,,,,,,,,,,,,,,,,,,,,,,,,,,,,,,,,,,,,,,,,,,,,,,,,,,,,,,,,,,,,,,,,,,,,,,,,,,,,,,,,,,,,,,,,,,,,,,,,,,,,,,,,,,,,,,,,,,,,,,,,,,,,,,,,,1.0,1163256050858,2016-01-29,,9.0,69.20,M,29513890,12300,4210014,16,15701000001,bryansk,3200,1.0,0.0,34.3434914,53.2597123,house,0.0
3257038259,1.0,none,1.0,0.0,1.0,0.0,,,,,,0.0,,,,,631.0,0.0,,,,588.0,43.0,,-671.0,,,,,,,,0.0,0.0,,,0.0,1302.0,651.0,651.0,,,0.0,631.0,631.0,,1227.0,-1078.0,149.0,,,103.0,,,0.0,0.0,-46.0,91.0,-12.0,,,,,,,,91.0,,,,,,,,,,,,,,,,,,,,,,,,,,,,,,,,,,,,,,,,,,,,,,,,,,,,,,,,,,,,,,,,,,,,,,,,,,,,,,,,,,,,,,,,,,,,,,,,,,,,,,,,,,,,,,,,,,,,,,,,,,,,,,,,,,,,,,,,1.0,1163256050902,2016-01-29,,9.0,79.11,N,29513944,12300,4210014,16,15701000001,bryansk,3200,1.0,0.0,34.3741847,53.2550091,house,0.0
3257038280,1.0,none,1.0,0.0,1.0,,,,,,,,,,,,105.0,,,,,84.0,21.0,,23.0,,,,,,,,0.0,0.0,,,,82.0,,82.0,,,,105.0,105.0,,38.0,-10.0,28.0,,,25.0,,,,0.0,-3.0,23.0,-2.0,,,,,,,,23.0,,,,,,,,,,,,,,,,,,,,,,,,,,,,,,,,,,,,,,,,,,,,,,,,,,,,,,,,,,,,,,,,,,,,,,,,,,,,,,,,,,,,,,,,,,,,,,,,,,,,,,,,,,,,,,,,,,,,,,,,,,,,,,,,,,,,,,,,1.0,1163256050968,2016-02-01,,9.0,52.29,H,29513987,12300,4210014,16,40313000000,sankt-petersburg,7800,1.0,0.0,30.3387409,60.0731576,house,0.0
3257038386,1.0,none,1.0,0.0,1.0,,,,,,,,,,,,20.0,20.0,,,,0.0,,,20.0,,,,,,,,,,,,,0.0,,0.0,,,,20.0,20.0,,,0.0,0.0,,,-215.0,,,,170.0,-385.0,-215.0,,,,,,,,,-215.0,,,,,,,,,,,,,,,,,,,,,,,,,,,,,,,,,,,,,,,,,,,,,,,,,,,,,,,,,,,,,,,,,,,,,,,,,,,,,,,,,,,,,,,,,,,,,,,,,,,,,,,,,,,,,,,,,,,,,,,,,,,,,,,,,,,,,,,,1.0,1163256051090,2016-02-02,,9.0,56.30,I,29514151,12300,4210014,16,15701000001,bryansk,3200,1.0,0.0,34.3514119,53.235815,house,0.0
3257038481,1.0,none,1.0,0.0,1.0,8940.0,,,,,,,,8940.0,,,1509.0,12.0,,,,1245.0,252.0,,10355.0,,,,,,,,,,,,,94.0,,94.0,,,,10449.0,10449.0,,23188.0,-21478.0,1710.0,,,1670.0,,,,,-40.0,1420.0,-250.0,,,,,,,,1420.0,,,,,,,,,,,,,,,,,,,,,,,,,,,,,,,,,,,,,,,,,,,,,,,,,,,,,,,,,,,,,,,,,,,,,,,,,,,,,,,,,,,,,,,,,,,,,,,,,,,,,,,,,,,,,,,,,,,,,,,,,,,,,,,,,,,,,,,,1.0,1163256051254,2016-02-05,,9.0,49.40,H,32066035,12300,4210014,16,15701000001,bryansk,3200,1.0,0.0,34.2991301,53.3024776,house,0.0
3257038509,1.0,none,1.0,0.0,1.0,,,,,,,,,,,,3420.0,1424.0,,,,1993.0,3.0,,913.0,,,,,,,,,,,,,2507.0,330.0,2177.0,,,,3420.0,3420.0,,0.0,0.0,,,,0.0,,,0.0,0.0,0.0,0.0,0.0,,,,,,,,0.0,,,,,,,,,,,,,,,,,,,,,,,,,,,,,,,,,,,,,,,,,,,,,,,,,,,,,,,,,,,,,,,,,,,,,,,,,,,,,,,,,,,,,,,,,,,,,,,,,,,,,,,,,,,,,,,,,,,,,,,,,,,,,,,,,,,,,,,,1.0,1163256051287,2016-02-05,,9.0,95.12,S,32066058,12300,4210014,16,15701000001,bryansk,3200,1.0,0.0,34.3472739,53.2546102,house,0.0
3257038548,1.0,none,1.0,0.0,1.0,,,,,,,,,,,,1224.0,1082.0,,,,67.0,75.0,,542.0,,,,,,,,,,,,,682.0,,682.0,,,,1224.0,1224.0,,2411.0,-2261.0,150.0,,,142.0,,,0.0,0.0,-8.0,112.0,-30.0,,,,,,,,112.0,,,,,,,,,,,,,,,,,,,,,,,,,,,,,,,,,,,,,,,,,,,,,,,,,,,,,,,,,,,,,,,,,,,,,,,,,,,,,,,,,,,,,,,,,,,,,,,,,,,,,,,,,,,,,,,,,,,,,,,,,,,,,,,,,,,,,,,,1.0,1163256051463,2016-02-08,,9.0,46.73.50,G,32066147,12300,4210014,16,15701000001,bryansk,3200,1.0,0.0,34.3026817,53.300019,house,0.0
3257038570,1.0,none,1.0,0.0,1.0,,,,,,,,,,,,354.0,,,,,10.0,344.0,,,,,,,354.0,,,,,,,,,,,,,,354.0,354.0,,,,,,,,,,,,,,,,,,,,,,,,,,,,,,,,,,,,,,,,,,,,,,,,,,,,,,,,,,,,,,,,,,,,,,,,,,,,,,,,,,,,,,,,,,,,,,,,,,,,,,,,,,,,,,,,,,,,,,,,,,,,,,,,,,,,,,,312.0,446.0,,,,,,,-404.0,,,,,,,,,,,,,-404.0,354.0,1.0,1163256051518,2016-02-09,,9.0,52.21.24,H,32066325,20101,4210014,16,15701000001,bryansk,3200,0.0,0.0,34.2793577,53.3126917,house,0.0
3257038604,1.0,none,1.0,0.0,0.0,0.0,,0.0,,,,0.0,,,,,210.0,9.0,,0.0,57.0,29.0,114.0,1.0,87.0,20.0,,,,,,67.0,,,,,,123.0,,123.0,,,,210.0,210.0,1507.0,2597.0,-1090.0,342.0,,-1165.0,332.0,,9.0,,,-19.0,184.0,-148.0,,,,,,,,184.0,,,,,,1006.0,1006.0,,,234.0,234.0,-472.0,-472.0,,,,,,,-300.0,,,,,,,-300.0,,,,234.0,87.0,183.0,183.0,,,,,,,-330.0,,,,,,,-330.0,,,,,,,,,,,,,,,,,289.0,2582.0,2582.0,,,,,,-2293.0,-646.0,-1491.0,,,-16.0,-140.0,80.0,109.0,,,100.0,9.0,,,-29.0,,,-29.0,,,,-330.0,,,,,,,,-330.0,,-330.0,,,,39.0,75.0,,114.0,,,,,,,,,,,,,,,,,,,,,,,,1.0,1163256051530,2016-02-09,,9.0,69.20.20,M,32066288,12300,4210014,16,15701000001,bryansk,3200,1.0,0.0,34.3327019,53.2494583,house,0.0
3257038643,1.0,none,1.0,0.0,1.0,0.0,,,,,,0.0,,0.0,,,1886.0,155.0,,,,1286.0,445.0,,73.0,,,,,,,,191.0,191.0,,,0.0,1622.0,212.0,1410.0,,,0.0,1886.0,1886.0,,513.0,-430.0,83.0,,,82.0,,,0.0,0.0,-1.0,54.0,-28.0,,,,,,,,54.0,,,,,,,,,,,,,,,,,,,,,,,,,,,,,,,,,,,,,,,,,,,,,,,,,,,,,,,,,,,,,,,,,,,,,,,,,,,,,,,,,,,,,,,,,,,,,,,,,,,,,,,,,,,,,,,,,,,,,,,,,,,,,,,,,,,,,,,,1.0,1163256051606,2016-02-10,,9.0,69.10,M,32066414,12300,4210014,16,15701000001,bryansk,3200,1.0,0.0,34.3116996,53.2615282,house,0.0
3257038690,1.0,none,1.0,0.0,0.0,0.0,0.0,,,,,,,,,,541.0,303.0,,,200.0,,38.0,,340.0,50.0,,,,,,290.0,,,,,,201.0,,201.0,,,,541.0,541.0,-495.0,12552.0,-13047.0,-13542.0,-13047.0,,-13775.0,,,,,-233.0,-13775.0,,,,,,,,,-13775.0,,,,,,,,,,,,,,,,,,,,,,,,,,,,,,,,,,,,,,,,,,,,,,,,,,,,,,,,,,,,,,,,,,,,,,,,,,,,,,,,,,,,,,,,,,,,,,,,,,,,,,,,,,,,,,,,,,,,,,,,,,,,,,,,,,,,,,,,0.0,1163256051661,2016-02-10,,9.0,56.10,I,32066615,12300,4210014,16,15701000001,bryansk,3200,1.0,0.0,34.4029564,53.2632763,house,0.0
3257038788,1.0,none,1.0,0.0,0.0,8298.0,,0.0,,,,8298.0,0.0,0.0,,0.0,3972.0,801.0,,0.0,256.0,1100.0,1812.0,3.0,11403.0,,,3160.0,,,8243.0,,0.0,0.0,,,0.0,867.0,0.0,867.0,,,,12269.0,12269.0,2270.0,30218.0,-27948.0,2270.0,,,748.0,,0.0,0.0,1744.0,-3266.0,-208.0,-956.0,,,,,,,,-208.0,0.0,,,,,,,,,,,,,,,,,,,,,,,,,,,,,,,,,,,,,,,,,,,,,,,,,,,,,,,,,,,,,,,,159.0,32725.0,31261.0,,,,1464.0,,-32566.0,-12186.0,-12638.0,,,-3818.0,-3924.0,,,,,,,,,,,,,,,,,,,,,,,,,,,,,,159.0,1674.0,,1833.0,3789.0,8.0,8.0,,,,,,-638.0,0.0,0.0,,,-638.0,,-428.0,,-209.0,,,,0.0,3160.0,,1163256051804,2016-02-11,,9.0,85.42.90,P,32066911,75500,4210014,53,15701000001,bryansk,3200,1.0,0.0,34.3958202,53.2614103,house,0.0
3257038837,1.0,none,1.0,0.0,0.0,50700.0,,4.0,,,,50696.0,0.0,0.0,,0.0,85414.0,15579.0,,708.0,60100.0,0.0,2887.0,6139.0,5271.0,10.0,,,0.0,,0.0,5261.0,45000.0,45000.0,,,0.0,85843.0,55107.0,30052.0,,,,136114.0,136114.0,155543.0,555050.0,-399507.0,40381.0,-102392.0,-12770.0,2898.0,,489.0,-16614.0,1190.0,-22548.0,2173.0,-725.0,-725.0,,,,,,,2173.0,0.0,,,,,,,,,,,,,,,,,,,,,,,,,,,,,,,,,,,,,,,,,,,,,,,,,,,,,,,,,,,,,,,,,,,,,,,,,,,,,,,,,,,,,,,,,,,,,,,,,,,,,,,,,,,,,,,,,,,,,,,,,,,,,,,,,,,,,,,,1163256051881,2016-02-11,,9.0,46.31,G,32066762,12300,4210014,16,46584000001,moscow reg.,5000,0.0,0.0,37.4882126,55.1527728,house,0.0
3257038869,1.0,none,1.0,0.0,1.0,0.0,,,,,,0.0,,,,,2602.0,0.0,,,,424.0,2178.0,,-19789.0,,,,,,,,20710.0,20710.0,,,,1681.0,,1681.0,,,,2602.0,2602.0,,14430.0,-14575.0,-145.0,,,-136.0,,,,100.0,-91.0,-136.0,0.0,,,,,,,,-136.0,,,,,,,,,,,,,,,,,,,,,,,,,,,,,,,,,,,,,,,,,,,,,,,,,,,,,,,,,,,,,,,,,,,,,,,,,,,,,,,,,,,,,,,,,,,,,,,,,,,,,,,,,,,,,,,,,,,,,,,,,,,,,,,,,,,,,,,,1.0,1163256051936,2016-02-12,,9.0,35.30.14,D,32066970,12300,4210014,16,15701000001,bryansk,3200,1.0,0.0,34.3717551,53.2505527,house,0.0
3257038964,1.0,none,1.0,0.0,1.0,8756.0,,,,,,8756.0,,,,,4658.0,1082.0,,,,3576.0,0.0,,-1398.0,,,,,,,,,,,,,14812.0,,14812.0,,,,13414.0,13414.0,,9244.0,-11799.0,-2555.0,,,-1784.0,,,,846.0,-75.0,-1784.0,0.0,,,,,,,,-1784.0,,,,,,,,,,,,,,,,,,,,,,,,,,,,,,,,,,,,,,,,,,,,,,,,,,,,,,,,,,,,,,,,,,,,,,,,,,,,,,,,,,,,,,,,,,,,,,,,,,,,,,,,,,,,,,,,,,,,,,,,,,,,,,,,,,,,,,,,1.0,1163256052068,2016-02-16,,9.0,41.20,F,32067098,12300,4210014,16,15701000001,bryansk,3200,1.0,0.0,34.2874686,53.3408544,house,0.0
3257039012,1.0,none,1.0,0.0,1.0,0.0,,,,,,0.0,,0.0,,,4711.0,3482.0,,,,1229.0,0.0,,210.0,,,,,,,,0.0,0.0,,,,4501.0,0.0,4501.0,,,,4711.0,4711.0,,0.0,0.0,,,,0.0,,,0.0,0.0,0.0,0.0,0.0,,,,,,,,0.0,,,,,,223.0,,,,223.0,,,,,,,,,,,,,,,,,,,,,,,,,,,,,,,,,,,,,,,,,,,,,,,,,,,,,,,0.0,0.0,0.0,,,,0.0,,0.0,0.0,0.0,0.0,0.0,0.0,,0.0,0.0,,,,,,,0.0,0.0,0.0,0.0,0.0,,,0.0,,,,,,,,0.0,0.0,0.0,0.0,0.0,,0.0,0.0,,0.0,,,,,,,,,,,,,,,,,,,,,,,,1.0,1163256052134,2016-02-17,,9.0,46.31,G,32067247,12300,4210014,16,15701000001,bryansk,3200,1.0,0.0,34.3275303,53.2418699,street,0.0
3257039020,1.0,none,1.0,0.0,1.0,2313.0,,,,,,813.0,,1500.0,,,4423.0,40.0,,,,3938.0,445.0,,3917.0,,,,,,,,0.0,0.0,,,,2819.0,,2819.0,,,0.0,6736.0,6736.0,,18330.0,-8635.0,9695.0,,,7148.0,,,,0.0,-2547.0,6792.0,-356.0,,,,,,,,6792.0,,,,,,,,,,,,,,,,,,,,,,,,,,,,,,,,,,,,,,,,,,,,,,,,,,,,,,,,,,,,,,,,,,,,,,,,,,,,,,,,,,,,,,,,,,,,,,,,,,,,,,,,,,,,,,,,,,,,,,,,,,,,,,,,,,,,,,,,1.0,1163256052156,2016-02-17,,9.0,71.20,M,32067230,12300,4210014,16,15701000001,bryansk,3200,1.0,0.0,34.3587368,53.2612833,house,0.0
3257039125,1.0,none,1.0,0.0,0.0,,,,,,,,,,,,7079.0,,,23.0,6835.0,,216.0,5.0,634.0,10.0,,,,,,624.0,,,,,,6445.0,,6445.0,,,,7079.0,7079.0,2101.0,21502.0,-19401.0,-153.0,,-2254.0,833.0,,1071.0,,,-85.0,624.0,-209.0,-209.0,,,,,,,624.0,,,,,,,,,,,,,,,,,,,,,,,,,,,,,,,,,,,,,,,,,,,,,,,,,,,,,,,,,,,,,,,,,,,,,,,,,,,,,,,,,,,,,,,,,,,,,,,,,,,,,,,,,,,,,,,,,,,,,,,,,,,,,,,,,,,,,,,,0.0,1163256052288,2016-02-18,,9.0,43.22,F,32067359,12300,4210014,16,15701000001,bryansk,3200,1.0,0.0,34.3613256,53.24422,house,0.0
3257039196,1.0,none,1.0,0.0,1.0,,,,,,,,,,,,4987.0,,,,,4963.0,24.0,,3204.0,,,,,,,,,,,,,1783.0,1625.0,158.0,,,,4987.0,4987.0,,1536.0,-1300.0,236.0,,,231.0,,,,2.0,-7.0,139.0,-92.0,,,,,,,,139.0,,,,,,,,,,,,,,,,,,,,,,,,,,,,,,,,,,,,,,,,,,,,,,,,,,,,,,,,,,,,,,,,,,,,,,,,,,,,,,,,,,,,,,,,,,,,,,,,,,,,,,,,,,,,,,,,,,,,,,,,,,,,,,,,,,,,,,,,1.0,1163256052376,2016-02-19,,9.0,46.66,G,32067543,12300,4210014,16,15701000001,bryansk,3200,1.0,0.0,34.3113939,53.2997522,house,0.0
3257039252,1.0,none,1.0,0.0,1.0,162.0,,,,,,162.0,,,,,2736.0,529.0,,,,1886.0,321.0,,2436.0,,,,,,,,368.0,368.0,,,,94.0,,94.0,,,,2898.0,2898.0,,2812.0,-2585.0,227.0,,,259.0,,,,63.0,-31.0,164.0,-95.0,,,,,,,,164.0,,,,,,,,,,,,,,,,,,,,,,,,,,,,,,,,,,,,,,,,,,,,,,,,,,,,,,,,,,,,,,,,,,,,,,,,,,,,,,,,,,,,,,,,,,,,,,,,,,,,,,,,,,,,,,,,,,,,,,,,,,,,,,,,,,,,,,,,1.0,1163256052453,2016-02-20,,9.0,33.14,C,00008384,12300,4210014,16,15701000001,bryansk,3200,1.0,0.0,34.3219606,53.2291331,house,0.0
3257039326,1.0,none,1.0,0.0,0.0,,,,,,,,,,,,23.0,,,,,,23.0,,,,,,,,,,0.0,,,,0.0,23.0,,,0.0,,23.0,23.0,23.0,17.0,184.0,-167.0,17.0,,,17.0,,,,,,23.0,6.0,,,,,,,,23.0,,,,,,,,,,,,,,,,,,,,,,,,,,,,,,,,,,,,,,,,,,,,,,,,,,,,,,,,,,,,,,,,,23.0,201.0,184.0,,,,17.0,,-178.0,,-172.0,,-6.0,,,0.0,,,,,,,,,,,,,,,0.0,,,,,,,,,,,,,,23.0,0.0,,23.0,0.0,201.0,,,,17.0,184.0,,-178.0,,,,,-178.0,,,,,,,,,23.0,0.0,1163256052552,2016-02-24,,9.0,93.19,R,00009231,20200,4220003,53,15701000001,bryansk,3200,1.0,0.0,34.3386001,53.2611846,house,0.0
3257039358,1.0,none,1.0,0.0,0.0,470.0,,0.0,,,,0.0,0.0,470.0,,0.0,28917.0,0.0,,2050.0,25373.0,0.0,1308.0,185.0,5114.0,10.0,,,0.0,,0.0,5104.0,125.0,0.0,,,125.0,24148.0,17711.0,6437.0,,,,29387.0,29387.0,18740.0,140542.0,-121802.0,3234.0,-15506.0,,-1352.0,,0.0,0.0,167.0,-4753.0,-1469.0,-117.0,-117.0,,,,,,,-1469.0,0.0,,,,,,,,,,,,,,,,,,,,,,,,,,,,,,,,,,,,,,,,,,,,,,,,,,,,,,,,,,,,,,,,,,,,,,,,,,,,,,,,,,,,,,,,,,,,,,,,,,,,,,,,,,,,,,,,,,,,,,,,,,,,,,,,,,,,,,,0.0,1163256052596,2016-02-24,,9.0,46.73,G,00009194,12300,4210014,16,15701000001,bryansk,3200,1.0,0.0,34.3538753,53.249612,house,0.0
3257039485,1.0,none,1.0,0.0,1.0,84.0,,,,,,84.0,,,,,8797.0,87.0,,,,313.0,8397.0,,,,,,,8566.0,,,,,,,,315.0,,315.0,,,,8881.0,8881.0,,20098.0,-20891.0,-793.0,,,375.0,,,,1231.0,-63.0,112.0,-263.0,,,,,,,,112.0,,,,,,,,,,,,,,,,,,,,,,,,,,,,,,,,,,,,,,,,,,,,,,,,,,,,,,,,,,,,,,,,,,,,,,,,,,,,,,,,,,,,,,,,,,,,,,,,,,,,,,,,,,,,,,,,,8454.0,112.0,,,,,112.0,,,,,,,,,,,,,,,,8566.0,1.0,1163256052794,2016-02-26,,9.0,85.42,P,32066348,71400,4210014,16,15701000001,bryansk,3200,0.0,0.0,34.3326657,53.2596528,street,0.0
3257039502,1.0,none,1.0,0.0,1.0,113.0,,,,,,63.0,,50.0,,,19424.0,13266.0,,,,6008.0,150.0,,8445.0,,,,,,,,,,,,,11092.0,,11092.0,,,,19537.0,19537.0,,12457.0,-12240.0,217.0,,,510.0,,,,314.0,-21.0,382.0,-128.0,,,,,,,,382.0,,,,,,,,,,,,,,,,,,,,,,,,,,,,,,,,,,,,,,,,,,,,,,,,,,,,,,,,,,,,,,,,,,,,,,,,,,,,,,,,,,,,,,,,,,,,,,,,,,,,,,,,,,,,,,,,,,,,,,,,,,,,,,,,,,,,,,,,1.0,1163256052827,2016-02-26,,9.0,41.20,F,00076859,12300,4210014,16,15701000001,bryansk,3200,1.0,0.0,34.3987404,53.2155937,house,0.0
3257039527,1.0,none,1.0,0.0,1.0,40412.0,,,,,,30162.0,,10250.0,,,97577.0,34015.0,,,,57376.0,6186.0,,133505.0,,,,,,,,0.0,0.0,,,,4484.0,,4484.0,,,,137989.0,137989.0,,162572.0,-118769.0,43803.0,,,43095.0,,,,1.0,-709.0,39811.0,-3284.0,,,,,,,,39811.0,,,,,,,,,,,,,,,,,,,,,,,,,,,,,,,,,,,,,,,,,,,,,,,,,,,,,,,,,,,,,,,,,,,,,,,,,,,,,,,,,,,,,,,,,,,,,,,,,,,,,,,,,,,,,,,,,,,,,,,,,,,,,,,,,,,,,,,,1.0,1163256052860,2016-02-29,,9.0,16.21,C,00076687,12300,4210014,16,15701000001,bryansk,3200,1.0,0.0,34.3402633,53.2224513,house,0.0
3257039559,1.0,none,1.0,0.0,1.0,27373.0,,,,,,14681.0,,12692.0,,,156426.0,5182.0,,,,151133.0,111.0,,2635.0,,,,,,,,9120.0,258.0,,,8862.0,172044.0,,172044.0,,,,183799.0,183799.0,,312711.0,-309504.0,3207.0,,,4736.0,,,,1666.0,-137.0,3552.0,-1184.0,,,,,,,,3552.0,,,,,,,,,,,,,,,,,,,,,,,,,,,,,,,,,,,,,,,,,,,,,,,,,,,,,,,,,,,,,,,,,,,,,,,,,,,,,,,,,,,,,,,,,,,,,,,,,,,,,,,,,,,,,,,,,,,,,,,,,,,,,,,,,,,,,,,,1.0,1163256052893,2016-03-01,,9.0,41.20,F,00076902,12300,4210014,16,15701000001,bryansk,3200,1.0,0.0,34.3178335,53.2965133,street,0.0
3257039566,1.0,none,1.0,0.0,1.0,,,,,,,,,,,,25116.0,0.0,,,,10047.0,15069.0,,25116.0,,,,,,,,0.0,0.0,,,,0.0,,0.0,,,,25116.0,25116.0,,56572.0,-47975.0,8597.0,,,8597.0,,,,,,7307.0,-1290.0,,,,,,,,7307.0,,,,,,,,,,,,,,,,,,,,,,,,,,,,,,,,,,,,,,,,,,,,,,,,,,,,,,,,,,,,,,,,,,,,,,,,,,,,,,,,,,,,,,,,,,,,,,,,,,,,,,,,,,,,,,,,,,,,,,,,,,,,,,,,,,,,,,,,1.0,1163256052926,2016-03-01,,9.0,63.11.10,J,00076954,12300,4210014,16,15701000001,bryansk,3200,1.0,0.0,34.3684203,53.2380008,street,0.0
3257039630,1.0,none,1.0,0.0,0.0,398.0,,,,,,398.0,,,,,8305.0,,,,457.0,,7848.0,,8008.0,2000.0,,,,,,6008.0,,,,,,695.0,,695.0,,,,8703.0,8703.0,6739.0,24131.0,-17392.0,6739.0,,,6739.0,,,,,,6008.0,-731.0,0.0,,,,,,,6008.0,,,,,,,,,,,,,,,,,,,,,,,,,,,,,,,,,,,,,,,,,,,,,,,,,,,,,,,,,,,,,,,,,,,,,,,,,,,,,,,,,,,,,,,,,,,,,,,,,,,,,,,,,,,,,,,,,,,,,,,,,,,,,,,,,,,,,,,,0.0,1163256053070,2016-03-04,,9.0,71.20.80,M,00353678,12300,4210014,16,15701000001,bryansk,3200,1.0,0.0,34.3571378,53.2672048,house,0.0
3257039647,1.0,none,1.0,0.0,1.0,,,,,,,0.0,,0.0,,,,0.0,,,,0.0,78.0,,0.0,,,,,,,,,0.0,,,,,0.0,68.0,,,,78.0,78.0,,458.0,-260.0,,,,,,,,,,228.0,-30.0,,,,,,,,,,,,,,,,,,,,,,,,,,,,,,,,,,,,,,,,,,,,,,,,,,,,,,,,,,,,,,,,,,,,,,,,,,,,,,,,,,,,,,,,,,,,,,,,,,,,,,,,,,,,,,,,,,,,,,,,,,,,,,,,,,,,,,,,,,,,,,,,,1163256053080,2016-03-04,,9.0,79.11,N,00370553,12300,4210014,16,15701000001,bryansk,3200,0.0,0.0,34.359787,53.2443714,house,0.0
3257039735,1.0,none,1.0,0.0,0.0,,,,,,,,,,,,916.0,86.0,,,830.0,,0.0,,555.0,10.0,,,,,,545.0,0.0,,,,,361.0,361.0,0.0,,,,916.0,916.0,185.0,5304.0,-5119.0,185.0,,0.0,185.0,,,,,0.0,139.0,-46.0,-46.0,,,,,,,139.0,,,,,,,,,,,,,,,,,,,,,,,,,,,,,,,,,,,,,,,,,,,,,,,,,,,,,,,,,,,,,,,,,,,,,,,,,,,,,,,,,,,,,,,,,,,,,,,,,,,,,,,,,,,,,,,,,,,,,,,,,,,,,,,,,,,,,,,,0.0,1163256053201,2016-03-09,,9.0,46.21,G,00440696,12300,4210014,16,15701000001,bryansk,3200,1.0,0.0,34.3221907,53.2806708,house,0.0
3257039767,1.0,none,1.0,0.0,0.0,1494.0,,,,,,1494.0,,0.0,,,111.0,11.0,,,,,100.0,,25.0,25.0,,,,,,,912.0,860.0,,,52.0,668.0,,668.0,,,,1605.0,1605.0,6922.0,6922.0,,1560.0,-5362.0,,625.0,,,-471.0,,-464.0,625.0,,,,,,,,,625.0,,,,,,,,,,,,,,,,,,,,,,,,,,,,,,,,,,,,,,,,,,,,,,,,,,,,,,,,,,,,,,,,,,,,,,,,,,,,,,,,,,,,,,,,,,,,,,,,,,,,,,,,,,,,,,,,,,,,,,,,,,,,,,,,,,,,,,,,0.0,1163256053267,2016-03-10,,9.0,01.50,A,00500889,12300,4210014,16,15604444101,bryansk,3200,1.0,0.0,34.51732,52.6630822,street,0.0
3257039862,1.0,none,1.0,0.0,0.0,31234.0,,,,,,30115.0,0.0,1119.0,,0.0,56740.0,22415.0,,17.0,29072.0,0.0,4638.0,598.0,37301.0,10.0,,,,,,37291.0,0.0,,,,0.0,50673.0,0.0,30909.0,,,,87974.0,87974.0,11241.0,94740.0,-83499.0,5769.0,,-5472.0,4325.0,,37.0,0.0,1632.0,-3113.0,4122.0,-203.0,-203.0,,,,,,,4122.0,,,,,,9407.0,9407.0,0.0,0.0,33180.0,33180.0,0.0,23772.0,0.0,,,,0.0,,0.0,,,,,,,0.0,,0.0,0.0,33180.0,37301.0,,4121.0,0.0,,,,0.0,,,,,,,,,0.0,,0.0,0.0,,,,,,,,,,,,,,-5236.0,74242.0,72696.0,,,,1546.0,,-79478.0,-60115.0,-843.0,,-203.0,-18317.0,,0.0,,,,,,,,0.0,,,0.0,,,,,,,,,,,,,,,,,,-5236.0,9874.0,,4638.0,,,,,,,,,,,,,,,,,,,,,,,,,1163256053399,2016-03-14,,9.0,41.20,F,00605246,12300,4210014,16,15701000001,bryansk,3200,0.0,0.0,34.3301854,53.2411729,house,0.0
3257039894,1.0,none,1.0,0.0,0.0,10.0,,,,,,,,,,10.0,,,,,,,,,10.0,10.0,,,,,,,,,,,,,,,,,,10.0,10.0,,,,,,,,,,,,,,,,,,,,,,,,,,,,,,,,,,,,,,,,,,,,,,,,,,,,,,,,,,,,,,,,,,,,,,,,,,,,,,,,,,,,,,,,,,,,,,,,,,,,,,,,,,,,,,,,,,,,,,,,,,,,,,,,,,,,,,,,,,,,,,,,,,,,,,,,,,,,,,0.0,1163256053421,2016-03-14,,9.0,31.09,C,00602450,12300,4210014,16,15701000001,bryansk,3200,1.0,0.0,34.2752802,53.3230142,house,0.0
3257039943,1.0,none,1.0,0.0,0.0,3.0,,,,,,,,,3.0,,294.0,,,,294.0,,,,297.0,10.0,,,,,,287.0,,,,,,,,,,,,297.0,297.0,,,,,,,,,,,,,,,,,,,,,,,,,,,,,,,,,,,,,,,,,,,,,,,,,,,,,,,,,,,,,,,,,,,,,,,,,,,,,,,,,,,,,,,,,,,,,,,,,,,,,,,,,,,,,,,,,,,,,,,,,,,,,,,,,,,,,,,,,,,,,,,,,,,,,,,,,,,,,,0.0,1163256053509,2016-03-15,,9.0,46.73.30,G,00618912,12300,4210014,16,15701000001,bryansk,3200,1.0,0.0,34.3986225,53.2117465,house,0.0
3257039982,1.0,none,1.0,0.0,0.0,,,,,,,,,,,,3964.0,3394.0,,,469.0,,101.0,,10.0,10.0,,,,,,,,,,,,3954.0,3400.0,554.0,,,0.0,3964.0,3964.0,491.0,18481.0,-17990.0,491.0,,,491.0,,,,0.0,,306.0,-185.0,,,,,,,,306.0,,,,,,,,,,,,,,,,,,,,,,,,,,,,,,,,,,,,,,,,,,,,,,,,,,,,,,,,,,,,,,,,,,,,,,,,,,,,,,,,,,,,,,,,,,,,,,,,,,,,,,,,,,,,,,,,,,,,,,,,,,,,,,,,,,,,,,,,0.0,1163256053531,2016-03-15,,9.0,47.73,G,00618906,12300,4210014,16,68701000001,tambov,6800,1.0,0.0,41.4369872,52.7386578,house,0.0
3257039990,1.0,none,1.0,0.0,1.0,4065.0,,,,,,4065.0,,0.0,,,13826.0,6681.0,,,,6218.0,927.0,,14660.0,,,,,,,,,,,,,3231.0,,3231.0,,,,17891.0,17891.0,,29738.0,-32022.0,-2284.0,,,410.0,,,,2903.0,-209.0,86.0,-324.0,,,,,,,,86.0,,,,,,,,,,,,,,,,,,,,,,,,,,,,,,,,,,,,,,,,,,,,,,,,,,,,,,,,,,,,,,,,,,,,,,,,,,,,,,,,,,,,,,,,,,,,,,,,,,,,,,,,,,,,,,,,,,,,,,,,,,,,,,,,,,,,,,,,1.0,1163256053542,2016-03-15,,9.0,46.46.10,G,00660742,12300,4210008,16,15701000001,bryansk,3200,1.0,0.0,34.3465667,53.2449529,house,0.0
3257040057,1.0,none,1.0,0.0,1.0,0.0,,,,,,0.0,,,,,9884.0,363.0,,,,8582.0,939.0,,5469.0,,,,,,,,1797.0,1797.0,,,,2618.0,,2618.0,,,0.0,9884.0,9884.0,,2558.0,-4358.0,-1800.0,,,-1832.0,,,,,-32.0,-1949.0,-117.0,,,,,,,,-1949.0,,,,,,,,,,,,,,,,,,,,,,,,,,,,,,,,,,,,,,,,,,,,,,,,,,,,,,,,,,,,,,,,,,,,,,,,,,,,,,,,,,,,,,,,,,,,,,,,,,,,,,,,,,,,,,,,,,,,,,,,,,,,,,,,,,,,,,,,1.0,1163256053630,2016-03-16,,9.0,41.20,F,00670485,12300,4210014,16,15701000001,bryansk,3200,1.0,0.0,34.397048,53.2592209,house,0.0
3257040226,1.0,none,1.0,0.0,0.0,,,,,,,,,,,,,,,,,,,,0.0,10.0,,,,,,-10.0,,,,,,,,,,,,0.0,0.0,,,,,,,,,,,,,,,,,,,,,,,,,,,,,,,,,,,,,,,,,,,,,,,,,,,,,,,,,,,,,,,,,,,,,,,,,,,,,,,,,,,,,,,,,,,,,,,,,,,,,,,,,,,,,,,,,,,,,,,,,,,,,,,,,,,,,,,,,,,,,,,,,,,,,,,,,,,,,,0.0,1163256053850,2016-03-17,,9.0,46.73,G,00696421,12300,4210014,16,15701000001,bryansk,3200,1.0,0.0,34.3903802,53.2785935,house,0.0
3257040240,1.0,none,1.0,0.0,0.0,164.0,,0.0,,,,164.0,0.0,0.0,,0.0,51756.0,560.0,,203.0,50948.0,0.0,45.0,0.0,48708.0,10.0,,,0.0,,0.0,48698.0,0.0,0.0,,,0.0,3212.0,0.0,3212.0,,,,51921.0,51921.0,12145.0,216280.0,-204135.0,-43319.0,-55464.0,,-860.0,,78.0,,51796.0,-9415.0,-1755.0,-895.0,-895.0,,,,,,,-1755.0,0.0,,,,,42099.0,42099.0,,,50463.0,50463.0,12574.0,12574.0,,,,,,,,,,,,,,,,,-4210.0,50463.0,48708.0,-1755.0,-1755.0,,,,,,,,,,,,,,,,,,,,,,,,,,,,,,,8083.0,275917.0,239437.0,,,,36480.0,,-267834.0,-224808.0,-19500.0,,-895.0,-22631.0,,-8922.0,78.0,,,,0.0,78.0,,-9000.0,,,-9000.0,,,,-2196.0,20000.0,20000.0,,,,,,-22196.0,-2196.0,,-20000.0,,,-3035.0,3080.0,,45.0,,,,,,,,,,,,,,,,,,,,,,,,1.0,1163256053894,2016-03-17,,9.0,46.90,G,88729944,12300,4210014,16,15701000001,bryansk,3200,1.0,0.0,34.4079604,53.2262837,house,0.0
3257040297,1.0,none,1.0,0.0,1.0,13117.0,,,,,,12537.0,,580.0,,,41386.0,1346.0,,,,39238.0,802.0,,22412.0,,,,,,,,0.0,0.0,,,,32091.0,0.0,32091.0,,,,54503.0,54503.0,,93952.0,-92455.0,1497.0,,,1498.0,,,,358.0,-357.0,565.0,-933.0,,,,,,,,565.0,,,,,,,,,,,,,,,,,,,,,,,,,,,,,,,,,,,,,,,,,,,,,,,,,,,,,,,,,,,,,,,,,,,,,,,,,,,,,,,,,,,,,,,,,,,,,,,,,,,,,,,,,,,,,,,,,,,,,,,,,,,,,,,,,,,,,,,,1.0,1163256053950,2016-03-21,,9.0,43.33,F,01218675,12300,4210014,16,15701000001,bryansk,3200,1.0,0.0,34.32626,53.2438805,house,0.0
3257040339,1.0,none,1.0,0.0,0.0,0.0,,0.0,,,,,,,0.0,,4391.0,2346.0,,,1690.0,,355.0,0.0,2646.0,10.0,,,,,,2636.0,0.0,,0.0,,,1745.0,,1745.0,,,,4391.0,4391.0,7461.0,10158.0,-2697.0,1034.0,-5294.0,-1133.0,888.0,,,,,-146.0,666.0,-222.0,-222.0,,,,,,,666.0,,,,,,,,,,,,,,,,,,,,,,,,,,,,,,,,,,,,,,,,,,,,,,,,,,,,,,,,,,,,,,,,,,,,,,,,,,,,,,,,,,,,,,,,,,,,,,,,,,,,,,,,,,,,,,,,,,,,,,,,,,,,,,,,,,,,,,,,0.0,1163256054004,2016-03-21,,9.0,46.73,G,01179449,12300,4210014,16,15701000001,bryansk,3200,1.0,0.0,34.44638,53.2102518,house,0.0
3257040392,1.0,none,1.0,0.0,1.0,,,,,,,,,,,,1340.0,355.0,,,,956.0,29.0,,395.0,,,,,,,,,,,,,945.0,,945.0,,,,1340.0,1340.0,,1128.0,-1078.0,50.0,,,50.0,,,,,,50.0,,,,,,,,,50.0,,,,,,,,,,,,,,,,,,,,,,,,,,,,,,,,,,,,,,,,,,,,,,,,,,,,,,,,,,,,,,,,,,,,,,,,,,,,,,,,,,,,,,,,,,,,,,,,,,,,,,,,,,,,,,,,,,,,,,,,,,,,,,,,,,,,,,,,1.0,1163256054103,2016-03-23,,9.0,16.10,C,01229006,12300,4210014,16,15701000001,bryansk,3200,1.0,0.0,34.3161828,53.3173413,house,0.0
3257040410,1.0,none,1.0,0.0,1.0,,,,,,,,,,,,4811.0,0.0,,,,4429.0,382.0,,4593.0,,,,,,,,0.0,0.0,,,,218.0,0.0,218.0,,,,4811.0,4811.0,,19462.0,-17520.0,1942.0,,,1881.0,,,0.0,,-61.0,658.0,-1223.0,,,,,,,,658.0,,,,,,,,,,,,,,,,,,,,,,,,,,,,,,,,,,,,,,,,,,,,,,,,,,,,,,,,,,,,,,,,,,,,,,,,,,,,,,,,,,,,,,,,,,,,,,,,,,,,,,,,,,,,,,,,,,,,,,,,,,,,,,,,,,,,,,,,1.0,1163256054092,2016-03-23,,9.0,81.22,N,01226114,12300,4210014,16,15701000001,bryansk,3200,1.0,0.0,34.3563944,53.2615992,house,0.0
3257040441,1.0,none,1.0,0.0,1.0,,,,,,,,,,,,4521.0,286.0,,,,1734.0,2501.0,,37.0,,,,,,,,,,,,,4485.0,0.0,4485.0,,,,4521.0,4521.0,,43275.0,-45437.0,-2162.0,,,4447.0,,,,8296.0,-1687.0,3868.0,-579.0,,,,,,,,3868.0,,,,,,,,,,,,,,,,,,,,,,,,,,,,,,,,,,,,,,,,,,,,,,,,,,,,,,,,,,,,,,,,,,,,,,,,,,,,,,,,,,,,,,,,,,,,,,,,,,,,,,,,,,,,,,,,,,,,,,,,,,,,,,,,,,,,,,,,1.0,1163256054169,2016-03-23,,9.0,46.49,G,01226108,12300,4210014,16,15701000001,bryansk,3200,1.0,0.0,34.3275303,53.2418699,street,0.0
3257040547,1.0,none,1.0,0.0,1.0,319.0,,,,,,319.0,,,,,2612.0,402.0,,,,2210.0,0.0,,116.0,,,,,,,,,,,,,2815.0,666.0,2149.0,,,,2931.0,2931.0,,10892.0,-10689.0,203.0,,,167.0,,,,,-36.0,55.0,-112.0,,,,,,,,55.0,,,,,,,,,,,,,,,,,,,,,,,,,,,,,,,,,,,,,,,,,,,,,,,,,,,,,,,,,,,,,,,,,,,,,,,,,,,,,,,,,,,,,,,,,,,,,,,,,,,,,,,,,,,,,,,,,,,,,,,,,,,,,,,,,,,,,,,,1.0,1163256054290,2016-03-25,,9.0,31.09,C,01396514,12300,4210014,16,15701000001,bryansk,3200,1.0,0.0,34.2729556,53.2127953,city,0.0
3257040554,1.0,none,1.0,0.0,1.0,18456.0,,,,,,15585.0,,2871.0,,,126244.0,66477.0,,,,39442.0,20325.0,,98500.0,,,,,,,,10853.0,8494.0,,,2359.0,35347.0,,35347.0,,,,144700.0,144700.0,,217661.0,-173453.0,44208.0,,,44911.0,,,,6927.0,-6224.0,35404.0,-9507.0,,,,,,,,35404.0,,,,,,,,,,,,,,,,,,,,,,,,,,,,,,,,,,,,,,,,,,,,,,,,,,,,,,,,,,,,,,,,,,,,,,,,,,,,,,,,,,,,,,,,,,,,,,,,,,,,,,,,,,,,,,,,,,,,,,,,,,,,,,,,,,,,,,,,1.0,1163256054323,2016-03-25,,9.0,46.90,G,01396342,12300,4210014,16,66701000001,smolensk,6700,1.0,0.0,32.057495,54.7714852,house,0.0
3257040628,1.0,none,1.0,0.0,1.0,0.0,,,,,,,,0.0,,,291.0,,,,,198.0,93.0,,62.0,,,,,,,,,,,,,229.0,,229.0,,,,291.0,291.0,,1386.0,-1321.0,65.0,,,47.0,,,,0.0,-18.0,5.0,-42.0,,,,,,,,5.0,,,,,,,,,,,,,,,,,,,,,,,,,,,,,,,,,,,,,,,,,,,,,,,,,,,,,,,,,,,,,,,,,,,,,,,,,,,,,,,,,,,,,,,,,,,,,,,,,,,,,,,,,,,,,,,,,,,,,,,,,,,,,,,,,,,,,,,,1.0,1163256054411,2016-03-28,,9.0,55.10,I,01458221,12300,4210014,16,15701000001,bryansk,3200,1.0,0.0,34.4092674,53.2748069,house,0.0
3257040681,1.0,none,1.0,0.0,0.0,0.0,,0.0,,,,0.0,0.0,0.0,,0.0,15893.0,382.0,,805.0,13301.0,200.0,1120.0,85.0,-10691.0,10.0,,,0.0,,0.0,-10701.0,8000.0,8000.0,,,0.0,18584.0,2200.0,16384.0,,,,15893.0,15893.0,-1404.0,57840.0,-59244.0,-6862.0,,-5458.0,-6003.0,,33.0,-42.0,868.0,0.0,-6003.0,0.0,0.0,,,,,,,-6003.0,0.0,,,,,-2076.0,-2076.0,,,-4604.0,-4604.0,-2528.0,-2528.0,,,,,,,,,,,,,,,,,,-4604.0,-10606.0,-6002.0,-6002.0,,,,,,,,,,,,,,,,,,,,,,,,,,,,,,,-7607.0,63137.0,13955.0,,,,49182.0,,-70744.0,-4595.0,,,,-66149.0,,,,,,,,,,,,,,,,,5958.0,8000.0,8000.0,,,,,,-2042.0,,,-2042.0,,,-1649.0,2769.0,,1120.0,,,,,,,,,,,,,,,,,,,,,,,,1.0,1163256054488,2016-03-29,,9.0,35.30.14,D,01535619,12300,4210014,16,15701000001,bryansk,3200,1.0,0.0,34.3554812,53.2665631,house,0.0
3257040699,1.0,none,1.0,0.0,0.0,0.0,,,,,,0.0,,,,,8057.0,435.0,,,3500.0,,4122.0,,6291.0,10.0,,,,,,6281.0,,,,,,1766.0,0.0,1766.0,,,,8057.0,8057.0,45305.0,62663.0,-17358.0,6049.0,,-39256.0,5502.0,,128.0,,13.0,-688.0,4887.0,-615.0,,,,,,,,4887.0,,,,,,1812.0,1812.0,,,3982.0,3982.0,2170.0,2170.0,,,,,,,,,,,,,,,,,,3982.0,6291.0,4887.0,4887.0,,,,,,,-2578.0,,,,,,,-2578.0,,,,,,,,,,,,,,,,,2524.0,59111.0,58724.0,,,,387.0,,-56587.0,-40356.0,-15414.0,,,-817.0,0.0,,,,,,,,,,,,,,,,-2732.0,,,,,,,,-2732.0,,-2578.0,-154.0,,,-208.0,4330.0,,4122.0,,,,,,,,,,,,,,,,,,,,,,,,1.0,1163256054499,2016-03-29,,9.0,73.11,M,01502235,12300,4210014,16,15701000001,bryansk,3200,1.0,0.0,34.3340497,53.2663723,house,0.0
3257040730,1.0,none,1.0,0.0,0.0,,,,,,,,,,,,132.0,131.0,,,1.0,,0.0,,132.0,10.0,,,,,,122.0,,,,,,0.0,,0.0,,,,132.0,132.0,0.0,0.0,0.0,0.0,,0.0,0.0,,,,,0.0,0.0,0.0,,,,,,,,0.0,,,,,,,,,,,,,,,,,,,,,,,,,,,,,,,,,,,,,,,,,,,,,,,,,,,,,,,,,,,,,,,,,,,,,,,,,,,,,,,,,,,,,,,,,,,,,,,,,,,,,,,,,,,,,,,,,,,,,,,,,,,,,,,,,,,,,,,,0.0,1163256054532,2016-03-30,,9.0,43.32,F,01533135,12300,4210014,16,15701000001,bryansk,3200,1.0,0.0,34.3434984,53.2287655,house,0.0
3257040811,1.0,none,1.0,0.0,1.0,390.0,,,,,,390.0,,0.0,,,13853.0,3122.0,,,,10686.0,45.0,,10443.0,,,,,,,,3337.0,3337.0,,,0.0,463.0,,463.0,,,,14243.0,14243.0,,4588.0,-1927.0,2661.0,,,1214.0,,,,,-1447.0,911.0,-303.0,,,,,,,,911.0,,,,,,,,,,,,,,,,,,,,,,,,,,,,,,,,,,,,,,,,,,,,,,,,,,,,,,,,,,,,,,,,,,,,,,,,,,,,,,,,,,,,,,,,,,,,,,,,,,,,,,,,,,,,,,,,,,,,,,,,,,,,,,,,,,,,,,,,1.0,1163256054642,2016-04-01,,9.0,46.21,G,01674218,12300,4210014,16,15701000001,bryansk,3200,1.0,0.0,34.3571378,53.2672048,house,0.0
3257040836,1.0,none,1.0,0.0,1.0,2000.0,,,,,,0.0,,2000.0,,,5186.0,53.0,,,,5126.0,7.0,,6863.0,,,,,,,,0.0,0.0,,,,323.0,,323.0,,,,7186.0,7186.0,,8894.0,-8765.0,129.0,,,150.0,,,0.0,67.0,-46.0,1.0,-149.0,,,,,,,,1.0,,,,,,,,,,,,,,,,,,,,,,,,,,,,,,,,,,,,,,,,,,,,,,,,,,,,,,,,,,,,,,,,,,,,,,,,,,,,,,,,,,,,,,,,,,,,,,,,,,,,,,,,,,,,,,,,,,,,,,,,,,,,,,,,,,,,,,,,1.0,1163256054675,2016-04-01,,9.0,52.29,H,01674166,12300,4210014,16,15701000001,bryansk,3200,1.0,0.0,34.4083538,53.2763703,house,0.0
3257040875,1.0,none,1.0,0.0,1.0,,,,,,,,,,,,1754.0,1522.0,,,,230.0,2.0,,-1368.0,,,,,,,,,,,,,3122.0,207.0,2915.0,,,,1754.0,1754.0,,426.0,-907.0,-481.0,,,-491.0,,,,0.0,-10.0,-501.0,-10.0,,,,,,,,-501.0,,,,,,,,,,,,,,,,,,,,,,,,,,,,,,,,,,,,,,,,,,,,,,,,,,,,,,,,,,,,,,,,,,,,,,,,,,,,,,,,,,,,,,,,,,,,,,,,,,,,,,,,,,,,,,,,,,,,,,,,,,,,,,,,,,,,,,,,1.0,1163256054720,2016-04-04,,9.0,16.23,C,01695375,12300,4210014,16,15701000001,bryansk,3200,1.0,0.0,34.3955255,53.2198279,house,0.0
3257040970,1.0,none,1.0,0.0,1.0,180.0,,,,,,180.0,,0.0,,,8119.0,3090.0,,,,4808.0,221.0,,4747.0,,,,,,,,1276.0,1276.0,,,0.0,2276.0,0.0,2276.0,,,0.0,8299.0,8299.0,,2283.0,-4153.0,-1870.0,,,-2207.0,,,0.0,19.0,-356.0,-2235.0,-28.0,,,,,,,,-2235.0,,,,,,,,,,,,,,,,,,,,,,,,,,,,,,,,,,,,,,,,,,,,,,,,,,,,,,,,,,,,,,,,,,,,,,,,,,,,,,,,,,,,,,,,,,,,,,,,,,,,,,,,,,,,,,,,,,,,,,,,,,,,,,,,,,,,,,,,1.0,1163256054862,2016-04-06,,9.0,61.10,J,01777937,12300,4210014,16,15701000001,bryansk,3200,0.0,0.0,34.3668293,53.258215,house,0.0
3257040995,1.0,none,1.0,0.0,1.0,0.0,,,,,,0.0,,,,,7147.0,3493.0,,,,3493.0,161.0,,4403.0,,,,,,,,0.0,0.0,,,,2744.0,1931.0,813.0,,,,7147.0,7147.0,,30012.0,-28863.0,1149.0,,,219.0,,,-542.0,16.0,-404.0,139.0,-80.0,,,,,,,,139.0,,,,,,,,,,,,,,,,,,,,,,,,,,,,,,,,,,,,,,,,,,,,,,,,,,,,,,,,,,,,,,,,,,,,,,,,,,,,,,,,,,,,,,,,,,,,,,,,,,,,,,,,,,,,,,,,,,,,,,,,,,,,,,,,,,,,,,,,1.0,1163256054884,2016-04-06,,9.0,46.74,G,01822359,12300,4210014,16,15701000001,bryansk,3200,1.0,0.0,34.4453889,53.2065918,house,0.0
3257041050,1.0,none,1.0,0.0,1.0,700.0,,,,,,,,700.0,,,108.0,,,,,15.0,93.0,,808.0,,,,,,,,,,,,,0.0,,0.0,,,,808.0,808.0,,0.0,0.0,,,,105.0,,,,112.0,-7.0,79.0,-26.0,,,,,,,,79.0,,,,,,,,,,,,,,,,,,,,,,,,,,,,,,,,,,,,,,,,,,,,,,,,,,,,,,,,,,,,,,,,,,,,,,,,,,,,,,,,,,,,,,,,,,,,,,,,,,,,,,,,,,,,,,,,,,,,,,,,,,,,,,,,,,,,,,,,1.0,1163256054940,2016-04-07,,9.0,46.23,G,01819529,12300,4210014,16,15701000001,bryansk,3200,1.0,0.0,34.2813299,53.3174085,house,0.0
3257041100,1.0,none,1.0,0.0,1.0,5.0,,,,,,,,5.0,,,725.0,,,,,700.0,25.0,,693.0,,,,,,,,,,,,,37.0,0.0,37.0,,,,730.0,730.0,,726.0,-440.0,286.0,,,275.0,,,0.0,66.0,-77.0,251.0,-24.0,,,,,,,,251.0,,,,,,,,,,,,,,,,,,,,,,,,,,,,,,,,,,,,,,,,,,,,,,,,,,,,,,,,,,,,,,,,,,,,,,,,,,,,,,,,,,,,,,,,,,,,,,,,,,,,,,,,,,,,,,,,,,,,,,,,,,,,,,,,,,,,,,,,1.0,1163256055005,2016-04-08,,9.0,45.20,G,01872972,12300,4210014,16,15701000001,bryansk,3200,1.0,0.0,34.3275168,53.2229834,house,0.0
3257041149,1.0,none,1.0,0.0,1.0,,,,,,,,,,,,10.0,,,,,0.0,10.0,,-93.0,,,,,,,,,,,,,103.0,103.0,,,,,10.0,10.0,,,-9.0,-9.0,,,-17.0,,,,,-8.0,-17.0,,,,,,,,,-17.0,,,,,,,,,,,,,,,,,,,,,,,,,,,,,,,,,,,,,,,,,,,,,,,,,,,,,,,,,,,,,,,,,,,,,,,,,,,,,,,,,,,,,,,,,,,,,,,,,,,,,,,,,,,,,,,,,,,,,,,,,,,,,,,,,,,,,,,,1.0,1163256055050,2016-04-11,,9.0,41.20,F,01849358,12300,4210014,16,15701000001,bryansk,3200,0.0,0.0,34.3275303,53.2418699,street,0.0
3257041163,1.0,none,1.0,0.0,0.0,5137.0,,0.0,,,,0.0,0.0,5137.0,,0.0,1943.0,0.0,,0.0,1797.0,135.0,3.0,8.0,5837.0,10.0,,,0.0,,0.0,5827.0,0.0,0.0,,,0.0,1243.0,0.0,1243.0,,,,7080.0,7080.0,4028.0,6381.0,-2353.0,3187.0,-841.0,,33.0,,12.0,0.0,0.0,-3166.0,-161.0,-194.0,,,,,,,,-161.0,0.0,,,,,,,,,,,,,,,,,,,,,,,,,,,,,,,,,,,,,,,,,,,,,,,,,,,,,,,,,,,,,,,,,,,,,,,,,,,,,,,,,,,,,,,,,,,,,,,,,,,,,,,,,,,,,,,,,,,,,,,,,,,,,,,,,,,,,,,0.0,1163256055082,2016-04-12,,9.0,69.20,M,01889518,12300,4210014,16,15701000001,bryansk,3200,1.0,0.0,34.3678048,53.2487467,house,0.0
3257041237,1.0,none,1.0,0.0,0.0,,,,,,,,,,,,10.0,,,,10.0,,,,10.0,10.0,,,,,,,,,,,,,,,,,,10.0,10.0,,,,,,,,,,,,,0.0,,,,,,,,,0.0,,,,,,,,,,,,,,,,,,,,,,,,,,,,,,,,,,,,,,,,,,,,,,,,,,,,,,,,,,,,,,,,,,,,,,,,,,,,,,,,,,,,,,,,,,,,,,,,,,,,,,,,,,,,,,,,,,,,,,,,,,,,,,,,,,,,,,,,0.0,1163256055192,2016-04-14,,9.0,45.30,G,01980130,12300,4210014,16,15701000001,bryansk,3200,1.0,0.0,34.3163265,53.2629257,house,0.0
3257041283,1.0,none,1.0,0.0,1.0,2110.0,,,,,,2110.0,,,,,3028.0,266.0,,,,2171.0,591.0,,2705.0,,,,,,,,,,,,,2433.0,,2433.0,,,,5138.0,5138.0,,16558.0,-15733.0,825.0,,,694.0,,,,3.0,-134.0,478.0,-216.0,,,,,,,,478.0,,,,,,,,,,,,,,,,,,,,,,,,,,,,,,,,,,,,,,,,,,,,,,,,,,,,,,,,,,,,,,,,,,,,,,,,,,,,,,,,,,,,,,,,,,,,,,,,,,,,,,,,,,,,,,,,,,,,,,,,,,,,,,,,,,,,,,,,1.0,1163256055269,2016-04-14,,9.0,85.30,P,01983306,12300,4210014,16,15701000001,bryansk,3200,1.0,0.0,34.4084981,53.2662538,house,0.0
3257041300,1.0,none,1.0,0.0,1.0,,,,,,,,,,,,290.0,,,,,290.0,0.0,,248.0,,,,,,,,,,,,,42.0,42.0,,,,,290.0,290.0,,1425.0,-1134.0,291.0,,,291.0,,,,0.0,0.0,248.0,-43.0,,,,,,,,248.0,,,,,,,,,,,,,,,,,,,,,,,,,,,,,,,,,,,,,,,,,,,,,,,,,,,,,,,,,,,,,,,,,,,,,,,,,,,,,,,,,,,,,,,,,,,,,,,,,,,,,,,,,,,,,,,,,,,,,,,,,,,,,,,,,,,,,,,,1.0,1163256055313,2016-04-15,,9.0,68.31,L,01998905,12300,4210014,16,15701000001,bryansk,3200,1.0,0.0,34.3613256,53.24422,house,0.0
3257041445,1.0,none,1.0,0.0,1.0,,,,,,,,,,,,,,,,,,,,,,,,,,,,,,,,,,,,,,,0.0,0.0,,,,,,,,,,,,,,,,,,,,,,,,,,,,,,,,,,,,,,,,,,,,,,,,,,,,,,,,,,,,,,,,,,,,,,,,,,,,,,,,,,,,,,,,,,,,,,,,,,,,,,,,,,,,,,,,,,,,,,,,,,,,,,,,,,,,,,,0.0,178.0,,,,,,,-178.0,,,,,,,,,,,,,-178.0,0.0,0.0,1163256055489,2016-04-19,,9.0,52.21.24,H,02048436,20101,4210014,16,15701000001,bryansk,3200,1.0,0.0,34.4019401,53.2165729,house,0.0
3257041484,1.0,none,1.0,0.0,0.0,0.0,,,,,,,,,,,4254.0,0.0,,,2621.0,1633.0,0.0,,2971.0,10.0,,,,,,2961.0,0.0,,,,,1283.0,,1283.0,,,,4254.0,4254.0,-619.0,29765.0,-30384.0,-619.0,0.0,,-480.0,,225.0,,0.0,-86.0,-778.0,-298.0,-298.0,,,,,,,-778.0,,,,,,5024.0,0.0,0.0,0.0,3593.0,0.0,0.0,0.0,0.0,,,,0.0,,0.0,,,,,,,0.0,,0.0,0.0,0.0,2971.0,0.0,0.0,0.0,,,,0.0,,0.0,,,,,,,0.0,,0.0,0.0,,,,,,,,,,,,,,-136.0,36185.0,35855.0,,,,330.0,,-36321.0,-30935.0,-1642.0,,,-258.0,-3486.0,0.0,,,,,,,,,,,,,,,0.0,0.0,,0.0,,,,,,,,,,,-136.0,136.0,,0.0,,,,,,,,,,,,,,,,,,,,,,,,1.0,1163256055522,2016-04-20,,9.0,52.29,H,02059185,12300,4210014,16,15701000001,bryansk,3200,1.0,0.0,34.3522152,53.2325669,house,0.0
3257041607,1.0,none,1.0,0.0,1.0,,,,,,,,,,,,13513.0,1407.0,,,,11575.0,531.0,,12012.0,,,,,,,,,,,,,1501.0,,1501.0,,,,13513.0,13513.0,,31320.0,-31832.0,-512.0,,,851.0,,,,1422.0,-59.0,634.0,-217.0,,,,,,,,634.0,,,,,,,,,,,,,,,,,,,,,,,,,,,,,,,,,,,,,,,,,,,,,,,,,,,,,,,,,,,,,,,,,,,,,,,,,,,,,,,,,,,,,,,,,,,,,,,,,,,,,,,,,,,,,,,,,,,,,,,,,,,,,,,,,,,,,,,,1.0,1163256055665,2016-04-25,,9.0,46.69.90,G,41275004,12300,4210014,16,15701000001,bryansk,3200,1.0,0.0,34.4324887,53.2083642,house,0.0
3257041614,1.0,none,1.0,0.0,1.0,2041.0,,,,,,204.0,,1837.0,,,12960.0,,,,,12863.0,97.0,,7977.0,,,,,,,,0.0,0.0,,,,7024.0,,7024.0,,,,15001.0,15001.0,,14741.0,-2263.0,12478.0,,,11781.0,,,,0.0,-697.0,11445.0,-336.0,,,,,,,,11445.0,,,,,,,,,,,,,,,,,,,,,,,,,,,,,,,,,,,,,,,,,,,,,,,,,,,,,,,,,,,,,,,,,,,,,,,,,,,,,,,,,,,,,,,,,,,,,,,,,,,,,,,,,,,,,,,,,,,,,,,,,,,,,,,,,,,,,,,,1.0,1163256055676,2016-04-25,,9.0,71.12.70,M,02159839,12300,4210014,16,15701000001,bryansk,3200,1.0,0.0,34.3433272,53.2727278,house,0.0
3257041646,1.0,none,1.0,0.0,1.0,,,,,,,,,,,,2848.0,2818.0,,,,0.0,30.0,,714.0,,,,,,,,,,,,,2134.0,,2134.0,,,,2848.0,2848.0,,6228.0,-5903.0,325.0,,,79.0,,,,,-246.0,59.0,-20.0,,,,,,,,59.0,,,,,,,,,,,,,,,,,,,,,,,,,,,,,,,,,,,,,,,,,,,,,,,,,,,,,,,,,,,,,,,,,,,,,,,,,,,,,,,,,,,,,,,,,,,,,,,,,,,,,,,,,,,,,,,,,,,,,,,,,,,,,,,,,,,,,,,,1.0,1163256055710,2016-04-25,,9.0,46.90,G,02150235,12300,4210014,16,15701000001,bryansk,3200,1.0,0.0,34.2655759,53.3108667,street,0.0
3257041685,1.0,none,1.0,0.0,1.0,25029.0,,,,,,25029.0,,0.0,,,25166.0,6145.0,,,,18984.0,37.0,,22798.0,,,,,,,,897.0,,,,897.0,26500.0,,26500.0,,,,50195.0,50195.0,,166513.0,-160509.0,6004.0,,,6568.0,,,,2494.0,-1930.0,4926.0,-1642.0,,,,,,,,4926.0,,,,,,,,,,,,,,,,,,,,,,,,,,,,,,,,,,,,,,,,,,,,,,,,,,,,,,,,,,,,,,,,,,,,,,,,,,,,,,,,,,,,,,,,,,,,,,,,,,,,,,,,,,,,,,,,,,,,,,,,,,,,,,,,,,,,,,,,1.0,1163256055764,2016-04-26,,9.0,25.99.29,C,02169565,12300,4210014,16,15701000001,bryansk,3200,1.0,0.0,34.4183461,53.2006293,house,0.0
3257041759,1.0,none,1.0,0.0,0.0,,,,,,,,,,,,606.0,89.0,,,115.0,,402.0,,579.0,10.0,,,,,,569.0,,,,,,27.0,,27.0,,,,606.0,606.0,7457.0,7457.0,,520.0,-6760.0,-177.0,520.0,,,,,,471.0,-49.0,-49.0,,,,,,,471.0,,,,,,,,,,,,,,,,,,,,,,,,,,,,,,,,,,,,,,,,,,,,,,,,,,,,,,,,,,,,,,,,,,,,,,,,,,,,,,,,,,,,,,,,,,,,,,,,,,,,,,,,,,,,,,,,,,,,,,,,,,,,,,,,,,,,,,,,1.0,1163256055830,2016-04-27,,9.0,68.20.20,L,02216276,12300,4210014,16,15701000001,bryansk,3200,1.0,0.0,34.3260765,53.2395848,house,0.0
3257041773,1.0,none,1.0,0.0,1.0,4076.0,,,,,,544.0,,3532.0,,,132689.0,0.0,,,,130247.0,2442.0,,14477.0,,,,,,,,4828.0,0.0,,,4828.0,117460.0,353.0,117107.0,,,,136765.0,136765.0,,219832.0,-212235.0,7597.0,,,7481.0,,,0.0,215.0,-331.0,5587.0,-1894.0,,,,,,,,5587.0,,,,,,,,,,,,,,,,,,,,,,,,,,,,,,,,,,,,,,,,,,,,,,,,,,,,,,,,,,,,,,,,,,,,,,,,,,,,,,,,,,,,,,,,,,,,,,,,,,,,,,,,,,,,,,,,,,,,,,,,,,,,,,,,,,,,,,,,1.0,1163256055874,2016-04-29,,9.0,41.20,F,02313140,12300,4210014,16,15701000001,bryansk,3200,1.0,0.0,32.768641,52.5840776,house,0.0
3257041808,1.0,none,1.0,0.0,0.0,0.0,,0.0,,,,0.0,0.0,0.0,,0.0,4186.0,1924.0,,0.0,748.0,0.0,6.0,1509.0,1875.0,,,,0.0,,0.0,1875.0,2051.0,0.0,,,2051.0,261.0,0.0,261.0,,,,4186.0,4186.0,853.0,11794.0,-10941.0,853.0,,,830.0,,0.0,0.0,0.0,-23.0,702.0,-128.0,,,,,,,,702.0,0.0,,,,,,,,,,,,,,,,,,,,,,,,,,,,,,,,,,,,,,,,,,,,,,,,,,,,,,,,,,,,,,,,,,,,,,,,,,,,,,,,,,,,,,,,,,,,,,,,,,,,,,,,,,,,,,,,,,,,,,,,,,,,,,,,,,,,,,,0.0,1163256055930,2016-05-04,,9.0,46.33.20,G,02327550,12300,4210014,16,15701000001,bryansk,3200,1.0,0.0,34.3429419,53.2763871,street,0.0
3257041847,1.0,none,1.0,0.0,1.0,,,,,,,,,,,,66.0,22.0,,,,44.0,0.0,,12.0,,,,,,,,0.0,0.0,,,,54.0,,54.0,,,,66.0,66.0,,90.0,-88.0,2.0,,,2.0,,,,,,2.0,,,,,,,,,2.0,,,,,,0.0,,,,10.0,10.0,,,,,,,,,,,,,,,,,,,,10.0,12.0,2.0,2.0,,,,,,,,,,,,,,,,,,,,,,,,,,,,,,,0.0,90.0,90.0,,,,,,-90.0,-46.0,-44.0,,,,,,,,,,,,,,,,,,,,,,,,,,,,,,,,,,0.0,0.0,,0.0,,,,,,,,,,,,,,,,,,,,,,,,1.0,1163256055995,2016-05-04,,9.0,41.20,F,02327515,12300,4210014,16,15701000001,bryansk,3200,1.0,0.0,34.309592,53.3403585,house,0.0
3257041903,1.0,none,1.0,0.0,0.0,,,,,,,,,,,,1692.0,,,,,,1692.0,,,,,,,,,,,,,,,1692.0,,,1692.0,,,1692.0,1692.0,0.0,801.0,-801.0,0.0,,,0.0,,,,,,0.0,,,,,,,,,0.0,,,,,,,,,,,,,,,,,,,,,,,,,,,,,,,,,,,,,,,,,,,,,,,,,,,,,,,,,,,,,,,,,,,,,,,,,,,,,,,,,,,,,,,,,,,,,,,,,,,,,,,,,,,,,,,,,1199.0,3174.0,,,2947.0,227.0,,,-2681.0,-1396.0,,,,-1285.0,-1285.0,,,,,,,,1692.0,0.0,1163256056105,2016-05-06,,9.0,94.99,S,02350224,20200,4220003,53,15701000001,bryansk,3200,1.0,0.0,34.327214,53.2669749,house,0.0
3257042103,1.0,none,1.0,0.0,1.0,117.0,,,,,,117.0,,,,,25524.0,18929.0,,,,6338.0,257.0,,23132.0,,,,,,,,,,,,,2509.0,,2509.0,,,,25641.0,25641.0,,23553.0,-22366.0,1187.0,,,1722.0,,,,592.0,-57.0,1291.0,-431.0,,,,,,,,1291.0,,,,,,,,,,,,,,,,,,,,,,,,,,,,,,,,,,,,,,,,,,,,,,,,,,,,,,,,,,,,,,,,,,,,,,,,,,,,,,,,,,,,,,,,,,,,,,,,,,,,,,,,,,,,,,,,,,,,,,,,,,,,,,,,,,,,,,,,1.0,1163256056435,2016-05-16,,9.0,45.20,G,02486076,12300,4210014,16,15608463101,bryansk,3200,1.0,0.0,34.3096595,53.2137917,street,0.0
3257042128,1.0,none,1.0,0.0,1.0,3592.0,,,,,,3412.0,,180.0,,,10572.0,6727.0,,,,3160.0,685.0,,7732.0,,,,,,,,2452.0,,,,2452.0,3980.0,0.0,3980.0,,,,14164.0,14164.0,,49813.0,-47881.0,1932.0,,,1458.0,,,-4.0,554.0,-1024.0,836.0,-622.0,,,,,,,,836.0,,,,,,,,,,,,,,,,,,,,,,,,,,,,,,,,,,,,,,,,,,,,,,,,,,,,,,,,,,,,,,,,,,,,,,,,,,,,,,,,,,,,,,,,,,,,,,,,,,,,,,,,,,,,,,,,,,,,,,,,,,,,,,,,,,,,,,,,1.0,1163256056457,2016-05-16,,9.0,43.99.40,F,02484516,12300,4210014,16,15701000001,bryansk,3200,1.0,0.0,34.275211,53.3030107,house,0.0
3257042142,1.0,none,1.0,0.0,0.0,226.0,,,,,,77.0,,,,149.0,834407.0,34447.0,,,496645.0,302070.0,70.0,1175.0,140102.0,200.0,,,,,,139902.0,,,,,,694531.0,18007.0,460075.0,,216449.0,,834633.0,834633.0,670811.0,2336049.0,-1665238.0,141251.0,-529560.0,,85034.0,,43978.0,-2132.0,64184.0,-162247.0,62463.0,-22571.0,-22571.0,,,,,,,62463.0,,,,,,72853.0,72853.0,,,95271.0,95271.0,35265.0,35265.0,,,,,,,-12847.0,,,,,,,-12847.0,,,,95271.0,140102.0,62463.0,62463.0,,,,,,,-17632.0,,,,,,,-17632.0,,,,,,,,,,,,,,,,,17184.0,1850185.0,1845679.0,,,,4506.0,,-1833001.0,-1441349.0,-365179.0,-1264.0,-5656.0,-19553.0,,43979.0,43979.0,,,,,43979.0,,,,,,,,,-61400.0,60.0,60.0,,,,,,-61460.0,,-15035.0,-60.0,-46365.0,,-237.0,307.0,,70.0,,,,,,,,,,,,,,,,,,,,,,,,1.0,1163256056490,2016-05-16,,9.0,46.69.50,G,02486082,12300,4210014,16,15701000001,bryansk,3200,1.0,0.0,34.3400063,53.2449771,house,0.0
3257042248,1.0,none,1.0,0.0,1.0,,,,,,,,,,,,28936.0,25862.0,,,,925.0,2149.0,,28093.0,,,,,,,,,,,,,843.0,400.0,443.0,,,,28936.0,28936.0,,13205.0,-3808.0,9397.0,,,9397.0,,,,0.0,,9397.0,,,,,,,,,9397.0,,,,,,,,,,,,,,,,,,,,,,,,,,,,,,,,,,,,,,,,,,,,,,,,,,,,,,,,,,,,,,,,,,,,,,,,,,,,,,,,,,,,,,,,,,,,,,,,,,,,,,,,,,,,,,,,,,,,,,,,,,,,,,,,,,,,,,,,1.0,1163256056600,2016-05-18,,9.0,45.30,G,02552519,12300,4210014,16,15701000001,bryansk,3200,1.0,0.0,34.3153581,53.2202807,house,0.0
3257042262,1.0,none,1.0,0.0,1.0,,,,,,,,,,,,64534.0,27058.0,,,,31704.0,5772.0,,43849.0,,,,,,,,,,,,,20685.0,1875.0,18810.0,,,,64534.0,64534.0,,215256.0,-200552.0,14704.0,,,13082.0,,,,369.0,-1991.0,9426.0,-3656.0,,,,,,,,9426.0,,,,,,,,,,,,,,,,,,,,,,,,,,,,,,,,,,,,,,,,,,,,,,,,,,,,,,,,,,,,,,,,,,,,,,,,,,,,,,,,,,,,,,,,,,,,,,,,,,,,,,,,,,,,,,,,,,,,,,,,,,,,,,,,,,,,,,,,1.0,1163256056633,2016-05-18,,9.0,46.69.20,G,02552488,12300,4210014,16,15701000001,bryansk,3200,1.0,0.0,34.4262144,53.2186092,house,0.0
3257042270,1.0,none,1.0,0.0,1.0,542.0,,,,,,,,542.0,,,21889.0,3198.0,,,,18660.0,31.0,,20761.0,,,,,,,,47.0,47.0,,,,1623.0,,1623.0,,,,22431.0,22431.0,,,-21.0,-21.0,,,443.0,,,,464.0,,415.0,-28.0,,,,,,,,415.0,,,,,,,,,,,,,,,,,,,,,,,,,,,,,,,,,,,,,,,,,,,,,,,,,,,,,,,,,,,,,,,,,,,,,,,,,,,,,,,,,,,,,,,,,,,,,,,,,,,,,,,,,,,,,,,,,,,,,,,,,,,,,,,,,,,,,,,,1.0,1163256056655,2016-05-18,,9.0,46.21,G,02552502,12300,4210014,16,15701000001,bryansk,3200,1.0,0.0,34.4635078,53.206292,house,0.0
3257042304,1.0,none,1.0,0.0,0.0,7531.0,,,,,,,,,,7531.0,0.0,,,,,,0.0,0.0,10.0,10.0,,,,,,,,,,,,7521.0,,5597.0,,,1934.0,7531.0,7531.0,,,,,,,-7521.0,,,,,-7521.0,-7521.0,,,,,,,,,-7521.0,,,,,,,,,,,,,,,,,,,,,,,,,,,,,,,,,,,,,,,,,,,,,,,,,,,,,,,,,,,,,,,,,,,,,,,,,,,,,,,,,,,,,,,,,,,,,,,,,,,,,,,,,,,,,,,,,,,,,,,,,,,,,,,,,,,,,,,,,1163256056710,2016-05-19,,9.0,46.73.60,G,02563061,12300,4210014,16,45918000000,moscow city,7700,0.0,0.0,37.6494912,55.668689,house,0.0
3257042343,1.0,none,1.0,0.0,1.0,113110.0,,,,,,113020.0,,90.0,,,121319.0,22686.0,,,,98476.0,157.0,,13953.0,,,,,,,,106897.0,,,,106897.0,113579.0,3012.0,110567.0,,,,234429.0,234429.0,,595904.0,-320033.0,275871.0,,,36962.0,,,-12.0,791.0,-239688.0,22818.0,-14144.0,,,,,,,,22818.0,,,,,,,,,,,,,,,,,,,,,,,,,,,,,,,,,,,,,,,,,,,,,,,,,,,,,,,,,,,,,,,,,,,,,,,,,,,,,,,,,,,,,,,,,,,,,,,,,,,,,,,,,,,,,,,,,,,,,,,,,,,,,,,,,,,,,,,,1.0,1163256056765,2016-05-19,,9.0,25.62,C,02563049,12300,4210014,16,15604151051,bryansk,3200,1.0,0.0,34.5783996,52.5582574,street,0.0
3257042382,1.0,none,1.0,0.0,1.0,0.0,,,,,,,,0.0,,,18.0,,,,,0.0,18.0,,-277.0,,,,,,,,295.0,295.0,,,,0.0,,0.0,,,,18.0,18.0,,,0.0,0.0,,,-34.0,,,,,-34.0,-34.0,,,,,,,,,-34.0,,,,,,,,,,,,,,,,,,,,,,,,,,,,,,,,,,,,,,,,,,,,,,,,,,,,,,,,,,,,,,,,,,,,,,,,,,,,,,,,,,,,,,,,,,,,,,,,,,,,,,,,,,,,,,,,,,,,,,,,,,,,,,,,,,,,,,,,1.0,1163256056809,2016-05-20,,9.0,49.41,H,02603926,12300,4210014,16,15701000001,bryansk,3200,1.0,0.0,34.2777925,53.3167236,house,0.0
3257042463,1.0,none,1.0,0.0,1.0,9023.0,,,,,,9023.0,,,,,5326.0,1250.0,,,,4032.0,44.0,,11696.0,,,,,,,,0.0,0.0,,,,2653.0,2351.0,302.0,,,,14349.0,14349.0,,16525.0,-11105.0,5420.0,,,5185.0,,,-1.0,139.0,-373.0,4518.0,-667.0,,,,,,,,4518.0,,,,,,,,,,,,,,,,,,,,,,,,,,,,,,,,,,,,,,,,,,,,,,,,,,,,,,,,,,,,,,,,,,,,,,,,,,,,,,,,,,,,,,,,,,,,,,,,,,,,,,,,,,,,,,,,,,,,,,,,,,,,,,,,,,,,,,,,1.0,1163256056897,2016-05-23,,9.0,77.11,N,02604699,12300,4210014,16,15608463101,bryansk,3200,1.0,0.0,34.3162946,53.223849,house,0.0
3257042551,1.0,none,1.0,0.0,1.0,86.0,,,,,,38.0,,48.0,,,8807.0,5601.0,,,,2566.0,640.0,,284.0,,,,,,,,889.0,889.0,,,0.0,7719.0,112.0,7607.0,,,,8893.0,8893.0,,8694.0,-8091.0,603.0,,,613.0,,,,199.0,-189.0,520.0,-93.0,,,,,,,,520.0,,,,,,,,,,,,,,,,,,,,,,,,,,,,,,,,,,,,,,,,,,,,,,,,,,,,,,,,,,,,,,,,,,,,,,,,,,,,,,,,,,,,,,,,,,,,,,,,,,,,,,,,,,,,,,,,,,,,,,,,,,,,,,,,,,,,,,,,1.0,1163256057018,2016-05-24,,9.0,10.84,C,02652008,12300,4210014,16,15701000001,bryansk,3200,1.0,0.0,34.275471,53.3151889,house,0.0
3257042576,1.0,none,1.0,0.0,1.0,54958.0,,,,,,54958.0,,,,,37396.0,7358.0,,,,29735.0,303.0,,48886.0,,,,,,,,0.0,,,,0.0,43468.0,,43468.0,,,,92354.0,92354.0,,208612.0,-194301.0,14311.0,,,11496.0,,,,1066.0,-3881.0,7941.0,-3555.0,,,,,,,,7941.0,,,,,,,,,,,,,,,,,,,,,,,,,,,,,,,,,,,,,,,,,,,,,,,,,,,,,,,,,,,,,,,,,,,,,,,,,,,,,,,,,,,,,,,,,,,,,,,,,,,,,,,,,,,,,,,,,,,,,,,,,,,,,,,,,,,,,,,,1.0,1163256057062,2016-05-25,,9.0,49.41,H,02676925,12300,4210014,16,15701000001,bryansk,3200,1.0,0.0,34.3499511,53.2732476,house,0.0
3257042600,1.0,none,1.0,0.0,1.0,76497.0,,,,,,76497.0,,,,,58728.0,2000.0,,,,56504.0,224.0,,130625.0,,,,,,,,0.0,0.0,,,,4600.0,,4600.0,,,,135225.0,135225.0,,218820.0,-204207.0,14613.0,,,40833.0,,,,30045.0,-3825.0,30625.0,-10208.0,,,,,,,,30625.0,,,,,,,,,,,,,,,,,,,,,,,,,,,,,,,,,,,,,,,,,,,,,,,,,,,,,,,,,,,,,,,,,,,,,,,,,,,,,,,,,,,,,,,,,,,,,,,,,,,,,,,,,,,,,,,,,,,,,,,,,,,,,,,,,,,,,,,,1.0,1163256057084,2016-05-25,,9.0,52.29,H,02669368,12300,4210011,24,15701000001,bryansk,3200,1.0,0.0,34.4119649,53.2114983,house,0.0
3257042618,1.0,none,1.0,0.0,1.0,37201.0,,,,,,32101.0,,5100.0,,,12415.0,1347.0,,,,9892.0,1176.0,,30118.0,,,,,,,,,,,,,19497.0,11300.0,8197.0,,,,49615.0,49615.0,,63931.0,-75749.0,-11818.0,,,-14707.0,,,-543.0,963.0,-3309.0,-17586.0,-2879.0,,,,,,,,-17586.0,,,,,,,,,,,,,,,,,,,,,,,,,,,,,,,,,,,,,,,,,,,,,,,,,,,,,,,,,,,,,,,,,,,,,,,,,,,,,,,,,,,,,,,,,,,,,,,,,,,,,,,,,,,,,,,,,,,,,,,,,,,,,,,,,,,,,,,,1.0,1163256057095,2016-05-25,,9.0,49.40,H,02669078,12300,4210014,16,15616163051,bryansk,3200,1.0,0.0,34.3662411,53.2414559,street,0.0
3257042664,1.0,none,1.0,0.0,1.0,6497.0,,,,,,,,6497.0,,,773.0,,,,,469.0,304.0,,-1145.0,,,,,,,,7665.0,7665.0,,,,750.0,,750.0,,,,7270.0,7270.0,,0.0,-144.0,-144.0,,,-195.0,,,,1.0,-52.0,-213.0,-18.0,,,,,,,,-213.0,,,,,,,,,,,,,,,,,,,,,,,,,,,,,,,,,,,,,,,,,,,,,,,,,,,,,,,,,,,,,,,,,,,,,,,,,,,,,,,,,,,,,,,,,,,,,,,,,,,,,,,,,,,,,,,,,,,,,,,,,,,,,,,,,,,,,,,,1.0,1163256057140,2016-05-26,,9.0,62.09,J,02690888,12300,4210014,16,45382000000,moscow city,7700,1.0,0.0,37.0309384,55.5870711,street,0.0
3257042689,1.0,none,1.0,0.0,1.0,,,,,,,,,,,,968.0,700.0,,,,265.0,3.0,,800.0,,,,,,,,,,,,,168.0,,168.0,,,,968.0,968.0,,2062.0,-2077.0,-15.0,,,-21.0,,,,35.0,-41.0,-84.0,-63.0,,,,,,,,-84.0,,,,,,,,,,,,,,,,,,,,,,,,,,,,,,,,,,,,,,,,,,,,,,,,,,,,,,,,,,,,,,,,,,,,,,,,,,,,,,,,,,,,,,,,,,,,,,,,,,,,,,,,,,,,,,,,,,,,,,,,,,,,,,,,,,,,,,,,1.0,1163256057161,2016-05-26,,9.0,31.09,C,02690606,12300,4210014,16,15701000056,bryansk,3200,1.0,0.0,33.7372332,53.5418671,house,0.0
3257042706,1.0,none,1.0,0.0,0.0,1257.0,0.0,,,0.0,0.0,1257.0,0.0,0.0,0.0,0.0,1834.0,1659.0,0.0,0.0,149.0,0.0,26.0,0.0,120.0,50.0,0.0,,0.0,0.0,0.0,70.0,2690.0,2690.0,0.0,0.0,0.0,281.0,0.0,281.0,0.0,0.0,0.0,3091.0,3091.0,210.0,6972.0,-6762.0,210.0,0.0,,5.0,0.0,0.0,0.0,10.0,-215.0,5.0,0.0,0.0,0.0,,,,,0.0,5.0,0.0,,,,,,,,,,,,,,,,,,,,,,,,,,,,,,,,,,,,,,,,,,,,,,,,,,,,,,,,,,,,,,,,,,,,,,,,,,,,,,,,,,,,,,,,,,,,,,,,,,,,,,,,,,,,,,,,,,,,,,,,,,,,,,,,,,,,,,,0.0,1163256057194,2016-05-27,,9.0,47.25,G,02717268,12300,4210014,16,15701000001,bryansk,3200,1.0,0.0,34.3678873,53.260088,street,0.0
3257042720,1.0,none,1.0,0.0,1.0,6194.0,,,,,,4194.0,,2000.0,,,69977.0,20383.0,,,,49287.0,307.0,,9857.0,,,,,,,,15027.0,15027.0,,,0.0,51287.0,2300.0,48987.0,,,,76171.0,76171.0,,488216.0,-482091.0,6125.0,,,1899.0,,,-3298.0,,-928.0,1020.0,-879.0,,,,,,,,1020.0,,,,,,,,,,,,,,,,,,,,,,,,,,,,,,,,,,,,,,,,,,,,,,,,,,,,,,,,,,,,,,,,,,,,,,,,,,,,,,,,,,,,,,,,,,,,,,,,,,,,,,,,,,,,,,,,,,,,,,,,,,,,,,,,,,,,,,,,1.0,1163256057216,2016-05-27,,9.0,46.73,G,02716926,12300,4210014,16,15701000001,bryansk,3200,1.0,0.0,34.3294568,53.2588782,house,0.0
3257042738,1.0,none,1.0,0.0,1.0,0.0,,,,,,0.0,,0.0,,,4035.0,900.0,,,,2874.0,261.0,,1356.0,,,,,,,,0.0,0.0,,,0.0,2679.0,2039.0,0.0,,,640.0,4035.0,4035.0,,17260.0,-15677.0,1583.0,,,1583.0,,,0.0,0.0,0.0,1346.0,-237.0,,,,,,,,1346.0,,,,,,,,,,,,,,,,,,,,,,,,,,,,,,,,,,,,,,,,,,,,,,,,,,,,,,,,,,,,,,,,,,,,,,,,,,,,,,,,,,,,,,,,,,,,,,,,,,,,,,,,,,,,,,,,,,,,,,,,,,,,,,,,,,,,,,,,1.0,1163256057250,2016-05-30,,9.0,15.12,C,02735496,12300,4210014,16,15701000001,bryansk,3200,1.0,0.0,34.2849598,53.303775,house,0.0
3257042921,1.0,none,1.0,0.0,1.0,,,,,,,,,,,,323.0,,,,,322.0,1.0,,323.0,,,,,,,,,,,,,0.0,,0.0,,,,323.0,323.0,,,,,,,0.0,,,,0.0,0.0,0.0,,,,,,,,,0.0,,,,,,,,,,,,,,,,,,,,,,,,,,,,,,,,,,,,,,,,,,,,,,,,,,,,,,,,,,,,,,,,,,,,,,,,,,,,,,,,,,,,,,,,,,,,,,,,,,,,,,,,,,,,,,,,,,,,,,,,,,,,,,,,,,,,,,,,1.0,1163256057470,2016-06-02,,9.0,46.69,G,02845842,12300,4210014,16,15701000001,bryansk,3200,1.0,0.0,34.374585,53.2699831,house,0.0
3257042960,1.0,none,1.0,0.0,0.0,553.0,,,,,,553.0,,,,,0.0,,,,,,0.0,,39.0,10.0,,,,,,29.0,35.0,35.0,,,,479.0,,479.0,,,,553.0,553.0,334.0,334.0,,42.0,,-292.0,33.0,,,,,-9.0,29.0,,,,,,,,-4.0,29.0,,,,,,,,,,,,,,,,,,,,,,,,,,,,,,,,,,,,,,,,,,,,,,,,,,,,,,,,,,,,,,,,,,,,,,,,,,,,,,,,,,,,,,,,,,,,,,,,,,,,,,,,,,,,,,,,,,,,,,,,,,,,,,,,,,,,,,,,0.0,1163256057524,2016-06-03,,9.0,49.40,H,02881588,12300,4210014,16,15701000001,bryansk,3200,1.0,0.0,34.3193993,53.2954862,house,0.0
3257042978,1.0,none,1.0,0.0,1.0,1507.0,,,,,,1507.0,,,,,,,,,,,,,10.0,,,,,,,,1497.0,1497.0,,,,,,,,,,1507.0,1507.0,,12.0,-12.0,0.0,,,0.0,,,,,,0.0,0.0,,,,,,,,0.0,,,,,,,,,,,,,,,,,,,,,,,,,,,,,,,,,,,,,,,,,,,,,,,,,,,,,,,,,,,,,,,,,,,,,,,,,,,,,,,,,,,,,,,,,,,,,,,,,,,,,,,,,,,,,,,,,,,,,,,,,,,,,,,,,,,,,,,,1.0,1163256057546,2016-06-06,,9.0,56.10,I,02962527,12300,4210014,16,15608412131,bryansk,3200,1.0,0.0,34.203289,53.185287,city,0.0
3257042985,1.0,none,1.0,0.0,1.0,,,,,,,,,,,,510.0,153.0,,,,57.0,300.0,,185.0,,,,,,,,,,,,,325.0,,325.0,,,,510.0,510.0,,3968.0,-3977.0,-9.0,,,-6.0,,,0.0,3.0,0.0,-222.0,-216.0,,,,,,,,-222.0,,,,,,,,,,,,,,,,,,,,,,,,,,,,,,,,,,,,,,,,,,,,,,,,,,,,,,,,,,,,,,,,,,,,,,,,,,,,,,,,,,,,,,,,,,,,,,,,,,,,,,,,,,,,,,,,,,,,,,,,,,,,,,,,,,,,,,,,1.0,1163256057557,2016-06-06,,9.0,59.11,J,02915620,12300,4210014,16,15701000001,bryansk,3200,1.0,0.0,34.2719063,53.3291108,house,0.0
3257042992,1.0,none,1.0,0.0,1.0,0.0,,,,,,0.0,,,,,0.0,,,,,0.0,,,-3998.0,,,,,,,,3536.0,3536.0,,,,461.0,,461.0,,,,0.0,0.0,,,0.0,0.0,,,0.0,,,,0.0,,0.0,0.0,,,,,,,,0.0,,,,,,,,,,,,,,,,,,,,,,,,,,,,,,,,,,,,,,,,,,,,,,,,,,,,,,,,,,,,,,,,,,,,,,,,,,,,,,,,,,,,,,,,,,,,,,,,,,,,,,,,,,,,,,,,,,,,,,,,,,,,,,,,,,,,,,,,1.0,1163256057568,2016-06-06,,9.0,86.10,Q,02962364,12300,4210014,16,15701000001,bryansk,3200,1.0,0.0,34.3557527,53.2303314,house,0.0
3257043001,1.0,none,1.0,0.0,0.0,0.0,,,,,,,,,,0.0,12264.0,0.0,,24.0,11994.0,0.0,246.0,,3528.0,16.0,,,,,,3512.0,,,,,,8736.0,,8736.0,,,,12264.0,12264.0,5336.0,16161.0,-10825.0,585.0,-4751.0,,529.0,,,,,-56.0,397.0,-132.0,-132.0,,,,,,0.0,397.0,,,,,,,,,,,,,,,,,,,,,,,,,,,,,,,,,,,,,,,,,,,,,,,,,,,,,,,,,,,,,,,,,,,,,,,,,,,,,,,,,,,,,,,,,,,,,,,,,,,,,,,,,,,,,,,,,,,,,,,,,,,,,,,,,,,,,,,,0.0,1163256057579,2016-06-06,,9.0,41.20,F,02962418,12300,4210014,16,15701000001,bryansk,3200,1.0,0.0,34.3451032,53.2231139,house,0.0
3257043065,1.0,none,1.0,0.0,0.0,0.0,,,,,,0.0,,,,,11254.0,0.0,,,11254.0,0.0,0.0,0.0,-53746.0,500.0,,,,,,-54246.0,65000.0,65000.0,,,,0.0,,0.0,,,,11254.0,11254.0,0.0,0.0,0.0,0.0,0.0,0.0,0.0,,,0.0,0.0,0.0,0.0,,,,,,,,0.0,0.0,,,,,,,,,,,,,,,,,,,,,,,,,,,,,,,,,,,,,,,,,,,,,,,,,,,,,,,,,,,,,,,,,,,,,,,,,,,,,,,,,,,,,,,,,,,,,,,,,,,,,,,,,,,,,,,,,,,,,,,,,,,,,,,,,,,,,,,,0.0,1163256057645,2016-06-07,,9.0,46.69.50,G,02949926,12300,4210014,16,15701000001,bryansk,3200,1.0,0.0,34.3076602,53.2960545,house,0.0
3257043072,1.0,none,1.0,0.0,1.0,42.0,,,,,,42.0,,,,,3911.0,0.0,,,,3884.0,27.0,,3779.0,,,,,,,,,,,,,174.0,,174.0,,,,3953.0,3953.0,,2858.0,-2852.0,6.0,,,-899.0,,,,0.0,-905.0,-899.0,0.0,,,,,,,,-899.0,,,,,,,,,,,,,,,,,,,,,,,,,,,,,,,,,,,,,,,,,,,,,,,,,,,,,,,,,,,,,,,,,,,,,,,,,,,,,,,,,,,,,,,,,,,,,,,,,,,,,,,,,,,,,,,,,,,,,,,,,,,,,,,,,,,,,,,,1.0,1163256057656,2016-06-07,,9.0,33.12,C,02962217,12300,4210011,24,15701000001,bryansk,3200,1.0,0.0,34.3130547,53.3023483,house,0.0
3257043097,1.0,none,1.0,0.0,1.0,90.0,,,,,,90.0,,,,,3027.0,190.0,,,,837.0,2000.0,,2983.0,,,,,,,,,,,,,134.0,,134.0,,,,3117.0,3117.0,,7906.0,-4502.0,3404.0,,,3237.0,,,,,-167.0,3000.0,-237.0,,,,,,,,3000.0,,,,,,,,,,,,,,,,,,,,,,,,,,,,,,,,,,,,,,,,,,,,,,,,,,,,,,,,,,,,,,,,,,,,,,,,,,,,,,,,,,,,,,,,,,,,,,,,,,,,,,,,,,,,,,,,,,,,,,,,,,,,,,,,,,,,,,,,1.0,1163256057689,2016-06-07,,9.0,86.23,Q,02931837,12300,4210014,16,15701000001,bryansk,3200,1.0,0.0,34.3440692,53.2347639,street,0.0
3257043107,1.0,none,1.0,0.0,1.0,,,,,,,,,,,,2186.0,2150.0,,,,32.0,4.0,,-1.0,,,,,,,,309.0,309.0,,,,1878.0,2.0,1876.0,,,,2186.0,2186.0,,1618.0,-1579.0,39.0,,,19.0,,,-11.0,30.0,-39.0,2.0,-17.0,,,,,,,,2.0,,,,,,,,,,,,,,,,,,,,,,,,,,,,,,,,,,,,,,,,,,,,,,,,,,,,,,,,,,,,,,,,,,,,,,,,,,,,,,,,,,,,,,,,,,,,,,,,,,,,,,,,,,,,,,,,,,,,,,,,,,,,,,,,,,,,,,,,1.0,1163256057700,2016-06-08,,9.0,46.49.43,G,02946371,12300,4210014,16,15701000001,bryansk,3200,1.0,0.0,34.4170718,53.265408,house,0.0
3257043114,1.0,none,1.0,0.0,0.0,,,,,,,,,,,,43911.0,39968.0,,124.0,2807.0,,11.0,1001.0,-14210.0,10.0,,,,,,-14220.0,,,,,,58121.0,57229.0,892.0,,,,43911.0,43911.0,,,,-82.0,-82.0,,-99.0,,,,,-17.0,-99.0,,,,,,,,,-99.0,,,,,,,,,,,,,,,,,,,,,,,,,,,,,,,,,,,,,,,,,,,,,,,,,,,,,,,,,,,,,,,,,,,,,,,,,,,,,,,,,,,,,,,,,,,,,,,,,,,,,,,,,,,,,,,,,,,,,,,,,,,,,,,,,,,,,,,,0.0,1163256057711,2016-06-08,,9.0,46.73.60,G,02962507,12300,4210014,16,15701000001,bryansk,3200,1.0,0.0,34.3657059,53.2278211,house,0.0
3257043121,1.0,none,1.0,0.0,1.0,1625.0,,,,,,1625.0,,,,,29078.0,4307.0,,,,24763.0,8.0,,10390.0,,,,,,,,11277.0,11277.0,,,,9036.0,6050.0,2986.0,,,,30703.0,30703.0,,108543.0,-96973.0,11570.0,,,11790.0,,,,815.0,-595.0,8837.0,-2953.0,,,,,,,,8837.0,,,,,,,,,,,,,,,,,,,,,,,,,,,,,,,,,,,,,,,,,,,,,,,,,,,,,,,,,,,,,,,,,,,,,,,,,,,,,,,,,,,,,,,,,,,,,,,,,,,,,,,,,,,,,,,,,,,,,,,,,,,,,,,,,,,,,,,,1.0,1163256057722,2016-06-09,,9.0,46.21,G,02976811,12300,4210014,16,15701000001,bryansk,3200,1.0,0.0,34.2863341,53.3050955,house,0.0
3257043146,1.0,none,1.0,0.0,1.0,,,,,,,,,,,,10.0,,,,,,10.0,,10.0,,,,,,,,,,,,,,,,,,,10.0,10.0,,,,,,,,,,,,,,,,,,,,,,,,,,,,,,,,,,,,,,,,,,,,,,,,,,,,,,,,,,,,,,,,,,,,,,,,,,,,,,,,,,,,,,,,,,,,,,,,,,,,,,,,,,,,,,,,,,,,,,,,,,,,,,,,,,,,,,,,,,,,,,,,,,,,,,,,,,,,,,1.0,1163256057744,2016-06-09,,9.0,41.20,F,02990076,12300,4210014,16,15701000001,bryansk,3200,1.0,0.0,34.3493915,53.2715733,street,0.0
3257043192,1.0,none,1.0,0.0,1.0,,,,,,,,,,,,1668.0,874.0,,,,782.0,12.0,,529.0,,,,,,,,559.0,559.0,,,,580.0,0.0,580.0,,,,1668.0,1668.0,,3165.0,-3061.0,104.0,,,100.0,,,,9.0,-13.0,75.0,-25.0,,,,,,,,75.0,,,,,,,,,,,,,,,,,,,,,,,,,,,,,,,,,,,,,,,,,,,,,,,,,,,,,,,,,,,,,,,,,,,,,,,,,,,,,,,,,,,,,,,,,,,,,,,,,,,,,,,,,,,,,,,,,,,,,,,,,,,,,,,,,,,,,,,,1.0,1163256057800,2016-06-10,,9.0,23.63,C,03012050,12300,4210014,16,15701000056,bryansk,3200,1.0,0.0,32.7802867,52.5940956,house,0.0
3257043202,1.0,none,1.0,0.0,0.0,82375.0,,13.0,,,,43796.0,0.0,,38566.0,,80145.0,18634.0,,0.0,59776.0,,1735.0,0.0,-12874.0,10.0,,,,130.0,,-13014.0,67275.0,,21246.0,,46029.0,108118.0,,102670.0,,1495.0,,162520.0,162520.0,111117.0,710341.0,-599224.0,-12706.0,-123823.0,0.0,-35293.0,,423.0,,816.0,-23826.0,-26477.0,8816.0,,8816.0,,,,,,-26477.0,,,,,,21163.0,21153.0,-10.0,,13603.0,13603.0,,-7549.0,,,,,,,,,,,,,,,,,,13603.0,-12874.0,,-26477.0,,,,,,,,,,,,,,,,,,,,,,,,,,,,,,,-6215.0,734525.0,733884.0,,,,641.0,,-740740.0,-698816.0,-22475.0,,,-12210.0,-7239.0,-667.0,,,,,,,,-667.0,-667.0,,,,,,,,,,,,,,,,,,,,-6882.0,8616.0,,1734.0,,,,,,,,,,,,,,,,,,,,,,,,,1163256057810,2016-06-10,,9.0,46.34.23,G,03004530,12300,4210014,16,15701000001,bryansk,3200,0.0,0.0,34.2490901,53.3201177,house,0.0
3257043241,1.0,none,1.0,0.0,0.0,58401.0,,942.0,,,,57454.0,,,6.0,,725373.0,607403.0,,71962.0,45544.0,,144.0,321.0,12951.0,102.0,,,,,,12849.0,716859.0,685891.0,,,30968.0,53964.0,0.0,53964.0,,,,783774.0,783774.0,49.0,1000.0,-951.0,49.0,,,-1235.0,,,,134.0,-1418.0,-1295.0,-60.0,-11.0,-49.0,,,,,0.0,-1295.0,,,,,,0.0,,,,14291.0,14291.0,,,,,,,,,,,,,,,,,,,14291.0,14291.0,12951.0,-1295.0,-1295.0,,,,,,,,,,,,,,,,52.0,-97.0,,,,,,,,,,,,,,-380473.0,8209.0,3215.0,,,,4994.0,,-388682.0,-366264.0,-12463.0,,,-2040.0,-7915.0,,,,,,,,,,,,,,,,379727.0,379727.0,379675.0,52.0,,,,,0.0,,,0.0,,,-746.0,890.0,,144.0,,,,,,,,,,,,,,,,,,,,,,,,1.0,1163256057865,2016-06-14,,9.0,68.20.20,L,03041131,12300,4210014,16,15701000001,bryansk,3200,1.0,0.0,34.3508651,53.2485209,house,0.0
3257043259,1.0,none,1.0,0.0,0.0,,,,,,,,,,,,35.0,,,,,,35.0,,35.0,,-35.0,0.0,,,,,,,,,,,,,,,,35.0,35.0,,,,,,,,,,,,,,,,,,,,,,,,,,,,,,,,,,,,,,,,,,,,,,,,,,,,,,,,,,,,,,,,,,,,,,,,,,,,,,,,,,,,,,,,,,,,,,,,,,,,,,,,,,,,,,,,,,,,,,,,,,,,,,,,,,,,,,,25.0,41.0,,41.0,,,0.0,0.0,-31.0,,,,,-31.0,-15.0,,,,,-16.0,,0.0,35.0,,1163256057876,2016-06-14,,9.0,01.19,A,03044788,20700,4210014,16,15701000001,bryansk,3200,0.0,0.0,34.3222297,53.2193523,house,0.0
3257043273,1.0,none,1.0,0.0,1.0,0.0,,,,,,0.0,,,,,50.0,,,,,0.0,50.0,,0.0,,,,,,,,0.0,,,,0.0,50.0,,0.0,,,50.0,50.0,50.0,,24376.0,-24325.0,51.0,,,51.0,,,,,,51.0,0.0,,,,,,,,51.0,,,,,,,,,,,,,,,,,,,,,,,,,,,,,,,,,,,,,,,,,,,,,,,,,,,,,,,,,,,,,,,,,,,,,,,,,,,,,,,,,,,,,,,,,,,,,,,,,,,,,,,,,,,,,,,,,,,,,,,,,,,,,,,,,,,,,,,,1.0,1163256057909,2016-06-14,,9.0,68.32.10,L,03044726,12300,4210014,16,15701000001,bryansk,3200,1.0,0.0,34.3457038,53.2545216,house,0.0
3257043330,1.0,none,1.0,0.0,1.0,920.0,,,,,,920.0,,,,,12342.0,6668.0,,,,3008.0,2666.0,,7428.0,,,,,,,,2739.0,2739.0,,,,3095.0,,3095.0,,,,13262.0,13262.0,,10263.0,-10497.0,-234.0,,,376.0,,,,641.0,-31.0,282.0,-94.0,,,,,,,,282.0,,,,,,6817.0,6817.0,,,7146.0,7146.0,7136.0,7136.0,,,,,,,,,,,,,,,,,,7146.0,7428.0,282.0,282.0,,,,,,,,,,,,,,,,,,,,,,,,,,,,,,,-1118.0,13857.0,13169.0,,,,24.0,664.0,-14975.0,-14121.0,-331.0,,-523.0,0.0,,-1105.0,395.0,,,395.0,,,,-1500.0,,,-1500.0,,,,-1455.0,0.0,0.0,,,,,,-1455.0,,,-1455.0,,,-3678.0,6344.0,,2666.0,,,,,,,,,,,,,,,,,,,,,,,,1.0,1163256057975,2016-06-15,,9.0,46.49.40,G,03071377,12300,4210014,16,15701000001,bryansk,3200,1.0,0.0,34.3116996,53.2615282,house,0.0
3257043354,1.0,none,1.0,0.0,0.0,2281.0,,0.0,,,,1987.0,0.0,0.0,294.0,0.0,75831.0,10435.0,,0.0,46129.0,18634.0,621.0,12.0,15134.0,10.0,,,0.0,,0.0,15124.0,77.0,0.0,77.0,,0.0,62901.0,0.0,62901.0,,,,78112.0,78112.0,34689.0,318300.0,-283611.0,2175.0,-32514.0,,13312.0,,2055.0,0.0,9688.0,-606.0,11069.0,-2243.0,-2298.0,55.0,,,,,,11069.0,0.0,,,,,25269.0,25269.0,,,26909.0,26899.0,20970.0,20970.0,,,,,,,-19331.0,,,,,,,-19331.0,,,,26909.0,15134.0,11068.0,11068.0,,,,,,,-22833.0,,,,,,,-22833.0,,,,,,,,,,,,,,,,,2197.0,354947.0,342212.0,,,,12735.0,,-352750.0,-306576.0,-13688.0,,,-21841.0,-10645.0,1997.0,6847.0,,,4850.0,,1997.0,,-4850.0,,,-4850.0,,,,-21112.0,58.0,,,,,58.0,,-21170.0,,-21170.0,,,,-16918.0,36174.0,,19256.0,,,,,,,,,,,,,,,,,,,,,,,,1.0,1163256058019,2016-06-15,,9.0,46.75.10,G,03072247,12300,4210014,16,15701000001,bryansk,3200,1.0,0.0,34.375692,53.250828,house,0.0
3257043379,1.0,none,1.0,0.0,1.0,1.0,,,,,,,,1.0,,,133.0,63.0,,,,64.0,6.0,,-259.0,,,,,,,,305.0,305.0,,,,88.0,0.0,88.0,,,,134.0,134.0,,1953.0,-1920.0,33.0,,,82.0,,,0.0,67.0,-18.0,38.0,-44.0,,,,,,,,38.0,,,,,,,,,,,,,,,,,,,,,,,,,,,,,,,,,,,,,,,,,,,,,,,,,,,,,,,,,,,,,,,,,,,,,,,,,,,,,,,,,,,,,,,,,,,,,,,,,,,,,,,,,,,,,,,,,,,,,,,,,,,,,,,,,,,,,,,,1.0,1163256058041,2016-06-16,,9.0,46.90,G,03081571,12300,4210014,16,15701000001,bryansk,3200,1.0,0.0,34.3293079,53.2467536,street,0.0
3257043403,1.0,none,1.0,0.0,1.0,0.0,,,,,,,,0.0,,,1745.0,511.0,,,,1157.0,77.0,,10.0,,,,,,,,838.0,838.0,,,,897.0,897.0,0.0,,,,1745.0,1745.0,,13118.0,-12633.0,485.0,,,121.0,,,,,-364.0,0.0,-121.0,,,,,,,,0.0,,,,,,,,,,,,,,,,,,,,,,,,,,,,,,,,,,,,,,,,,,,,,,,,,,,,,,,,,,,,,,,,,,,,,,,,,,,,,,,,,,,,,,,,,,,,,,,,,,,,,,,,,,,,,,,,,,,,,,,,,,,,,,,,,,,,,,,,1.0,1163256058085,2016-06-16,,9.0,46.69.50,G,03081524,12300,4210014,16,15701000001,bryansk,3200,1.0,0.0,34.3228529,53.2627332,house,0.0
3257043428,1.0,none,1.0,0.0,1.0,2426.0,,,,,,2076.0,,350.0,,,7394.0,7206.0,,,,0.0,188.0,,9285.0,,,,,,,,,,,,,535.0,0.0,535.0,,,,9820.0,9820.0,,6907.0,-5244.0,1663.0,,,29.0,,,,0.0,-1634.0,22.0,-7.0,,,,,,,,22.0,,,,,,,,,,,,,,,,,,,,,,,,,,,,,,,,,,,,,,,,,,,,,,,,,,,,,,,,,,,,,,,,,,,,,,,,,,,,,,,,,,,,,,,,,,,,,,,,,,,,,,,,,,,,,,,,,,,,,,,,,,,,,,,,,,,,,,,,1.0,1163256058074,2016-06-16,,9.0,03.12.20,A,79967627,12300,4210014,16,46584000576,moscow reg.,5000,0.0,0.0,37.5960799,55.061028,house,0.0
3257043442,1.0,none,1.0,0.0,1.0,0.0,,,,,,0.0,,,,,25970.0,5764.0,,,,20194.0,12.0,,22983.0,,,,,,,,1000.0,1000.0,,,,1987.0,,1987.0,,,,25970.0,25970.0,,13654.0,-11924.0,1730.0,,,1730.0,,,,0.0,0.0,1471.0,-259.0,,,,,,,,1471.0,,,,,,,,,,,,,,,,,,,,,,,,,,,,,,,,,,,,,,,,,,,,,,,,,,,,,,,,,,,,,,,,,,,,,,,,,,,,,,,,,,,,,,,,,,,,,,,,,,,,,,,,,,,,,,,,,,,,,,,,,,,,,,,,,,,,,,,,1.0,1163256058118,2016-06-17,,9.0,46.46,G,03136912,12300,4210014,16,15701000001,bryansk,3200,1.0,0.0,34.3628544,53.2464526,house,0.0
3257043481,1.0,none,1.0,0.0,1.0,7004.0,,,,,,7004.0,,0.0,,,16242.0,54.0,,,,16134.0,54.0,,8436.0,,,,,,,,10300.0,10300.0,,,,4510.0,,4510.0,,,,23246.0,23246.0,,0.0,-5331.0,-5331.0,,,1400.0,,,,6816.0,-85.0,1400.0,0.0,,,,,,,,1400.0,,,,,,,,,,,,,,,,,,,,,,,,,,,,,,,,,,,,,,,,,,,,,,,,,,,,,,,,,,,,,,,,,,,,,,,,,,,,,,,,,,,,,,,,,,,,,,,,,,,,,,,,,,,,,,,,,,,,,,,,,,,,,,,,,,,,,,,,1.0,1163256058173,2016-06-20,,9.0,10.11,C,03136875,12300,4210014,16,15701000001,bryansk,3200,1.0,0.0,34.3491213,53.2764713,house,0.0
3257043523,1.0,none,1.0,0.0,1.0,12281.0,,,,,,12281.0,,,,,24739.0,12131.0,,,,5676.0,6932.0,,33814.0,,,,,,,,76.0,76.0,,,,3130.0,,3130.0,,,,37020.0,37020.0,,53664.0,-48774.0,4890.0,,,4772.0,,,,6.0,-124.0,3579.0,-1193.0,,,,,,,,3579.0,,,,,,,,,,,,,,,,,,,,,,,,,,,,,,,,,,,,,,,,,,,,,,,,,,,,,,,,,,,,,,,,,,,,,,,,,,,,,,,,,,,,,,,,,,,,,,,,,,,,,,,,,,,,,,,,,,,,,,,,,,,,,,,,,,,,,,,,1.0,1163256058217,2016-06-22,,9.0,28.12.10,C,03192247,12300,4210014,16,15701000001,bryansk,3200,1.0,0.0,34.290012,53.3124656,house,0.0
3257043530,1.0,none,1.0,0.0,1.0,10859.0,,,,,,10859.0,,,,,9771.0,1177.0,,,,8293.0,301.0,,15718.0,,,,,,,,,,,,,4912.0,3579.0,1333.0,,,,20630.0,20630.0,,19667.0,-18054.0,1613.0,,,1500.0,,,-4.0,358.0,-467.0,1304.0,-196.0,,,,,,,,1304.0,,,,,,,,,,,,,,,,,,,,,,,,,,,,,,,,,,,,,,,,,,,,,,,,,,,,,,,,,,,,,,,,,,,,,,,,,,,,,,,,,,,,,,,,,,,,,,,,,,,,,,,,,,,,,,,,,,,,,,,,,,,,,,,,,,,,,,,,1.0,1163256058228,2016-06-22,,9.0,18.12,C,52882736,12300,4210014,16,15701000001,bryansk,3200,1.0,0.0,34.3538753,53.249612,house,0.0
3257043594,1.0,none,1.0,0.0,1.0,6897.0,,,,,,6897.0,,,,,264154.0,245106.0,,,,18660.0,388.0,,83763.0,,,,,,,,104417.0,104056.0,,,361.0,82871.0,47179.0,35692.0,,,0.0,271051.0,271051.0,,245617.0,-220060.0,25557.0,,,18120.0,,,-6450.0,2585.0,-3572.0,13465.0,-4655.0,,,,,,,,13465.0,,,,,,,,,,,,,,,,,,,,,,,,,,,,,,,,,,,,,,,,,,,,,,,,,,,,,,,,,,,,,,,,,,,,,,,,,,,,,,,,,,,,,,,,,,,,,,,,,,,,,,,,,,,,,,,,,,,,,,,,,,,,,,,,,,,,,,,,1.0,1163256058305,2016-06-23,,9.0,46.90,G,03208190,12300,4210014,16,15701000001,bryansk,3200,1.0,0.0,34.3884369,53.2818602,house,0.0
3257043604,1.0,none,1.0,0.0,1.0,,,,,,,,,,,,1589.0,617.0,,,,746.0,226.0,,-15351.0,,,,,,,,,,,,,16941.0,,16941.0,,,,1589.0,1589.0,,2301.0,-50162.0,-47861.0,,,-2470.0,,,,46550.0,-1159.0,-2669.0,-199.0,,,,,,,,-2669.0,,,,,,,,,,,,,,,,,,,,,,,,,,,,,,,,,,,,,,,,,,,,,,,,,,,,,,,,,,,,,,,,,,,,,,,,,,,,,,,,,,,,,,,,,,,,,,,,,,,,,,,,,,,,,,,,,,,,,,,,,,,,,,,,,,,,,,,,1.0,1163256058327,2016-06-23,,9.0,68.32.10,L,03207730,12300,4210014,16,15701000001,bryansk,3200,1.0,0.0,34.2898654,53.3298454,house,0.0
3257043650,1.0,none,1.0,0.0,0.0,,,,,,,,,,,,204.0,204.0,,,,,,,189.0,10.0,,,,,,179.0,,,,,,15.0,,15.0,,,,204.0,204.0,16.0,2240.0,-2224.0,16.0,0.0,,16.0,,,,,,20.0,4.0,0.0,,,,,,,20.0,,,,,,,,,,,,,,,,,,,,,,,,,,,,,,,,,,,,,,,,,,,,,,,,,,,,,,,,,,,,,,,,,,,,,,,,,,,,,,,,,,,,,,,,,,,,,,,,,,,,,,,,,,,,,,,,,,,,,,,,,,,,,,,,,,,,,,,,0.0,1163256058437,2016-06-24,,9.0,46.62,G,03225142,12300,4210014,16,15701000001,bryansk,3200,1.0,0.0,34.340857,53.2408432,street,0.0
3257043756,1.0,none,1.0,0.0,1.0,17.0,,,,,,17.0,,,,,930.0,6.0,,,,448.0,476.0,,684.0,,,,,,,,,,,,,263.0,0.0,263.0,,,,947.0,947.0,,8632.0,-7890.0,742.0,,,273.0,,,,,-469.0,14.0,-259.0,,,,,,,,14.0,,,,,,,,,,,,,,,,,,,,,,,,,,,,,,,,,,,,,,,,,,,,,,,,,,,,,,,,,,,,,,,,,,,,,,,,,,,,,,,,,,,,,,,,,,,,,,,,,,,,,,,,,,,,,,,,,,,,,,,,,,,,,,,,,,,,,,,,1.0,1163256058570,2016-06-29,,9.0,26.51,C,03301073,12300,4210014,16,15701000001,bryansk,3200,1.0,0.0,34.3987404,53.2155937,house,0.0
3257043844,1.0,none,1.0,0.0,1.0,0.0,,,,,,,,0.0,,,11102.0,9576.0,,,,1305.0,221.0,,9519.0,,,,,,,,,,,,,1583.0,,1583.0,,,,11102.0,11102.0,,16030.0,-15346.0,684.0,,,1096.0,,,,462.0,-50.0,115.0,-981.0,,,,,,,,115.0,,,,,,,,,,,,,,,,,,,,,,,,,,,,,,,,,,,,,,,,,,,,,,,,,,,,,,,,,,,,,,,,,,,,,,,,,,,,,,,,,,,,,,,,,,,,,,,,,,,,,,,,,,,,,,,,,,,,,,,,,,,,,,,,,,,,,,,,1.0,1163256058680,2016-07-04,,9.0,80.20,N,03360182,12300,4210014,16,15608463101,bryansk,3200,1.0,0.0,34.3162946,53.223849,house,0.0
3257043883,1.0,none,1.0,0.0,0.0,60.0,,,,,,60.0,,,,0.0,79095.0,38234.0,,4498.0,36297.0,,66.0,0.0,48973.0,10.0,,,,,,48963.0,677.0,677.0,,,,29505.0,13695.0,15810.0,,,,79155.0,79155.0,3969.0,49859.0,-45890.0,-4267.0,-8236.0,,-8252.0,,,-3434.0,3587.0,-4138.0,-9077.0,-825.0,,,,,,,,-9077.0,,,,,,,,,,,,,,,,,,,,,,,,,,,,,,,,,,,,,,,,,,,,,,,,,,,,,,,,,,,,,,,,,,,,,,,,,,,,,,,,,,,,,,,,,,,,,,,,,,,,,,,,,,,,,,,,,,,,,,,,,,,,,,,,,,,,,,,,0.0,1163256058734,2016-07-04,,9.0,46.49,G,03360199,12300,4210014,16,15701000001,bryansk,3200,1.0,0.0,34.3550367,53.23044,house,0.0
3257043940,1.0,none,1.0,0.0,0.0,10.0,,0.0,,,,0.0,0.0,10.0,,0.0,1823.0,0.0,,0.0,1819.0,0.0,4.0,0.0,-4017.0,100.0,,,0.0,,0.0,-4117.0,0.0,0.0,,,0.0,5850.0,630.0,5220.0,,,,1833.0,1833.0,-16.0,0.0,-16.0,-16.0,,0.0,-15573.0,,0.0,0.0,0.0,-15557.0,-15573.0,0.0,,,,,,,,-15573.0,0.0,,,,,18816.0,18816.0,,,11525.0,11525.0,-7291.0,-7291.0,,,,,,,,,,,,,,,,,,11525.0,-4017.0,-15542.0,-15542.0,,,,,,,,,,,,,,,,,,,,,,,,,,,,,,,-2.0,0.0,0.0,,,,0.0,,-2.0,0.0,,0.0,,-2.0,0.0,0.0,0.0,,,0.0,,,,0.0,,,0.0,,,,2.0,2.0,2.0,,,,,,0.0,,,0.0,,,0.0,4.0,,4.0,,,,,,,,,,,,,,,,,,,,,,,,1.0,1163256058811,2016-07-06,,9.0,41.20,F,03398523,12300,4210014,16,89629427111,mordovia,1300,0.0,0.0,43.9687954,53.98375,street,0.0
3257043989,1.0,none,1.0,0.0,1.0,0.0,,,,,,0.0,,0.0,,,49.0,0.0,,,,49.0,0.0,,-215.0,,,,,,,,0.0,0.0,,,0.0,264.0,0.0,264.0,,,0.0,49.0,49.0,,179.0,-105.0,74.0,,,2238.0,,,,2591.0,-427.0,2238.0,0.0,,,,,,,,2238.0,,,,,,,,,,,,,,,,,,,,,,,,,,,,,,,,,,,,,,,,,,,,,,,,,,,,,,,,,,,,,,,,,,,,,,,,,,,,,,,,,,,,,,,,,,,,,,,,,,,,,,,,,,,,,,,,,,,,,,,,,,,,,,,,,,,,,,,,1.0,1163256058877,2016-07-07,,9.0,16.23.20,C,03432987,12300,4210014,16,15608455101,bryansk,3200,1.0,0.0,34.3235532,53.2560418,house,0.0
3257043996,1.0,none,1.0,0.0,1.0,,,,,,,,,,,,2005.0,326.0,,,,1589.0,90.0,,10.0,,,,,,,,,,,,,1995.0,975.0,1020.0,,,,2005.0,2005.0,,14395.0,-13196.0,1199.0,,,1080.0,,,,,-119.0,901.0,-179.0,,,,,,,,901.0,,,,,,,,,,,,,,,,,,,,,,,,,,,,,,,,,,,,,,,,,,,,,,,,,,,,,,,,,,,,,,,,,,,,,,,,,,,,,,,,,,,,,,,,,,,,,,,,,,,,,,,,,,,,,,,,,,,,,,,,,,,,,,,,,,,,,,,,1.0,1163256058888,2016-07-07,,9.0,46.42,G,03428744,12300,4210014,16,15701000001,bryansk,3200,1.0,0.0,34.3410788,53.2592932,house,0.0
3257044005,1.0,none,1.0,0.0,0.0,2556.0,,,,,,2556.0,,,,,15015.0,2948.0,,0.0,10670.0,,1142.0,255.0,9588.0,100.0,,,,,,9488.0,1127.0,,,,1127.0,6856.0,,6856.0,,,,17571.0,17571.0,11004.0,95458.0,-84454.0,4488.0,-6516.0,,4178.0,,322.0,0.0,138.0,-770.0,3097.0,-1081.0,-1081.0,,,,,,,3097.0,,,,,,,,,,,,,,,,,,,,,,,,,,,,,,,,,,,,,,,,,,,,,,,,,,,,,,,,,,,,,,,,,,,,,,,,,,,,,,,,,,,,,,,,,,,,,,,,,,,,,,,,,,,,,,,,,,,,,,,,,,,,,,,,,,,,,,,,0.0,1163256058900,2016-07-07,,9.0,41.20,F,03432993,12300,4210014,16,15701000001,bryansk,3200,1.0,0.0,34.3452782,53.2721725,house,0.0
3257044044,1.0,none,1.0,0.0,1.0,156.0,,,,,,2.0,,154.0,,,6343.0,604.0,,,,5738.0,1.0,,2527.0,,,,,,,,3625.0,3622.0,,,3.0,349.0,195.0,154.0,,,,6500.0,6500.0,,,-163.0,-163.0,,,-163.0,,,,,0.0,-226.0,-63.0,,,,,,,,-226.0,,,,,,,,,,,,,,,,,,,,,,,,,,,,,,,,,,,,,,,,,,,,,,,,,,,,,,,,,,,,,,,,,,,,,,,,,,,,,,,,,,,,,,,,,,,,,,,,,,,,,,,,,,,,,,,,,,,,,,,,,,,,,,,,,,,,,,,,1.0,1163256058943,2016-07-08,,9.0,46.73,G,03465840,12300,4210014,16,15701000001,bryansk,3200,0.0,0.0,34.4630773,53.2580862,house,0.0
3257044076,1.0,none,1.0,0.0,1.0,846.0,,,,,,846.0,,,,,4496.0,1610.0,,,,2534.0,352.0,,5127.0,,,,,,,,,,,,,215.0,,215.0,,,,5342.0,5342.0,,4298.0,-3971.0,327.0,,,-23.0,,,,,-350.0,-162.0,-139.0,,,,,,,,-162.0,,,,,,,,,,,,,,,,,,,,,,,,,,,,,,,,,,,,,,,,,,,,,,,,,,,,,,,,,,,,,,,,,,,,,,,,,,,,,,,,,,,,,,,,,,,,,,,,,,,,,,,,,,,,,,,,,,,,,,,,,,,,,,,,,,,,,,,,1.0,1163256058976,2016-07-11,,9.0,68.20.20,L,57330898,12300,4210014,16,15701000001,bryansk,3200,1.0,0.0,34.260371,53.3253174,house,0.0
3257044125,1.0,none,1.0,0.0,1.0,,,,,,,,,,,,3923.0,,,,,293.0,3630.0,,3577.0,,,,,,,,,,,,,345.0,,345.0,,,,3923.0,3923.0,,8094.0,-5450.0,2644.0,,,2583.0,,,,,-61.0,2338.0,-245.0,,,,,,,,2338.0,,,,,,,,,,,,,,,,,,,,,,,,,,,,,,,,,,,,,,,,,,,,,,,,,,,,,,,,,,,,,,,,,,,,,,,,,,,,,,,,,,,,,,,,,,,,,,,,,,,,,,,,,,,,,,,,,,,,,,,,,,,,,,,,,,,,,,,,1.0,1163256059053,2016-07-12,,9.0,62.09,J,03492446,12300,4210014,16,15701000001,bryansk,3200,1.0,0.0,34.2893412,53.2865433,house,0.0
3257044132,1.0,none,1.0,0.0,0.0,434.0,,,,,,434.0,,,,0.0,1303.0,260.0,,0.0,146.0,,897.0,0.0,693.0,10.0,,,,,,683.0,,,,,,1044.0,,1044.0,,,,1737.0,1737.0,8427.0,25654.0,-17227.0,4361.0,,-4066.0,4036.0,,7.0,,0.0,-332.0,3266.0,-770.0,,,,,,,,3266.0,,,,,,2338.0,2338.0,,,828.0,828.0,3889.0,3889.0,,,,,,,-5400.0,,,,,,,-5400.0,,,,828.0,693.0,3266.0,3266.0,,,,,,,-3400.0,,,,,,,-3400.0,,,,,,,,,,,,,,,,,3342.0,25392.0,25390.0,0.0,,,2.0,,-22050.0,-3905.0,-10218.0,,,-3856.0,-4071.0,,,,,,,,,,,,,,,,-3400.0,,,,,,,,-3400.0,,-3400.0,,,,-58.0,955.0,,897.0,,,,,,,,,,,,,,,,,,,,,,,,1.0,1163256059086,2016-07-13,,9.0,86.90.90,Q,03508615,12300,4210014,16,15701000001,bryansk,3200,1.0,0.0,34.4415629,53.2523782,house,0.0
3257044140,1.0,none,1.0,0.0,1.0,,,,,,,,,,,,9791.0,7277.0,,,,-31.0,2545.0,,6528.0,,,,,,,,3406.0,3406.0,,,,-144.0,,-144.0,,,,9791.0,9791.0,,7796.0,-7275.0,521.0,,,822.0,,,,440.0,-139.0,719.0,-103.0,,,,,,,,719.0,,,,,,,,,,,,,,,,,,,,,,,,,,,,,,,,,,,,,,,,,,,,,,,,,,,,,,,,,,,,,,,,,,,,,,,,,,,,,,,,,,,,,,,,,,,,,,,,,,,,,,,,,,,,,,,,,,,,,,,,,,,,,,,,,,,,,,,,1.0,1163256059064,2016-07-13,,9.0,46.49,G,03506800,12300,4210014,16,15701000001,bryansk,3200,1.0,0.0,34.3422052,53.2434895,house,0.0
3257044164,1.0,none,1.0,0.0,1.0,,,,,,,,,,,,2534.0,1836.0,,,,356.0,342.0,,134.0,,,,,,,,897.0,897.0,,,,1503.0,0.0,1503.0,,,,2534.0,2534.0,,5176.0,-3375.0,1801.0,,,1232.0,,,-385.0,0.0,-184.0,1096.0,-136.0,,,,,,,,1096.0,,,,,,,,,,,,,,,,,,,,,,,,,,,,,,,,,,,,,,,,,,,,,,,,,,,,,,,,,,,,,,,,,,,,,,,,,,,,,,,,,,,,,,,,,,,,,,,,,,,,,,,,,,,,,,,,,,,,,,,,,,,,,,,,,,,,,,,,1.0,1163256059119,2016-07-13,,9.0,46.45,G,03508325,12300,4210014,16,15701000001,bryansk,3200,1.0,0.0,34.3562931,53.2635835,house,0.0
3257044171,1.0,none,1.0,0.0,0.0,10.0,,,,,,,,,,10.0,,,,,,,,,10.0,10.0,,,,,,,,,,,,,,,,,,10.0,10.0,,,,,,,,,,,,,,,,,,,,,,,,,,,,,,,,,,,,,,,,,,,,,,,,,,,,,,,,,,,,,,,,,,,,,,,,,,,,,,,,,,,,,,,,,,,,,,,,,,,,,,,,,,,,,,,,,,,,,,,,,,,,,,,,,,,,,,,,,,,,,,,,,,,,,,,,,,,,,,1.0,1163256059120,2016-07-13,,9.0,46.71,G,03508390,12300,4210014,16,15701000001,bryansk,3200,0.0,0.0,34.4254225,53.2095711,house,0.0
3257044220,1.0,none,1.0,0.0,1.0,3918.0,,,,,,3918.0,,,,,9072.0,8390.0,,,,179.0,503.0,,12821.0,,,,,,,,0.0,0.0,,,,169.0,0.0,169.0,,,,12990.0,12990.0,,19610.0,-18621.0,989.0,,,989.0,,,,,,486.0,-503.0,,,,,,,,486.0,,,,,,,,,,,,,,,,,,,,,,,,,,,,,,,,,,,,,,,,,,,,,,,,,,,,,,,,,,,,,,,,,,,,,,,,,,,,,,,,,,,,,,,,,,,,,,,,,,,,,,,,,,,,,,,,,,,,,,,,,,,,,,,,,,,,,,,,1.0,1163256059218,2016-07-15,,9.0,46.73.40,G,03551829,12300,4210014,16,15701000001,bryansk,3200,1.0,0.0,34.2938262,53.3008172,house,0.0
3257044252,1.0,none,1.0,0.0,0.0,7290.0,,0.0,,,,7290.0,0.0,0.0,,0.0,18701.0,0.0,,0.0,9308.0,0.0,9393.0,0.0,945.0,,,,0.0,,0.0,945.0,0.0,0.0,,,0.0,25046.0,0.0,25046.0,,,,25991.0,25991.0,1958.0,30881.0,-28923.0,1051.0,,-907.0,1051.0,,0.0,0.0,0.0,0.0,945.0,-106.0,-5441.0,,,,,,,945.0,0.0,,,,,3194.0,3194.0,,,5966.0,5966.0,5966.0,5966.0,,,,,,,,,,,,,,,,,5966.0,5966.0,945.0,7123.0,7123.0,,,,,,,-9000.0,,,,,,,-9000.0,,,,,,,,,,,,,,,,,6181.0,51311.0,51173.0,,,,138.0,,-45130.0,,-2221.0,,,-42909.0,,128.0,128.0,128.0,,,,,,,,,,,,,-7746.0,,,,,,,,-7746.0,,-7746.0,,,,-1437.0,10831.0,,9394.0,,,,,,,,,,,,,,,,,,,,,,,,1.0,1163256059251,2016-07-15,,9.0,42.22,F,03652967,12300,4210014,16,15701000001,bryansk,3200,1.0,0.0,34.3306083,53.243504,house,0.0
3257044277,1.0,none,1.0,0.0,1.0,,,,,,,,,,,,2.0,,,,,,2.0,,,,,,,,,,,,,,,2.0,,,,,2.0,2.0,2.0,,,,,,,,,,,,,,,,,,,,,,,,,,,,,,,,,,,,,,,,,,,,,,,,,,,,,,,,,,,,,,,,,,,,,,,,,,,,,,,,,,,,,,,,,,,,,,,,,,,,,,,,,,,,,,,,,,,,,,,,,,,,,,,,,,,,,,,2.0,40.0,,,,,,,-40.0,-40.0,,,,,,,,,,,,,2.0,1.0,1163256059284,2016-07-18,,9.0,01.13.12,A,03566185,20702,4210014,16,15701000001,bryansk,3200,1.0,0.0,34.3619907,53.2610446,house,0.0
3257044333,1.0,none,1.0,0.0,1.0,,,,,,,,,,,,2307.0,0.0,,,,2286.0,21.0,,1971.0,,,,,,,,83.0,83.0,,,,253.0,,253.0,,,,2307.0,2307.0,,3229.0,-1886.0,1343.0,,,1350.0,,,0.0,20.0,-13.0,1156.0,-194.0,,,,,,,,1156.0,,,,,,,,,,,,,,,,,,,,,,,,,,,,,,,,,,,,,,,,,,,,,,,,,,,,,,,,,,,,,,,,,,,,,,,,,,,,,,,,,,,,,,,,,,,,,,,,,,,,,,,,,,,,,,,,,,,,,,,,,,,,,,,,,,,,,,,,1.0,1163256059394,2016-07-21,,9.0,86.23,Q,03615096,12300,4210014,16,15701000001,bryansk,3200,1.0,0.0,34.2866008,53.3118916,house,0.0
3257044372,1.0,none,1.0,0.0,0.0,0.0,,,,,,,,,,,5906.0,1872.0,,84.0,1269.0,,10.0,2671.0,1064.0,19.0,,,,,,1045.0,0.0,0.0,,,0.0,4842.0,,4816.0,,,26.0,5906.0,5906.0,86.0,3126.0,-3040.0,86.0,0.0,0.0,86.0,,,,,,64.0,-22.0,-22.0,,,,,,,64.0,,,,,,991.0,0.0,0.0,0.0,991.0,0.0,0.0,0.0,0.0,,,,0.0,,0.0,,,,,,,0.0,,0.0,0.0,0.0,1064.0,0.0,0.0,0.0,,,,0.0,,0.0,,,,,,,0.0,,0.0,0.0,,,,,,,,,,,,,,-142.0,8067.0,8057.0,,,,10.0,,-8209.0,-7102.0,-485.0,,0.0,-622.0,,,,,,,,,,,,,,,,,0.0,,,,,,,,,,,,,,-142.0,0.0,,-142.0,,,,,,,,,,,,,,,,,,,,,,,,1.0,1163256059450,2016-07-22,,9.0,43.21,F,03644732,12300,4210014,16,15701000001,bryansk,3200,1.0,0.0,34.3136772,53.2628761,house,0.0
3257044421,1.0,none,1.0,0.0,1.0,267.0,,,,,,267.0,,,,,26697.0,,,,,26009.0,688.0,,24445.0,,,,,,,,,,,,,2519.0,,2519.0,,,,26965.0,26965.0,,45514.0,-20273.0,25241.0,,,25230.0,,,,193.0,-204.0,23494.0,-1736.0,,,,,,,,23494.0,,,,,,,,,,,,,,,,,,,,,,,,,,,,,,,,,,,,,,,,,,,,,,,,,,,,,,,,,,,,,,,,,,,,,,,,,,,,,,,,,,,,,,,,,,,,,,,,,,,,,,,,,,,,,,,,,,,,,,,,,,,,,,,,,,,,,,,,1.0,1163256059537,2016-07-25,,9.0,72.19,M,03659662,12300,4210014,16,15701000001,bryansk,3200,1.0,0.0,34.3554802,53.2615037,house,0.0
3257044478,1.0,none,1.0,0.0,1.0,86.0,,,,,,,,86.0,,,3545.0,,,,,3184.0,361.0,,2965.0,,,,,,,,,,,,,666.0,,666.0,,,,3631.0,3631.0,,40309.0,-38827.0,1482.0,,,1302.0,,,,7.0,-187.0,891.0,-411.0,,,,,,,,891.0,,,,,,,,,,,,,,,,,,,,,,,,,,,,,,,,,,,,,,,,,,,,,,,,,,,,,,,,,,,,,,,,,,,,,,,,,,,,,,,,,,,,,,,,,,,,,,,,,,,,,,,,,,,,,,,,,,,,,,,,,,,,,,,,,,,,,,,,1.0,1163256059625,2016-07-27,,9.0,52.29,H,03719921,12300,4210014,16,15701000001,bryansk,3200,1.0,0.0,34.3522152,53.2325669,house,0.0
3257044492,1.0,none,1.0,0.0,1.0,0.0,,,,,,0.0,,,,,10.0,10.0,,,,0.0,,,10.0,,,,,,,,,,,,,0.0,,0.0,,,0.0,10.0,10.0,,0.0,0.0,,,,0.0,,,0.0,0.0,0.0,0.0,0.0,,,,,,,,0.0,,,,,,,,,,,,,,,,,,,,,,,,,,,,,,,,,,,,,,,,,,,,,,,,,,,,,,,,,,,,,,,,,,,,,,,,,,,,,,,,,,,,,,,,,,,,,,,,,,,,,,,,,,,,,,,,,,,,,,,,,,,,,,,,,,,,,,,,1.0,1163256059669,2016-07-27,,9.0,81.22,N,03720692,12300,4210014,16,15701000001,bryansk,3200,1.0,0.0,34.3033283,53.3049043,house,0.0
3257044527,1.0,none,1.0,0.0,1.0,2.0,,,,,,0.0,,2.0,,,872.0,0.0,,,,651.0,221.0,,530.0,,,,,,,,,,,,,344.0,,344.0,,,,874.0,874.0,,14176.0,-10998.0,3178.0,,,928.0,,,,,-2250.0,520.0,-408.0,,,,,,,,520.0,,,,,,,,,,,,,,,,,,,,,,,,,,,,,,,,,,,,,,,,,,,,,,,,,,,,,,,,,,,,,,,,,,,,,,,,,,,,,,,,,,,,,,,,,,,,,,,,,,,,,,,,,,,,,,,,,,,,,,,,,,,,,,,,,,,,,,,,1.0,1163256059702,2016-07-28,,9.0,86.23,Q,03742386,12300,4210014,16,15701000001,bryansk,3200,1.0,0.0,34.321246,53.2270846,house,0.0
3257044559,1.0,none,1.0,0.0,1.0,,,,,,,,,,,,155.0,118.0,,,,31.0,6.0,,107.0,,,,,,,,0.0,0.0,,,,48.0,,48.0,,,,155.0,155.0,,278.0,-209.0,69.0,,,65.0,,,,,-4.0,57.0,-8.0,,,,,,,,57.0,,,,,,,,,,,,,,,,,,,,,,,,,,,,,,,,,,,,,,,,,,,,,,,,,,,,,,,,,,,,,,,,,,,,,,,,,,,,,,,,,,,,,,,,,,,,,,,,,,,,,,,,,,,,,,,,,,,,,,,,,,,,,,,,,,,,,,,,1.0,1163256059779,2016-07-29,,9.0,74.90.60,M,03781972,12300,4210014,16,15701000001,bryansk,3200,1.0,0.0,34.3333559,53.2631317,house,0.0
3257044573,1.0,none,1.0,0.0,1.0,610.0,,,,,,610.0,,,,,691.0,295.0,,,,134.0,262.0,,-969.0,,,,,,,,795.0,795.0,,,,1475.0,0.0,1475.0,,,,1301.0,1301.0,,10346.0,-13018.0,-2672.0,,,-2997.0,,,-304.0,133.0,-154.0,-3103.0,-106.0,,,,,,,,-3103.0,,,,,,,,,,,,,,,,,,,,,,,,,,,,,,,,,,,,,,,,,,,,,,,,,,,,,,,,,,,,,,,,,,,,,,,,,,,,,,,,,,,,,,,,,,,,,,,,,,,,,,,,,,,,,,,,,,,,,,,,,,,,,,,,,,,,,,,,1.0,1163256059790,2016-08-01,,9.0,80.10,N,03779739,12300,4210014,16,15701000001,bryansk,3200,1.0,0.0,34.3540202,53.255552,house,0.0
3257044608,1.0,none,1.0,0.0,1.0,,,,,,,,,,,,22876.0,,,,,3077.0,19799.0,,,,,,,22576.0,,,,,,,,300.0,,300.0,,,,22876.0,22876.0,,,,,,,,,,,,,,,,,,,,,,,,,,,,,,,,,,,,,,,,,,,,,,,,,,,,,,,,,,,,,,,,,,,,,,,,,,,,,,,,,,,,,,,,,,,,,,,,,,,,,,,,,,,,,,,,,,,,,,,,,,,,,,,,,,,,,,,14329.0,315.0,,,,,,315.0,-17814.0,-10627.0,,,,-2041.0,,,,,,,-190.0,-4956.0,-3170.0,1.0,1163256059812,2016-08-01,,9.0,68.32.10,L,03782121,20700,4210014,16,15701000001,bryansk,3200,0.0,0.0,34.3547064,53.2662883,house,0.0
3257044654,1.0,none,1.0,0.0,1.0,,,,,,,,,,,,6562.0,,,,,,6562.0,,6562.0,,,,,,,,,,,,,,,,,,,6562.0,6562.0,,,,,,,,,,,,,,,,,,,,,,,,,,,,,,,,,,,,,,,,,,,,,,,,,,,,,,,,,,,,,,,,,,,,,,,,,,,,,,,,,,,,,,,,,,,,,,,,,,,,,,,,,,,,,,,,,,,,,,,,,,,,,,,,,,,,,,,,,,,,,,,,,,,,,,,,,,,,,,1.0,1163256059900,2016-08-03,,9.0,45.11,G,93372740,12300,4210014,16,15701000001,bryansk,3200,1.0,0.0,34.3337215,53.2601227,house,0.0
3257044661,1.0,none,1.0,0.0,1.0,0.0,,,,,,0.0,,,,,1107.0,,,,,1104.0,3.0,,173.0,,,,,,,,593.0,593.0,,,,342.0,,342.0,,,,1107.0,1107.0,,162.0,-1260.0,-1098.0,,,-225.0,,,,1031.0,-158.0,-243.0,-18.0,,,,,,,,-243.0,,,,,,,,,,,,,,,,,,,,,,,,,,,,,,,,,,,,,,,,,,,,,,,,,,,,,,,,,,,,,,,,,,,,,,,,,,,,,,,,,,,,,,,,,,,,,,,,,,,,,,,,,,,,,,,,,,,,,,,,,,,,,,,,,,,,,,,,1.0,1163256059922,2016-08-03,,9.0,96.02,S,03819083,12300,4210014,16,15701000001,bryansk,3200,1.0,0.0,34.3577944,53.2370541,house,0.0
3257044679,1.0,none,1.0,0.0,1.0,2880.0,,,,,,,,2880.0,,,47.0,,,,,0.0,47.0,,2827.0,,,,,,,,0.0,0.0,,,,100.0,,100.0,,,,2927.0,2927.0,,2821.0,-2138.0,683.0,,,665.0,,,,,-18.0,498.0,-167.0,,,,,,,,498.0,,,,,,,,,,,,,,,,,,,,,,,,,,,,,,,,,,,,,,,,,,,,,,,,,,,,,,,,,,,,,,,,,,,,,,,,,,,,,,,,,,,,,,,,,,,,,,,,,,,,,,,,,,,,,,,,,,,,,,,,,,,,,,,,,,,,,,,,1.0,1163256059911,2016-08-03,,9.0,69.10,M,03819019,12300,4210014,16,15701000001,bryansk,3200,1.0,0.0,34.368649,53.2391184,house,0.0
3257044693,1.0,none,1.0,0.0,1.0,448.0,,,,,,448.0,,,,,43065.0,5938.0,,,,34444.0,2683.0,,33907.0,,,,,,,,,,,,,9606.0,6766.0,2840.0,,,,43513.0,43513.0,,122685.0,-103128.0,19557.0,,,19403.0,,,-1412.0,1613.0,-355.0,13658.0,-5745.0,,,,,,,,13658.0,,,,,,,,,,,,,,,,,,,,,,,,,,,,,,,,,,,,,,,,,,,,,,,,,,,,,,,,,,,,,,,,,,,,,,,,,,,,,,,,,,,,,,,,,,,,,,,,,,,,,,,,,,,,,,,,,,,,,,,,,,,,,,,,,,,,,,,,1.0,1163256059955,2016-08-04,,9.0,46.75,G,03832847,12300,4210014,16,15701000001,bryansk,3200,1.0,0.0,34.2530939,53.3295463,house,0.0
3257044703,1.0,none,1.0,0.0,1.0,,,,,,,,,,,,9272.0,5146.0,,,,4125.0,1.0,,7202.0,,,,,,,,0.0,0.0,,,,2070.0,0.0,2070.0,,,,9272.0,9272.0,,180.0,-130.0,50.0,,,42.0,,,,,-8.0,32.0,-10.0,,,,,,,,32.0,,,,,,,,,,,,,,,,,,,,,,,,,,,,,,,,,,,,,,,,,,,,,,,,,,,,,,,,,,,,,,,,,,,,,,,,,,,,,,,,,,,,,,,,,,,,,,,,,,,,,,,,,,,,,,,,,,,,,,,,,,,,,,,,,,,,,,,,1.0,1163256059933,2016-08-04,,9.0,43.29,F,03832675,12300,4210014,16,15701000001,bryansk,3200,1.0,0.0,34.4390763,53.2541955,house,0.0
3257044774,1.0,none,1.0,0.0,1.0,,,,,,,,,,,,437.0,,,,,78.0,359.0,,234.0,,,,,,,,,,,,,203.0,,203.0,,,,438.0,438.0,,3781.0,-3610.0,171.0,,,141.0,,,,,-30.0,28.0,-113.0,,,,,,,,28.0,,,,,,,,,,,,,,,,,,,,,,,,,,,,,,,,,,,,,,,,,,,,,,,,,,,,,,,,,,,,,,,,,,,,,,,,,,,,,,,,,,,,,,,,,,,,,,,,,,,,,,,,,,,,,,,,,,,,,,,,,,,,,,,,,,,,,,,,1.0,1163256060065,2016-08-05,,9.0,85.41,P,03859970,12300,4210014,16,15701000001,bryansk,3200,1.0,0.0,34.3813405,53.2493108,house,0.0
3257044799,1.0,none,1.0,0.0,1.0,,,,,,,,,,,,,,,,,,,,,,,,,,,,,,,,,,,,,,,0.0,0.0,,,,,,,,,,,,,,,,,,,,,,,,,,,,,,,,,,,,,,,,,,,,,,,,,,,,,,,,,,,,,,,,,,,,,,,,,,,,,,,,,,,,,,,,,,,,,,,,,,,,,,,,,,,,,,,,,,,,,,,,,,,,,,,,,,,,,,,0.0,355.0,,,,,,,-355.0,,,,,,,,,,,,,-355.0,0.0,0.0,1163256060098,2016-08-08,,9.0,94.99,S,03876313,20700,4210014,16,15701000001,bryansk,3200,1.0,0.0,34.4515255,53.2486821,house,0.0
3257044809,1.0,none,1.0,0.0,0.0,137.0,,,,,,137.0,,,,,2247.0,549.0,,,,,25.0,1673.0,,,,,,,,,,,,,,47.0,4.0,43.0,,,,2384.0,2384.0,4434.0,4434.0,,320.0,-4114.0,,320.0,,,,,,320.0,,,,,,,,,320.0,,,,,,,,,,,,,,,,,,,,,,,,,,,,,,,,,,,,,,,,,,,,,,,,,,,,,,,,,,,,,,,,,,,,,,,,,,,,,,,,,,,,,,,,,,,,,,,,,,,,,,,,,,,,,,,,,,,,,,,,,,,,,,,,,,,,,,,,,1163256060087,2016-08-08,,9.0,85.42.10,P,13455141,71400,4210014,16,15701000001,bryansk,3200,0.0,0.0,34.3514228,53.2338237,house,0.0
3257044848,1.0,none,1.0,0.0,1.0,7.0,,,,,,7.0,,,,,4820.0,683.0,,,,3819.0,318.0,,2221.0,,,,,,,,977.0,977.0,,,,1629.0,,1629.0,,,,4827.0,4827.0,,69156.0,-66918.0,2238.0,,,1487.0,,,,569.0,-1320.0,858.0,-629.0,,,,,,,,858.0,,,,,,,,,,,,,,,,,,,,,,,,,,,,,,,,,,,,,,,,,,,,,,,,,,,,,,,,,,,,,,,,,,,,,,,,,,,,,,,,,,,,,,,,,,,,,,,,,,,,,,,,,,,,,,,,,,,,,,,,,,,,,,,,,,,,,,,,1.0,1163256060153,2016-08-08,,9.0,68.32,L,03875868,12300,4210014,16,15701000001,bryansk,3200,1.0,0.0,34.3463659,53.6004325,house,0.0
3257044855,1.0,none,1.0,0.0,0.0,84651.0,,0.0,,,,84618.0,0.0,0.0,33.0,0.0,36101.0,11922.0,,2123.0,17137.0,0.0,3171.0,1748.0,63003.0,80334.0,,,3637.0,172.0,0.0,-21140.0,1729.0,0.0,1729.0,,0.0,56020.0,149.0,28246.0,,21005.0,,120752.0,120752.0,110261.0,514369.0,-404108.0,19235.0,,-91026.0,12844.0,,31.0,0.0,18067.0,-24489.0,9434.0,-3410.0,-1714.0,-1697.0,,,,,,9434.0,0.0,,,,,45983.0,45983.0,0.0,0.0,53571.0,53571.0,0.0,7589.0,0.0,,,,0.0,,0.0,,,,,,,0.0,,0.0,0.0,53571.0,63003.0,,9432.0,0.0,,,,0.0,,,,,,,,,0.0,,0.0,0.0,,,,,,,,,,,,,,-7873.0,520070.0,213231.0,,,,306839.0,,-527943.0,-195711.0,-176478.0,,,-155754.0,,,,,,,,,,,,,,,,,-268.0,149.0,149.0,,,,,,-417.0,,,-417.0,,,-8141.0,11313.0,,3172.0,,,,,,,,,,,,,,,,,,,,,,,,,1163256060142,2016-08-08,,9.0,49.31.21,H,47887476,12267,4210001,13,15701000001,bryansk,3200,0.0,0.0,34.3297318,53.2420902,house,0.0
3257044862,1.0,none,1.0,0.0,1.0,,,,,,,,,,,,3522.0,86.0,,,,3435.0,1.0,,3457.0,,,,,,,,,,,,,65.0,,65.0,,,,3522.0,3522.0,,1818.0,-1840.0,-22.0,,,153.0,,,,208.0,-33.0,92.0,-61.0,,,,,,,,92.0,,,,,,,,,,,,,,,,,,,,,,,,,,,,,,,,,,,,,,,,,,,,,,,,,,,,,,,,,,,,,,,,,,,,,,,,,,,,,,,,,,,,,,,,,,,,,,,,,,,,,,,,,,,,,,,,,,,,,,,,,,,,,,,,,,,,,,,,1.0,1163256060164,2016-08-08,,9.0,46.49.33,G,03875687,12300,4210014,16,15701000001,bryansk,3200,1.0,0.0,34.3498415,53.2550587,house,0.0
3257044929,1.0,none,1.0,0.0,1.0,,,,,,,,,,,,7741.0,,,,,975.0,6766.0,,,,,,,7234.0,,,,,,,,507.0,,507.0,,,,7741.0,7741.0,,,,,,,,,,,,,,,,,,,,,,,,,,,,,,,,,,,,,,,,,,,,,,,,,,,,,,,,,,,,,,,,,,,,,,,,,,,,,,,,,,,,,,,,,,,,,,,,,,,,,,,,,,,,,,,,,,,,,,,,,,,,,,,,,,,,,,,5200.0,970.0,,,,,36.0,934.0,-1899.0,-1772.0,,,,,,,,,,,,-127.0,4271.0,1.0,1163256060230,2016-08-09,,9.0,68.32.10,L,03897344,20700,4210014,16,15701000001,bryansk,3200,0.0,0.0,34.3204776,53.2662244,house,0.0
3257044943,1.0,none,1.0,0.0,1.0,0.0,,,,,,0.0,,,,,21196.0,20513.0,,,,622.0,61.0,,4553.0,,,,,,,,15652.0,15652.0,,,,991.0,,991.0,,,,21196.0,21196.0,,16595.0,-15950.0,645.0,,,558.0,,,,5.0,-92.0,413.0,-145.0,,,,,,,,413.0,,,,,,,,,,,,,,,,,,,,,,,,,,,,,,,,,,,,,,,,,,,,,,,,,,,,,,,,,,,,,,,,,,,,,,,,,,,,,,,,,,,,,,,,,,,,,,,,,,,,,,,,,,,,,,,,,,,,,,,,,,,,,,,,,,,,,,,,1.0,1163256060252,2016-08-10,,9.0,45.31,G,03910168,12300,4210014,16,15701000001,bryansk,3200,1.0,0.0,34.2874686,53.3408544,house,0.0
3257045062,1.0,none,1.0,0.0,1.0,250.0,,,,,,,,250.0,,,7296.0,20.0,,,,7014.0,262.0,,6983.0,,,,,,,,,,,,,563.0,,563.0,,,,7546.0,7546.0,,25849.0,-22750.0,3099.0,,,3047.0,,,0.0,20.0,-72.0,2276.0,-771.0,,,,,,,,2276.0,,,,,,,,,,,,,,,,,,,,,,,,,,,,,,,,,,,,,,,,,,,,,,,,,,,,,,,,,,,,,,,,,,,,,,,,,,,,,,,,,,,,,,,,,,,,,,,,,,,,,,,,,,,,,,,,,,,,,,,,,,,,,,,,,,,,,,,,1.0,1163256060395,2016-08-15,,9.0,80.10,N,03988762,12300,4210014,16,15701000001,bryansk,3200,1.0,0.0,34.3113277,53.2985243,house,0.0
3257045104,1.0,none,1.0,0.0,1.0,107.0,,,,,,107.0,,,,,39984.0,21386.0,,,,17928.0,670.0,,-1189.0,,,,,,,,,,,,,41279.0,60.0,41219.0,,,,40090.0,40090.0,,26948.0,-29014.0,-2066.0,,,-3801.0,,,0.0,1554.0,-3289.0,-3801.0,0.0,,,,,,,,-3801.0,,,,,,,,,,,,,,,,,,,,,,,,,,,,,,,,,,,,,,,,,,,,,,,,,,,,,,,,,,,,,,,,,,,,,,,,,,,,,,,,,,,,,,,,,,,,,,,,,,,,,,,,,,,,,,,,,,,,,,,,,,,,,,,,,,,,,,,,1.0,1163256060439,2016-08-16,,9.0,46.69,G,04015033,12300,4210014,16,15701000061,bryansk,3200,1.0,0.0,34.4602642,53.2510988,house,0.0
3257045129,1.0,none,1.0,0.0,1.0,3500.0,,,,,,3500.0,,,,,300.0,,,,,,300.0,,3800.0,,,,,,,,,,,,,,,,,,,3800.0,3800.0,,18382.0,-16196.0,2186.0,,,2186.0,,,,,,1853.0,-333.0,,,,,,,,1853.0,,,,,,,,,,,,,,,,,,,,,,,,,,,,,,,,,,,,,,,,,,,,,,,,,,,,,,,,,,,,,,,,,,,,,,,,,,,,,,,,,,,,,,,,,,,,,,,,,,,,,,,,,,,,,,,,,,,,,,,,,,,,,,,,,,,,,,,,1.0,1163256060461,2016-08-18,,9.0,45.20,G,04067780,12300,4210014,16,15701000001,bryansk,3200,0.0,0.0,34.3073426,53.2765962,house,0.0
3257045143,1.0,none,1.0,0.0,1.0,1888.0,,,,,,0.0,,1888.0,,,16960.0,481.0,,,,16467.0,12.0,,11931.0,,,,,,,,26.0,0.0,,,26.0,6891.0,,6891.0,,,,18848.0,18848.0,,244.0,-817.0,-573.0,,,-710.0,,,,267.0,-404.0,-888.0,-178.0,,,,,,,,-888.0,,,,,,,,,,,,,,,,,,,,,,,,,,,,,,,,,,,,,,,,,,,,,,,,,,,,,,,,,,,,,,,,,,,,,,,,,,,,,,,,,,,,,,,,,,,,,,,,,,,,,,,,,,,,,,,,,,,,,,,,,,,,,,,,,,,,,,,,1.0,1163256060472,2016-08-18,,9.0,25.11,C,04067811,12300,4210014,16,15701000001,bryansk,3200,0.0,0.0,34.4024475,53.2824484,house,0.0
3257045150,1.0,none,1.0,0.0,1.0,,,,,,,,,,,,15370.0,,,,,15235.0,135.0,,12794.0,,,,,,,,,,,,,2576.0,,2576.0,,,,15370.0,15370.0,,85244.0,-85698.0,-454.0,,,-454.0,,,,0.0,0.0,-1050.0,-596.0,,,,,,,,-1050.0,,,,,,,,,,,,,,,,,,,,,,,,,,,,,,,,,,,,,,,,,,,,,,,,,,,,,,,,,,,,,,,,,,,,,,,,,,,,,,,,,,,,,,,,,,,,,,,,,,,,,,,,,,,,,,,,,,,,,,,,,,,,,,,,,,,,,,,,1.0,1163256060483,2016-08-18,,9.0,68.32,L,04066148,12300,4210014,16,15701000001,bryansk,3200,1.0,0.0,34.3673281,53.289081,house,0.0
3257045182,1.0,none,1.0,0.0,1.0,,,,,,,,,,,,3174.0,505.0,,,,2638.0,31.0,,-1481.0,,,,,,,,657.0,657.0,,,,3998.0,,3998.0,,,,3174.0,3174.0,,263.0,-722.0,-459.0,,,-505.0,,,,,-46.0,-505.0,0.0,,,,,,,,-505.0,,,,,,,,,,,,,,,,,,,,,,,,,,,,,,,,,,,,,,,,,,,,,,,,,,,,,,,,,,,,,,,,,,,,,,,,,,,,,,,,,,,,,,,,,,,,,,,,,,,,,,,,,,,,,,,,,,,,,,,,,,,,,,,,,,,,,,,,1.0,1163256060550,2016-08-19,,9.0,46.73,G,04087618,12300,4210014,16,15701000001,bryansk,3200,1.0,0.0,34.3709231,53.2392426,house,0.0
3257045200,1.0,none,1.0,0.0,1.0,2950.0,,,,,,2950.0,,,,,8130.0,144.0,,,,5715.0,2271.0,,10391.0,,,,,,,,,,,,,688.0,,572.0,,,116.0,11079.0,11079.0,,30552.0,-31366.0,-814.0,,,-945.0,,,,0.0,-131.0,-1332.0,-387.0,,,,,,,,-1332.0,,,,,,,,,,,,,,,,,,,,,,,,,,,,,,,,,,,,,,,,,,,,,,,,,,,,,,,,,,,,,,,,,,,,,,,,,,,,,,,,,,,,,,,,,,,,,,,,,,,,,,,,,,,,,,,,,,,,,,,,,,,,,,,,,,,,,,,,1.0,1163256060560,2016-08-19,,9.0,45.31.10,G,04098088,12300,4210014,16,15701000001,bryansk,3200,1.0,0.0,34.3463301,53.2348813,house,0.0
3257045217,1.0,none,1.0,0.0,1.0,176.0,,,,,,176.0,,,,,5931.0,0.0,,,,5931.0,0.0,,1618.0,,,,,,,,886.0,886.0,,,,3603.0,3603.0,0.0,,,,6107.0,6107.0,,0.0,0.0,,,,0.0,,,,0.0,0.0,0.0,0.0,,,,,,,,0.0,,,,,,,,,,,,,,,,,,,,,,,,,,,,,,,,,,,,,,,,,,,,,,,,,,,,,,,,,,,,,,,,,,,,,,,,,,,,,,,,,,,,,,,,,,,,,,,,,,,,,,,,,,,,,,,,,,,,,,,,,,,,,,,,,,,,,,,,1.0,1163256060582,2016-08-22,,9.0,41.20,F,04136073,12300,4210014,16,15701000001,bryansk,3200,1.0,0.0,34.3442482,53.2434359,house,0.0
3257045256,1.0,none,1.0,0.0,1.0,,,,,,,,,,,,378.0,210.0,,,,,168.0,,378.0,,,,,,,,,,,,,,,,,,,378.0,378.0,,2447.0,-2239.0,208.0,,,208.0,,,,,,208.0,,,,,,,,,208.0,,,,,,,,,,,,,,,,,,,,,,,,,,,,,,,,,,,,,,,,,,,,,,,,,,,,,,,,,,,,,,,,,,,,,,,,,,,,,,,,,,,,,,,,,,,,,,,,,,,,,,,,,,,,,,,,,,,,,,,,,,,,,,,,,,,,,,,,1.0,1163256060626,2016-08-23,,9.0,56.10,I,04165979,12300,4210014,16,15701000001,bryansk,3200,1.0,0.0,34.3341679,53.2791246,house,0.0
3257045288,1.0,none,1.0,0.0,1.0,2116.0,,,,,,2116.0,,,,,35665.0,467.0,,,,35047.0,151.0,,11577.0,,,,,,,,18030.0,18030.0,,,,8174.0,0.0,8174.0,,,,37781.0,37781.0,,59380.0,-57358.0,2022.0,,,-1508.0,,,-2492.0,132.0,-1170.0,-1508.0,,,,,,,,,-1508.0,,,,,,,,,,,,,,,,,,,,,,,,,,,,,,,,,,,,,,,,,,,,,,,,,,,,,,,,,,,,,,,,,,,,,,,,,,,,,,,,,,,,,,,,,,,,,,,,,,,,,,,,,,,,,,,,,,,,,,,,,,,,,,,,,,,,,,,,1.0,1163256060681,2016-08-24,,9.0,46.38,G,04210154,12300,4210014,16,15701000001,bryansk,3200,1.0,0.0,34.3076602,53.2960545,street,0.0
3257045305,1.0,none,1.0,0.0,1.0,115274.0,,,,,,79723.0,,35551.0,,,162303.0,23798.0,,,,129426.0,9079.0,,53862.0,,,,,,,,114715.0,101432.0,,,13283.0,109000.0,5.0,108995.0,,,,277578.0,277578.0,,734388.0,-723361.0,11027.0,,,2822.0,,,-4286.0,1011.0,-4930.0,1045.0,-1777.0,,,,,,,,1045.0,,,,,,,,,,,,,,,,,,,,,,,,,,,,,,,,,,,,,,,,,,,,,,,,,,,,,,,,,,,,,,,,,,,,,,,,,,,,,,,,,,,,,,,,,,,,,,,,,,,,,,,,,,,,,,,,,,,,,,,,,,,,,,,,,,,,,,,,1.0,1163256060703,2016-08-25,,9.0,46.21,G,04247631,12300,4210014,16,15624101001,bryansk,3200,1.0,0.0,35.0059782,53.1280751,street,0.0
3257045312,1.0,none,1.0,0.0,1.0,,,,,,,,,,,,15448.0,8303.0,,,,7116.0,29.0,,27.0,,,,,,,,,,,,,15421.0,,15421.0,,,,15448.0,15448.0,,,,,,,,,,,,,,,,,,,,,,,,,,,,,,,,,,,,,,,,,,,,,,,,,,,,,,,,,,,,,,,,,,,,,,,,,,,,,,,,,,,,,,,,,,,,,,,,,,,,,,,,,,,,,,,,,,,,,,,,,,,,,,,,,,,,,,,,,,,,,,,,,,,,,,,,,,,,,,1.0,1163256060714,2016-08-25,,9.0,46.71,G,04247602,12300,4210014,16,15701000001,bryansk,3200,1.0,0.0,34.3076602,53.2960545,street,0.0
3257045351,1.0,none,1.0,0.0,1.0,19465.0,,,,,,7926.0,,11539.0,,,1650.0,1.0,,,,1646.0,3.0,,20783.0,,,,,,,,0.0,,,,0.0,332.0,0.0,332.0,,,,21115.0,21115.0,,1587.0,-1855.0,-268.0,,,-285.0,,,,23.0,-40.0,-332.0,-47.0,,,,,,,,-332.0,,,,,,,,,,,,,,,,,,,,,,,,,,,,,,,,,,,,,,,,,,,,,,,,,,,,,,,,,,,,,,,,,,,,,,,,,,,,,,,,,,,,,,,,,,,,,,,,,,,,,,,,,,,,,,,,,,,,,,,,,,,,,,,,,,,,,,,,1.0,1163256060769,2016-08-26,,9.0,08.12,B,04261648,12300,4210014,16,15610151051,bryansk,3200,1.0,0.0,34.0636489,53.1037614,house,0.0
3257045400,1.0,none,1.0,0.0,1.0,867.0,,,,,,861.0,,6.0,,,105796.0,14655.0,,,,89726.0,1415.0,,15775.0,,,,,,,,6206.0,6206.0,,,0.0,84682.0,13.0,84669.0,,,,106663.0,106663.0,,53872.0,-49958.0,3914.0,,,2711.0,,,-316.0,130.0,-1017.0,2233.0,-478.0,,,,,,,,2233.0,,,,,,,,,,,,,,,,,,,,,,,,,,,,,,,,,,,,,,,,,,,,,,,,,,,,,,,,,,,,,,,,,,,,,,,,,,,,,,,,,,,,,,,,,,,,,,,,,,,,,,,,,,,,,,,,,,,,,,,,,,,,,,,,,,,,,,,,1.0,1163256060857,2016-08-30,,9.0,46.72,G,04334123,12300,4210014,16,15701000001,bryansk,3200,0.0,0.0,34.3128787,53.3030304,street,0.0
3257045432,1.0,none,1.0,0.0,1.0,,,,,,,,,,,,4746.0,,,,,4746.0,,,4746.0,,,,,,,,,,,,,0.0,,0.0,,,,4746.0,4746.0,,,,,,,,,,,,,,,,,,,,,,,,,,,,,,,,,,,,,,,,,,,,,,,,,,,,,,,,,,,,,,,,,,,,,,,,,,,,,,,,,,,,,,,,,,,,,,,,,,,,,,,,,,,,,,,,,,,,,,,,,,,,,,,,,,,,,,,,,,,,,,,,,,,,,,,,,,,,,,1.0,1163256060879,2016-08-30,,9.0,46.69.30,G,04334608,12300,4210011,24,15701000001,bryansk,3200,1.0,0.0,34.3656965,53.232983,house,0.0
3257045520,1.0,none,1.0,0.0,1.0,,,,,,,,,,,,10.0,,,,,,10.0,,10.0,,,,,,,,,,,,,,,,,,,10.0,10.0,,,,,,,,,,,,,,,,,,,,,,,,,,,,,,,,,,,,,,,,,,,,,,,,,,,,,,,,,,,,,,,,,,,,,,,,,,,,,,,,,,,,,,,,,,,,,,,,,,,,,,,,,,,,,,,,,,,,,,,,,,,,,,,,,,,,,,,,,,,,,,,,,,,,,,,,,,,,,,1.0,1163256060989,2016-09-01,,9.0,43.21,F,04381696,12300,4210014,16,15701000001,bryansk,3200,1.0,0.0,34.3186354,53.2747475,street,0.0
3257045538,1.0,none,1.0,0.0,1.0,,,,,,,,,,,,10.0,,,,,10.0,,,10.0,,,,,,,,,,,,,,,,,,,10.0,10.0,,,,,,,,,,,,,,,,,,,,,,,,,,,,,,,,,,,,,,,,,,,,,,,,,,,,,,,,,,,,,,,,,,,,,,,,,,,,,,,,,,,,,,,,,,,,,,,,,,,,,,,,,,,,,,,,,,,,,,,,,,,,,,,,,,,,,,,,,,,,,,,,,,,,,,,,,,,,,,1.0,1163256061000,2016-09-01,2025-12-24,9.0,79.90,N,04379462,12300,4210014,16,15701000001,bryansk,3200,1.0,0.0,34.3186339,53.2632412,house,0.0
3257045658,1.0,none,1.0,0.0,0.0,4798.0,,,,,,3759.0,,,,1039.0,118182.0,112784.0,,1386.0,3001.0,,994.0,17.0,28698.0,10.0,,,,,,28688.0,41235.0,41235.0,,,,53047.0,,52962.0,,,85.0,122980.0,122980.0,23502.0,74864.0,-51362.0,10241.0,-10979.0,-2282.0,8205.0,,57.0,-2036.0,475.0,-532.0,6040.0,-2165.0,-2165.0,,,,,,,6040.0,,,,,,,,,,,,,,,,,,,,,,,,,,,,,,,,,,,,,,,,,,,,,,,,,,,,,,,,,,,,,,,,,,,,,,,,,,,,,,,,,,,,,,,,,,,,,,,,,,,,,,,,,,,,,,,,,,,,,,,,,,,,,,,,,,,,,,,,0.0,1163256061176,2016-09-05,,9.0,29.10,C,04415949,12300,4210014,16,15701000001,bryansk,3200,1.0,0.0,34.4342156,53.211617,house,0.0
3257045697,1.0,none,1.0,0.0,1.0,18188.0,,,,,,0.0,,18188.0,,,918.0,,,,,503.0,415.0,,18960.0,,,,,,,,,,,,,146.0,,146.0,,,,19106.0,19106.0,,6528.0,-11505.0,-4977.0,,,-4630.0,,,,476.0,-129.0,-4730.0,-100.0,,,,,,,,-4730.0,,,,,,,,,,,,,,,,,,,,,,,,,,,,,,,,,,,,,,,,,,,,,,,,,,,,,,,,,,,,,,,,,,,,,,,,,,,,,,,,,,,,,,,,,,,,,,,,,,,,,,,,,,,,,,,,,,,,,,,,,,,,,,,,,,,,,,,,1.0,1163256061220,2016-09-06,,9.0,45.20,G,04416281,12300,4210014,16,15701000001,bryansk,3200,1.0,0.0,34.3337035,53.2295898,house,0.0
3257045859,1.0,none,1.0,0.0,1.0,,,,,,,,,,,,3623.0,,,,,3310.0,313.0,,662.0,,,,,,,,508.0,508.0,,,,2453.0,,2453.0,,,,3623.0,3623.0,,6804.0,-5987.0,817.0,,,817.0,,,,,,695.0,-122.0,,,,,,,,695.0,,,,,,,,,,,,,,,,,,,,,,,,,,,,,,,,,,,,,,,,,,,,,,,,,,,,,,,,,,,,,,,,,,,,,,,,,,,,,,,,,,,,,,,,,,,,,,,,,,,,,,,,,,,,,,,,,,,,,,,,,,,,,,,,,,,,,,,,1.0,1163256061385,2016-09-09,,9.0,49.41,H,04475852,12300,4210014,16,15701000001,bryansk,3200,1.0,0.0,34.2854831,53.3076656,house,0.0
3257045915,1.0,none,1.0,0.0,0.0,46887.0,,0.0,,,,46887.0,,0.0,,0.0,75028.0,39091.0,,6.0,34974.0,838.0,6.0,113.0,35146.0,10.0,,,0.0,,0.0,35136.0,32161.0,0.0,,31476.0,685.0,54608.0,0.0,54608.0,,,,121915.0,121915.0,21049.0,118508.0,-97459.0,-8580.0,,-29629.0,6900.0,,17.0,,15847.0,-384.0,3862.0,-3038.0,0.0,,,,,,0.0,3862.0,0.0,,,,,,,,,,,,,,,,,,,,,,,,,,,,,,,,,,,,,,,,,,,,,,,,,,,,,,,,,,,,,,,,,,,,,,,,,,,,,,,,,,,,,,,,,,,,,,,,,,,,,,,,,,,,,,,,,,,,,,,,,,,,,,,,,,,,,,,0.0,1163256061495,2016-09-13,,9.0,25.11,C,04509812,12300,4210014,16,15701000001,bryansk,3200,1.0,0.0,34.4263464,53.2213108,street,0.0
3257045993,1.0,none,1.0,0.0,1.0,,,,,,,,,,,,8269.0,,,,,8169.0,100.0,,8126.0,,,,,,,,,,,,,143.0,,143.0,,,,8269.0,8269.0,,6240.0,-3353.0,2887.0,,,3102.0,,,,234.0,-19.0,2920.0,-182.0,,,,,,,,2920.0,,,,,,,,,,,,,,,,,,,,,,,,,,,,,,,,,,,,,,,,,,,,,,,,,,,,,,,,,,,,,,,,,,,,,,,,,,,,,,,,,,,,,,,,,,,,,,,,,,,,,,,,,,,,,,,,,,,,,,,,,,,,,,,,,,,,,,,,1.0,1163256061649,2016-09-16,,9.0,18.12,C,04577707,12300,4210014,16,15701000001,bryansk,3200,1.0,0.0,34.2666197,53.3092463,house,0.0
